"bsheet_item","description","year"
"SALES","Net Sales",1947
"COSTS","Costs and expenses",1947
"OPERINC","Net operating profit",1947
"OTHINCEXP","Other income or deductions - net",1947
"NIBT","Net income before Federal income taxes taxes",1947
"FEDTAXES","Provision for Federal income taxes",1947
"NIAT","Net income after Federal income taxes",1947
"DIVIDENDS","Dividends paid (cash or in kind)",1947
"TOTALCASH","Cash",1947
"GOVTSEC","U.S. Government securities",1947
"OTHSEC","Other marketable securities",1947
"TOTRECEV","Accounts and notes receivables - net",1947
"INVENTORY","Inventories",1947
"OTHCURASS","Other current assets",1947
"TOCRASSET","Total current assets",1947
"NETPPE","Property, plant, and equipment - net",1947
"OTHNCASST","Other assets including deferred charges",1947
"TOTASSET","Total assets",1947
"STBANK","Bank loans payable within 1 year",1947
"ACCTPAY","Other notes and accounts payable",1947
"FEDTAXPAY","Federal income taxes accrued",1947
"OTCURLIAB","Other current liabilities",1947
"TOCRLIAB","Total current liabilities",1947
"OTHNCLIAB","Long-term debt and other liabilities",1947
"STOCKEQ","Stockholders equity",1947
"TLIABEQUI","Total Liabilities and Stockholders’ Equity",1947
"SALES","Net Sales",1948
"COSTS","Costs and expenses",1948
"OPERINC","Net operating profit",1948
"OTHINCEXP","Other income or deductions - net",1948
"NIBT","Net income before Federal income taxes",1948
"FEDTAXES","Provision for Federal income taxes",1948
"NIAT","Net income after Federal income taxes",1948
"RETBEG","Surplus at close of preceding quarter",1948
"DIVIDENDS","Dividends paid",1948
"OTHERCRDR","Other surplus credits and charges - net",1948
"RETEND","Surplus at close of this quarter",1948
"DEPREC","Depreciation and depletion",1948
"TOTALCASH","Cash",1948
"GOVTSEC","U.S. Government securities",1948
"TOTRECEV","Accounts and notes receivables - net",1948
"INVENTORY","Inventories",1948
"OTHCURASS","Other current assets",1948
"TOCRASSET","Total current assets",1948
"NETPPE","Property, plant, and equipment - net",1948
"OTHNCASST","Other assets including deferred charges",1948
"TOTASSET","Total assets",1948
"STBANK","Bank loans payable within 1 year",1948
"ACCTPAY","Other notes and accounts payable",1948
"FEDTAXPAY","Federal income taxes accrued",1948
"OTCURLIAB","Other current liabilities",1948
"TOCRLIAB","Total current liabilities",1948
"LTBNKDEBT","Long-term debt - bank loans",1948
"LTOTHDEBT","Long-term debt - other",1948
"OTHNCLIAB","Other liabilities",1948
"OTHRES","Reserves",1948
"CAPSTOCK","Capital stock, capital surplus",1948
"RETEARN","Earned surplus and surplus reserves",1948
"SALES","Net Sales",1949
"COSTS","Costs and expenses",1949
"OPERINC","Net operating profit",1949
"OTHINCEXP","Other income or deductions - net",1949
"NIBT","Net income before taxes",1949
"FEDTAXES","Provision for Federal income taxes",1949
"NIAT","Net income after Federal income taxes",1949
"RETBEG","Surplus at close of preceding quarter",1949
"DIVIDENDS","Dividends paid",1949
"OTHERCRDR","Other surplus credits and charges - net",1949
"RETEND","Surplus at close of this quarter",1949
"DEPREC","Depreciation and depletion",1949
"TOTALCASH","Cash",1949
"GOVTSEC","U.S. Government securities",1949
"TOTRECEV","Accounts and notes receivables - net",1949
"INVENTORY","Inventories",1949
"OTHCURASS","Other current assets",1949
"TOCRASSET","Total current assets",1949
"NETPPE","Property, plant, and equipment - net",1949
"OTHNCASST","Other assets including deferred charges",1949
"TOTASSET","Total assets",1949
"STBANK","Bank loans payable within 1 year",1949
"ACCTPAY","Other notes and accounts payable",1949
"FEDTAXPAY","Federal income taxes accrued",1949
"OTCURLIAB","Other current liabilities",1949
"TOCRLIAB","Total current liabilities",1949
"LTBNKDEBT","Long-term debt - bank loans",1949
"LTOTHDEBT","Long-term debt - other",1949
"OTHNCLIAB","Other liabilities",1949
"OTHRES","Reserves",1949
"CAPSTOCK","Capital stock, capital surplus",1949
"RETEARN","Earned surplus and surplus reserves",1949
"TLIABEQUI","Total Liabilities and Stockholders’ Equity",1949
"SALES","Net Sales",1950
"COSTS","Costs and expenses",1950
"OPERINC","Net operating profit",1950
"OTHINCEXP","Other income or deductions - net",1950
"NIBT","Net income before taxes",1950
"FEDTAXES","Provision for Federal income taxes",1950
"NIAT","Net income after Federal income taxes",1950
"RETBEG","Surplus at close of preceding quarter",1950
"DIVIDENDS","Dividends paid",1950
"OTHERCRDR","Other surplus credits and charges - net",1950
"RETEND","Surplus at close of this quarter",1950
"DEPREC","Depreciation and depletion",1950
"TOTALCASH","Cash",1950
"GOVTSEC","U.S. Government securities",1950
"TOTRECEV","Accounts and notes receivables - net",1950
"INVENTORY","Inventories",1950
"OTHCURASS","Other current assets",1950
"TOCRASSET","Total current assets",1950
"NETPPE","Property, plant, and equipment - net",1950
"OTHNCASST","Other assets including deferred charges",1950
"TOTASSET","Total assets",1950
"STBANK","Bank loans payable within 1 year",1950
"ACCTPAY","Other notes and accounts payable",1950
"FEDTAXPAY","Federal income taxes accrued",1950
"OTCURLIAB","Other current liabilities",1950
"TOCRLIAB","Total current liabilities",1950
"LTBNKDEBT","Long-term debt - bank loans",1950
"LTOTHDEBT","Long-term debt - other",1950
"OTHNCLIAB","Other liabilities",1950
"OTHRES","Reserves",1950
"CAPSTOCK","Capital stock, capital surplus",1950
"RETEARN","Earned surplus and surplus reserves",1950
"TLIABEQUI","Total Liabilities and Stockholders’ Equity",1950
"SALES","Sales (net of returns, allowances, and deductions)",1951
"COSTS","Costs of goods sold",1951
"OPERINC","Gross profit from operations",1951
"OTHINCEXP","Selling, general, administrative, and other expenses",1951
"NIBT","Net profit from operations",1951
"FEDTAXES","Other income or deductions (net)",1951
"NIAT","Net profit from before Federal income and excess profits taxes",1951
"RETBEG","Provisions for Federal income and excess profits taxes",1951
"DIVIDENDS","Net profit after taxes",1951
"OTHERCRDR","Earned surplus and surplus reserves at close of preceding period",1951
"RETEND","Cash dividends charged to surplus",1951
"DEPREC","Other direct charges or credits to surplus (net)",1951
"TOTALCASH","Earned surplus and surplus reserves at end of period",1951
"GOVTSEC","Amortization of emergency facilities completed after January 1, 1950 Other depreciation and depletion Total depreciation and depletion Cash on hand and in bank U.S. Government securities, including Treasury savings notes Total cash and U.S. Government securities Receivables from U.S. Government",1951
"TOTRECEV","Other notes and accounts receivable (net) Total receivables",1951
"INVENTORY","Inventories",1951
"OTHCURASS","Other current assets",1951
"TOCRASSET","Total current assets Emergency facilities completed after January 1, 1950 Reserves for depreciation applicable to emergency facilities completed after January 1, 1950 Other property, plant, and equipment Reserves for depreciation and depletion",1951
"NETPPE","Total property, plant, and equipment (net)",1951
"OTHNCASST","Other non-current assets",1951
"TOTASSET","Total assets",1951
"STBANK","Bank loans payable within 1 year Advances and prepayments, U.S. Government",1951
"ACCTPAY","Other notes and accounts payable",1951
"FEDTAXPAY","Federal income and excess profits taxes accrued",1951
"OTCURLIAB","Other current liabilities",1951
"TOCRLIAB","Total current liabilities",1951
"LTBNKDEBT","Loans from banks due in more than one year",1951
"LTOTHDEBT","Other long-term debt",1951
"OTHNCLIAB","Other non-current liabilities",1951
"OTHRES","Total liabilities",1951
"CAPSTOCK","Reserves not reflected elsewhere",1951
"RETEARN","Capital stock, capital surplus, and minority interest",1951
"TLIABEQUI","Earned surplus and surplus reserves Total stockholders equity Total Liabilities and Stockholders’ Equity",1951
"SALES","Sales (net of returns, allowances, and discounts)",1952
"COSTS","Costs of goods sold",1952
"GROPRO","Gross profits from operations",1952
"SGAEXP","Selling, general, administrative, and other expenses",1952
"OPERINC","Net profit from operations",1952
"OTHINCEXP","Other income or deductions (net)",1952
"NIBT","Net profit before federal income taxes and excess profit taxes",1952
"FEDTAXES","Provision for Federal income taxes and excess profit taxes",1952
"NIAT","Net profit after federal income taxes and excess profit taxes",1952
"RETBEG","Earned surplus and surplus reserves at close of preceding period",1952
"DIVIDENDS","Cash dividends charged to surplus",1952
"OTHERCRDR","Other direct charges or credits to surplus (net)",1952
"RETEND","Earned surplus and surplus reserves at end of period",1952
"AMORTZ","Amortization of emergency facilities completed after January 1, 1950",1952
"OTHDEPREC","Other depreciation and depletion",1952
"DEPREC","Total depreciation and depletion",1952
"TOTALCASH","Cash on hand and in bank",1952
"GOVTSEC","U.S. Government securities, including Treasury savings notes",1952
"TOCASHSEC","Total cash and U.S. Government securities",1952
"RECUSGOVT","Receivables from U.S. Government, excluding tax credits",1952
"ACCTRECEV","Other notes and accounts receivable (net)",1952
"TOTRECEV","Total receivables",1952
"INVENTORY","Inventories",1952
"OTHCURASS","Other current assets",1952
"TOCRASSET","Total current assets",1952
"FIXASSETS","Property, plant and equipment",1952
"ACCDEPREC","Reserve for depreciation and depletion",1952
"NETPPE","Total property, plant, and equipment (net)",1952
"OTHNCASST","Other noncurrent assets",1952
"TOTASSET","Total assets",1952
"STBANK","Bank Loans payable within one year",1952
"ADVUSGOVT","Advances and prepayments by U.S. Government",1952
"ACCTPAY","Other notes and accounts payable",1952
"FEDTAXPAY","Federal income and excess profits taxes accrued",1952
"OTCURLIAB","Other current liabilities",1952
"TOCRLIAB","Total current liabilities",1952
"LTBNKDEBT","Long-term debt due in more than 1 year: Loans from banks",1952
"LTOTHDEBT","Long-term debt due in more than 1 year: Other long-term debt",1952
"OTHNCLIAB","Other noncurrent liabilities",1952
"TOTLIAB","Total liabilities",1952
"OTHRES","Reserves not reflected elsewhere",1952
"CAPSTOCK","Capital stock, capital surplus and minority interest",1952
"RETEARN","Earned surplus and surplus reserves",1952
"STHLDEQUI","Total Stockholders’ equity",1952
"TLIABEQUI","Total Liabilities and Stockholders’ Equity",1952
"NETWKCAP","Excess of  current assets over  current liabilities",1952
"SALES","Sales (net of returns, allowances, and discounts)",1953
"COSTS","Costs and expenses (net of purchase discounts)",1953
"OPERINC","Gross profit from operations",1953
"SGAEXP","Selling, General, and Administrative, and other expenses Expenses",1953
"NETPROF","Net profits from operations",1953
"OTHINCEXP","Other income or deductions (net)",1953
"NIBT","Net profit before Federal income taxes",1953
"FEDTAXES","Provision for Federal income taxes",1953
"NIAT","Net profit after taxes",1953
"RETBEG","Earned surplus and surplus reserves at beginning of period",1953
"DIVIDENDS","Cash dividends charged to surplus",1953
"OTHERCRDR","Other direct charges or credits to surplus (net)",1953
"RETEND","Earned surplus and surplus reserves at end of period",1953
"AMORTZ","Amortization of emergency facilities completed after January 1, 1950",1953
"OTHDEPREC","Other depreciation and depletion",1953
"DEPREC","Total depreciation and depletion",1953
"TOTALCASH","Cash on hand and in bank",1953
"GOVTSEC","U.S. Government securities, including Treasury savings notes",1953
"TOCASHSEC","Total cash and U.S. Government securities",1953
"RECUSGOVT","Receivables from U.S. Government, excluding tax credits",1953
"ACCTRECEV","Other notes and accounts receivable (net)",1953
"TOTRECEV","Total receivables",1953
"INVENTORY","Inventories",1953
"OTHCURASS","Other current assets",1953
"TOCRASSET","Total current assets",1953
"FIXASSETS","Property, plant and equipment",1953
"ACCDEPREC","Reserve for depreciation and depletion",1953
"NETPPE","Total property, plant, and equipment (net)",1953
"OTHNCASST","Other noncurrent assets",1953
"TOTASSET","Total assets",1953
"STBANK","Short-term loans from banks (original maturity of 1 year or less)",1953
"ADVUSGOVT","Advances and prepayments by U.S. Government",1953
"ACCTPAY","Other notes and accounts payable",1953
"FEDTAXPAY","Federal income taxes accrued",1953
"OTCURLIAB","Other current liabilities",1953
"TOCRLIAB","Total current liabilities",1953
"LTBNKDEBT","Long-term debt due in more than 1 year: Loans from banks",1953
"LTOTHDEBT","Long-term debt due in more than 1 year: Other long-term debt",1953
"OTHNCLIAB","Other noncurrent liabilities",1953
"TOTLIAB","Total liabilities",1953
"OTHRES","Reserves not reflected elsewhere",1953
"CAPSTOCK","Capital stock, capital surplus and minority interest",1953
"RETEARN","Earned surplus and surplus reserves",1953
"STHLDEQUI","Total Stockholders’ equity",1953
"TLIABEQUI","Total Liabilities and Stockholders’ Equity",1953
"NETWKCAP","Net Working Capital: Excess of total current assets over total current liabilities",1953
"SALES","Sales (net of returns, allowances, and discounts)",1954
"COSTS","Costs and expenses (net of purchase discounts)",1954
"OPERINC","Net profit from operations",1954
"OTHINCEXP","Other income or deductions (net)",1954
"NIBT","Net profit before Federal income taxes",1954
"FEDTAXES","Provision for Federal income taxes",1954
"NIAT","Net profit after taxes",1954
"DIVIDENDS","Cash dividends charged to surplus",1954
"NIRTINBUS","Net profit retained in business",1954
"RETBEG","Earned surplus and surplus reserves at beginning of period",1954
"OTHERCRDR","Other direct charges or credits to surplus (net)",1954
"RETEND","Earned surplus and surplus reserves at end of period",1954
"AMORTZ","Amortization of emergency facilities completed after January 1, 1950",1954
"OTHDEPREC","Other depreciation and depletion",1954
"DEPREC","Total depreciation and depletion",1954
"TOTALCASH","Cash on hand and in bank",1954
"GOVTSEC","U.S. Government securities, including Treasury savings notes",1954
"TOCASHSEC","Total cash and U.S. Government securities",1954
"RECUSGOVT","Receivables from U.S. Government, excluding tax credits",1954
"ACCTRECEV","Other notes and accounts receivable (net)",1954
"TOTRECEV","Total receivables",1954
"INVENTORY","Inventories",1954
"OTHCURASS","Other current assets",1954
"TOCRASSET","Total current assets",1954
"FIXASSETS","Property, plant and equipment",1954
"ACCDEPREC","Reserve for depreciation and depletion",1954
"NETPPE","Total property, plant, and equipment (net)",1954
"OTHNCASST","Other noncurrent assets",1954
"TOTASSET","Total assets",1954
"STBANK","Short-term loans from banks (original maturity of 1 year or less)",1954
"ADVUSGOVT","Advances and prepayments by U.S. Government",1954
"ACCTPAY","Other notes and accounts payable",1954
"FEDTAXPAY","Federal income taxes accrued",1954
"INSTBANKS","Installments on long term debt due in 1 year or less: Loans from banks",1954
"INSTOTHER","Installments on long-term debt due in 1 year or less: Other long-term debt",1954
"OTCURLIAB","Other current liabilities",1954
"TOCRLIAB","Total current liabilities",1954
"LTBNKDEBT","Long-term debt due in more than 1 year: Loans from banks",1954
"LTOTHDEBT","Long-term debt due in more than 1 year: Other long-term debt",1954
"OTHNCLIAB","Other noncurrent liabilities",1954
"TOTLIAB","Total liabilities",1954
"OTHRES","Reserves not reflected elsewhere",1954
"CAPSTOCK","Capital stock, capital surplus and minority interest",1954
"RETEARN","Earned surplus and surplus reserves",1954
"STHLDEQUI","Total Stockholders’ equity",1954
"TLIABEQUI","Total Liabilities and Stockholders’ Equity",1954
"NETWKCAP","Net Working Capital: Excess of total current assets over total current liabilities",1954
"SALES","Sales (net of returns, allowances, and discounts)",1955
"COSTS","Costs and expenses (net of purchase discounts)",1955
"OPERINC","Net profit from operations",1955
"OTHINCEXP","Other income or deductions (net)",1955
"NIBT","Net profit before Federal income taxes",1955
"FEDTAXES","Provision for Federal income taxes",1955
"NIAT","Net profit after taxes",1955
"DIVIDENDS","Cash dividends charged to surplus",1955
"NIRTINBUS","Net profit retained in business",1955
"RETBEG","Earned surplus and surplus reserves at beginning of period",1955
"OTHERCRDR","Other direct charges or credits to surplus (net)",1955
"RETEND","Earned surplus and surplus reserves at end of period",1955
"AMORTZ","Amortization of emergency facilities completed after January 1, 1950",1955
"OTHDEPREC","Other depreciation and depletion",1955
"DEPREC","Total depreciation and depletion",1955
"TOTALCASH","Cash on hand and in bank",1955
"GOVTSEC","U.S. Government securities, including Treasury savings notes",1955
"TOCASHSEC","Total cash and U.S. Government securities",1955
"RECUSGOVT","Receivables from U.S. Government, excluding tax credits",1955
"ACCTRECEV","Other notes and accounts receivable (net)",1955
"TOTRECEV","Total receivables",1955
"INVENTORY","Inventories",1955
"OTHCURASS","Other current assets",1955
"TOCRASSET","Total current assets",1955
"FIXASSETS","Property, plant and equipment",1955
"ACCDEPREC","Reserve for depreciation and depletion",1955
"NETPPE","Total property, plant, and equipment (net)",1955
"OTHNCASST","Other noncurrent assets",1955
"TOTASSET","Total assets",1955
"STBANK","Short-term loans from banks (original maturity of 1 year or less)",1955
"ADVUSGOVT","Advances and prepayments by U.S. Government",1955
"ACCTPAY","Other notes and accounts payable",1955
"FEDTAXPAY","Federal income taxes accrued",1955
"INSTBANKS","Installments on long term debt due in 1 year or less: Loans from banks",1955
"INSTOTHER","Installments on long-term debt due in 1 year or less: Other long-term debt",1955
"OTCURLIAB","Other current liabilities",1955
"TOCRLIAB","Total current liabilities",1955
"LTBNKDEBT","Long-term debt due in more than 1 year: Loans from banks",1955
"LTOTHDEBT","Long-term debt due in more than 1 year: Other long-term debt",1955
"OTHNCLIAB","Other noncurrent liabilities",1955
"TOTLIAB","Total liabilities",1955
"OTHRES","Reserves not reflected elsewhere",1955
"CAPSTOCK","Capital stock, capital surplus and minority interest",1955
"RETEARN","Earned surplus and surplus reserves",1955
"STHLDEQUI","Total Stockholders’ equity",1955
"TLIABEQUI","Total Liabilities and Stockholders’ Equity",1955
"NETWKCAP","Net Working Capital: Excess of total current assets over total current liabilities",1955
"SALES","Sales (net of returns, allowances, and discounts)",1956
"COSTS","Costs and expenses (net of purchase discounts)",1956
"OPERINC","Net profit from operations",1956
"OTHINCEXP","Other income or deductions (net)",1956
"NIBT","Net profit before Federal income taxes",1956
"FEDTAXES","Provision for Federal income taxes",1956
"NIAT","Net profit after taxes",1956
"DIVIDENDS","Cash dividends charged to surplus",1956
"NIRTINBUS","Net profit retained in business",1956
"RETBEG","Earned surplus and surplus reserves at beginning of period",1956
"OTHERCRDR","Other direct charges or credits to surplus (net)",1956
"RETEND","Earned surplus and surplus reserves at end of period",1956
"AMORTZ","Amortization of emergency facilities completed after January 1, 1950",1956
"DEPREC","Other Depreciation and depletion",1956
"TOTALCASH","Cash on hand and in banks",1956
"GOVTSEC","U.S. Government securities, including Treasury savings notes",1956
"TOCASHSEC","Total cash and U.S. Government securities",1956
"RECUSGOVT","Receivables from U.S. Government, excluding tax credits",1956
"ACCTRECEV","Other notes and accounts receivable (net)",1956
"TOTRECEV","Total receivables",1956
"INVENTORY","Inventories",1956
"OTHCURASS","Other current assets",1956
"TOCRASSET","Total current assets",1956
"FIXASSETS","Property, plant and equipment (net)",1956
"ACCDEPREC","Reserve for depreciation and depletion",1956
"NETPPE","Total property, plant, and equipment (net)",1956
"OTHNCASST","Other noncurrent assets",1956
"TOTASSET","Total Assets",1956
"STBANK","Short-term loans from banks (original maturity of 1 year or less)",1956
"ADVUSGOVT","Advances and prepayments by U.S. Government",1956
"ACCTPAY","Trade accounts and trade notes payable",1956
"FEDTAXPAY","Federal income taxes accrued",1956
"INSTBANKS","Installments, due in 1 year or less, on long-term debt: Loans from banks",1956
"INSTOTHER","Installments, due in 1 year or less, on long-term debt: Other long-term debt",1956
"OTCURLIAB","Other current liabilities",1956
"TOCRLIAB","Total current liabilities",1956
"LTBNKDEBT","Long-term debt, due in more than 1 year: Loans from banks",1956
"LTOTHDEBT","Long-term debt (due in more than 1 year): Other long-term debt",1956
"OTHNCLIAB","Other noncurrent liabilities",1956
"TOTLIAB","Total liabilities",1956
"OTHRES","Reserves not reflected elsewhere",1956
"CAPSTOCK","Capital stock, capital surplus and minority interest",1956
"RETEARN","Earned surplus and surplus reserves",1956
"STHLDEQUI","Stockholders’ equity",1956
"TLIABEQUI","Total Liabilities and Stockholders’ Equity",1956
"NETWKCAP","Net Working Capital: Excess of total current assets over total current liabilities",1956
"SALES","Sales (net of returns, allowances, and discounts)",1957
"COSTS","Costs and expenses (net of purchase discounts)",1957
"OPERINC","Net profit from operations",1957
"OTHINCEXP","Other income or deductions (net)",1957
"NIBT","Net profit before Federal income taxes",1957
"FEDTAXES","Provision for Federal income taxes",1957
"NIAT","Net profit after taxes",1957
"DIVIDENDS","Cash dividends charged to surplus",1957
"NIRTINBUS","Net profit retained in business",1957
"RETBEG","Earned surplus and surplus reserves at beginning of period",1957
"OTHERCRDR","Other direct charges or credits to surplus (net)",1957
"RETEND","Earned surplus and surplus reserves at end of period",1957
"AMORTZ","Amortization of emergency facilities completed after January 1, 1950",1957
"OTHDEPREC","Other depreciation and depletion",1957
"DEPREC","Total depreciation and depletion",1957
"TOTALCASH","Cash on hand and in banks",1957
"GOVTSEC","U.S. Government securities, including Treasury savings notes",1957
"TOCASHSEC","Total cash and U.S. Government securities",1957
"RECUSGOVT","Receivables from U.S. Government, excluding tax credits",1957
"ACCTRECEV","Other notes and accounts receivable (net)",1957
"TOTRECEV","Total receivables",1957
"INVENTORY","Inventories",1957
"OTHCURASS","Other current assets",1957
"TOCRASSET","Total current assets",1957
"FIXASSETS","Property, plant, and equipment",1957
"ACCDEPREC","Reserve for depreciation and depletion",1957
"NETPPE","Total property, plant, and equipment (net)",1957
"OTHNCASST","Other noncurrent assets",1957
"TOTASSET","Total assets",1957
"STBANK","Short-term loans from banks (original maturity of 1 year or less)",1957
"ADVUSGOVT","Advances and prepayments by U.S. Government",1957
"ACCTPAY","Other notes and accounts payable",1957
"FEDTAXPAY","Federal income taxes accrued",1957
"INSTBANKS","Installments, due in 1 year or less, on long-term debt: Loans from banks",1957
"INSTOTHER","Installments, due in 1 year or less, on long-term debt: Other long-term debt",1957
"OTCURLIAB","Other current liabilities",1957
"TOCRLIAB","Total current liabilities",1957
"LTBNKDEBT","Long-term debt, due in more than 1 year: Loans from banks",1957
"LTOTHDEBT","Long-term debt, due in more than 1 year: Other long-term debt",1957
"OTHNCLIAB","Other noncurrent liabilities",1957
"TOTLIAB","Total liabilities",1957
"OTHRES","Reserves not reflected elsewhere",1957
"CAPSTOCK","Capital stock, capital surplus, and minority interest",1957
"RETEARN","Earned surplus and surplus reserves",1957
"STHLDEQUI","Total stockholders' equity",1957
"TLIABEQUI","Total liabilities and stockholders’ equity",1957
"NETWKCAP","Net Working Capital: Excess of total current assets over total current liabilities",1957
"SALES","Sales (net of returns, allowances, and discounts)",1958
"COSTS","Costs and expenses (net of purchase discounts)",1958
"OPERINC","Net profit from operations",1958
"OTHINCEXP","Other income or deductions (net)",1958
"NIBT","Net profit before Federal income taxes",1958
"FEDTAXES","Provision for Federal income taxes",1958
"NIAT","Net profit after taxes",1958
"DIVIDENDS","Cash dividends charged to surplus",1958
"NIRTINBUS","Net profit retained in business",1958
"RETBEG","Earned surplus and surplus reserves at beginning of period",1958
"OTHERCRDR","Other direct charges or credits to surplus (net)",1958
"RETEND","Earned surplus and surplus reserves at end of period",1958
"DEPREC","Total Depreciation and depletion",1958
"TOTALCASH","Cash on hand and in banks",1958
"GOVTSEC","U.S. Government securities, including Treasury savings notes",1958
"TOCASHSEC","Total cash and U.S. Government securities",1958
"RECUSGOVT","Receivables from U.S. Government, excluding tax credits",1958
"ACCTRECEV","Other notes and accounts receivable (net)",1958
"TOTRECEV","Total receivables",1958
"INVENTORY","Inventories",1958
"OTHCURASS","Other current assets",1958
"TOCRASSET","Total current assets",1958
"FIXASSETS","Property, plant and equipment (net)",1958
"ACCDEPREC","Reserve for depreciation and depletion",1958
"NETPPE","Total property, plant, and equipment (net)",1958
"OTHNCASST","Other noncurrent assets",1958
"TOTASSET","Total Assets",1958
"STBANK","Short-term loans from banks (original maturity of 1 year or less)",1958
"ADVUSGOVT","Advances and prepayments by U.S. Government",1958
"ACCTPAY","Trade accounts and trade notes payable",1958
"FEDTAXPAY","Federal income taxes accrued",1958
"INSTBANKS","Installments, due in 1 year or less, on long-term debt: Loans from banks",1958
"INSTOTHER","Installments, due in 1 year or less, on long-term debt: Other long-term debt",1958
"OTCURLIAB","Other current liabilities",1958
"TOCRLIAB","Total current liabilities",1958
"LTBNKDEBT","Long-term debt, due in more than 1 year: Loans from banks",1958
"LTOTHDEBT","Long-term debt (due in more than 1 year): Other long-term debt",1958
"OTHNCLIAB","Other noncurrent liabilities",1958
"TOTLIAB","Total liabilities",1958
"OTHRES","Reserves not reflected elsewhere",1958
"CAPSTOCK","Capital stock, capital surplus and minority interest",1958
"RETEARN","Earned surplus and surplus reserves",1958
"STHLDEQUI","Stockholders’ equity",1958
"TLIABEQUI","Total Liabilities and Stockholders’ Equity",1958
"NETWKCAP","Net Working Capital: Excess of total current assets over total current liabilities",1958
"SALES","Sales (net of returns, allowances, and discounts)",1959
"COSTS","Costs and expenses (net of purchase discounts)",1959
"OPERINC","Net profit from operations",1959
"OTHINCEXP","Other income or deductions (net)",1959
"NIBT","Net profit before Federal income taxes",1959
"FEDTAXES","Provision for Federal income taxes",1959
"NIAT","Net profit after taxes",1959
"DIVIDENDS","Cash dividends charged to surplus",1959
"NIRTINBUS","Net profit retained in business",1959
"RETBEG","Earned surplus and surplus reserves at beginning of period",1959
"OTHERCRDR","Other direct charges or credits to surplus (net)",1959
"RETEND","Earned surplus and surplus reserves at end of period",1959
"DEPREC","Depreciation and depletion included above, including accelerated amortization of emergency facilities.",1959
"TOTALCASH","Cash on hand and in banks",1959
"GOVTSEC","U.S. Government securities, including Treasury savings notes",1959
"TOCASHSEC","Total cash and U.S. Government securities",1959
"RECUSGOVT","Receivables from U.S. Government, excluding tax credits",1959
"ACCTRECEV","Other notes and accounts receivable (net)",1959
"TOTRECEV","Total receivables",1959
"INVENTORY","Inventories",1959
"OTHCURASS","Other current assets",1959
"TOCRASSET","Total current assets",1959
"FIXASSETS","Property, plant and equipment (net)",1959
"ACCDEPREC","Reserve for depreciation and depletion",1959
"NETPPE","Total property, plant, and equipment (net)",1959
"OTHNCASST","Other noncurrent assets",1959
"TOTASSET","Total Assets",1959
"STBANK","Short-term loans from banks (original maturity of 1 year or less)",1959
"ADVUSGOVT","Advances and prepayments by U.S. Government",1959
"ACCTPAY","Trade accounts and trade notes payable",1959
"FEDTAXPAY","Federal income taxes accrued",1959
"INSTBANKS","Installments, due in 1 year or less, on long-term debt: Loans from banks",1959
"INSTOTHER","Installments, due in 1 year or less, on long-term debt: Other long-term debt",1959
"OTCURLIAB","Other current liabilities",1959
"TOCRLIAB","Total current liabilities",1959
"LTBNKDEBT","Long-term debt, due in more than 1 year: Loans from banks",1959
"LTOTHDEBT","Long-term debt (due in more than 1 year): Other long-term debt",1959
"OTHNCLIAB","Other noncurrent liabilities",1959
"TOTLIAB","Total liabilities",1959
"OTHRES","Reserves not reflected elsewhere",1959
"CAPSTOCK","Capital stock, capital surplus and minority interest",1959
"RETEARN","Earned surplus and surplus reserves",1959
"STHLDEQUI","Stockholders’ equity",1959
"TLIABEQUI","Total Liabilities and Stockholders’ Equity",1959
"NETWKCAP","Net Working Capital: Excess of total current assets over total current liabilities",1959
"SALES","Sales (net of returns, allowances, and discounts)",1960
"COSTS","Costs and expenses (net of purchase discounts)",1960
"OPERINC","Net profit from operations",1960
"OTHINCEXP","Other income or deductions (net)",1960
"NIBT","Net profit before Federal income taxes",1960
"FEDTAXES","Provision for Federal income taxes",1960
"NIAT","Net profit after taxes",1960
"DIVIDENDS","Cash dividends charged to surplus",1960
"NIRTINBUS","Net profit retained in business",1960
"RETBEG","Earned surplus and surplus reserves at beginning of period",1960
"OTHERCRDR","Other direct charges or credits to surplus (net)",1960
"RETEND","Earned surplus and surplus reserves at end of period",1960
"DEPREC","Depreciation and depletion included above, including accelerated amortization of emergency facilities.",1960
"TOTALCASH","Cash on hand and in banks",1960
"GOVTSEC","U.S. Government securities, including Treasury savings notes",1960
"TOCASHSEC","Total cash and U.S. Government securities",1960
"RECUSGOVT","Receivables from U.S. Government, excluding tax credits",1960
"ACCTRECEV","Other notes and accounts receivable (net)",1960
"TOTRECEV","Total receivables",1960
"INVENTORY","Inventories",1960
"OTHCURASS","Other current assets",1960
"TOCRASSET","Total current assets",1960
"FIXASSETS","Property, plant and equipment (net)",1960
"ACCDEPREC","Reserve for depreciation and depletion",1960
"NETPPE","Total property, plant, and equipment (net)",1960
"OTHNCASST","Other noncurrent assets",1960
"TOTASSET","Total Assets",1960
"STBANK","Short-term loans from banks (original maturity of 1 year or less)",1960
"ADVUSGOVT","Advances and prepayments by U.S. Government",1960
"ACCTPAY","Trade accounts and trade notes payable",1960
"FEDTAXPAY","Federal income taxes accrued",1960
"INSTBANKS","Installments, due in 1 year or less, on long-term debt: Loans from banks",1960
"INSTOTHER","Installments, due in 1 year or less, on long-term debt: Other long-term debt",1960
"OTCURLIAB","Other current liabilities",1960
"TOCRLIAB","Total current liabilities",1960
"LTBNKDEBT","Long-term debt, due in more than 1 year: Loans from banks",1960
"LTOTHDEBT","Long-term debt (due in more than 1 year): Other long-term debt",1960
"OTHNCLIAB","Other noncurrent liabilities",1960
"TOTLIAB","Total liabilities",1960
"OTHRES","Reserves not reflected elsewhere",1960
"CAPSTOCK","Capital stock, capital surplus and minority interest",1960
"RETEARN","Earned surplus and surplus reserves",1960
"STHLDEQUI","Stockholders’ equity",1960
"TLIABEQUI","Total Liabilities and Stockholders’ Equity",1960
"NETWKCAP","Net Working Capital: Excess of total current assets over total current liabilities",1960
"SALES","Sales (net of returns, allowances, and discounts)",1961
"COSTS","Costs and expenses (net of purchase discounts)",1961
"OPERINC","Net profit from operations",1961
"OTHINCEXP","Other income or deductions (net)",1961
"NIBT","Net profit before Federal income taxes",1961
"FEDTAXES","Provision for Federal income taxes",1961
"NIAT","Net profit after taxes",1961
"DIVIDENDS","Cash dividends charged to surplus",1961
"NIRTINBUS","Net profit retained in business",1961
"RETBEG","Earned surplus and surplus reserves at beginning of period",1961
"OTHERCRDR","Other direct charges or credits to surplus (net)",1961
"RETEND","Earned surplus and surplus reserves at end of period",1961
"DEPREC","Depreciation and depletion included above, including accelerated amortization of emergency facilities.",1961
"TOTALCASH","Cash on hand and in banks",1961
"GOVTSEC","U.S. Government securities, including Treasury savings notes",1961
"TOCASHSEC","Total cash and U.S. Government securities",1961
"RECUSGOVT","Receivables from U.S. Government, excluding tax credits",1961
"ACCTRECEV","Other notes and accounts receivable (net)",1961
"TOTRECEV","Total receivables",1961
"INVENTORY","Inventories",1961
"OTHCURASS","Other current assets",1961
"TOCRASSET","Total current assets",1961
"FIXASSETS","Property, plant and equipment (net)",1961
"ACCDEPREC","Reserve for depreciation and depletion",1961
"NETPPE","Total property, plant, and equipment (net)",1961
"OTHNCASST","Other noncurrent assets",1961
"TOTASSET","Total Assets",1961
"STBANK","Short-term loans from banks (original maturity of 1 year or less)",1961
"ADVUSGOVT","Advances and prepayments by U.S. Government",1961
"ACCTPAY","Trade accounts and trade notes payable",1961
"FEDTAXPAY","Federal income taxes accrued",1961
"INSTBANKS","Installments, due in 1 year or less, on long-term debt: Loans from banks",1961
"INSTOTHER","Installments, due in 1 year or less, on long-term debt: Other long-term debt",1961
"OTCURLIAB","Other current liabilities",1961
"TOCRLIAB","Total current liabilities",1961
"LTBNKDEBT","Long-term debt, due in more than 1 year: Loans from banks",1961
"LTOTHDEBT","Long-term debt (due in more than 1 year): Other long-term debt",1961
"OTHNCLIAB","Other noncurrent liabilities",1961
"TOTLIAB","Total liabilities",1961
"OTHRES","Reserves not reflected elsewhere",1961
"CAPSTOCK","Capital stock, capital surplus and minority interest",1961
"RETEARN","Earned surplus and surplus reserves",1961
"STHLDEQUI","Stockholders’ equity",1961
"TLIABEQUI","Total Liabilities and Stockholders’ Equity",1961
"NETWKCAP","Net Working Capital: Excess of total current assets over total current liabilities",1961
"SALES","Sales (net of returns, allowances, and discounts)",1962
"COSTS","Costs and expenses (net of purchase discounts)",1962
"OPERINC","Net profit from operations",1962
"OTHINCEXP","Other income or deductions (net)",1962
"NIBT","Net profit before Federal income taxes",1962
"FEDTAXES","Provision for Federal income taxes",1962
"NIAT","Net profit after taxes",1962
"DIVIDENDS","Cash dividends charged to surplus",1962
"NIRTINBUS","Net profit retained in business",1962
"RETBEG","Earned surplus and surplus reserves at beginning of period",1962
"OTHERCRDR","Other direct charges or credits to surplus (net)",1962
"RETEND","Earned surplus and surplus reserves at end of period",1962
"DEPREC","Depreciation and depletion included above, including accelerated amortization of emergency facilities.",1962
"TOTALCASH","Cash on hand and in banks",1962
"GOVTSEC","U.S. Government securities, including Treasury savings notes",1962
"TOCASHSEC","Total cash and U.S. Government securities",1962
"RECUSGOVT","Receivables from U.S. Government, excluding tax credits",1962
"ACCTRECEV","Other notes and accounts receivable (net)",1962
"TOTRECEV","Total receivables",1962
"INVENTORY","Inventories",1962
"OTHCURASS","Other current assets",1962
"TOCRASSET","Total current assets",1962
"FIXASSETS","Property, plant and equipment (net)",1962
"ACCDEPREC","Reserve for depreciation and depletion",1962
"NETPPE","Total property, plant, and equipment (net)",1962
"OTHNCASST","Other noncurrent assets",1962
"TOTASSET","Total Assets",1962
"STBANK","Short-term loans from banks (original maturity of 1 year or less)",1962
"ADVUSGOVT","Advances and prepayments by U.S. Government",1962
"ACCTPAY","Trade accounts and trade notes payable",1962
"FEDTAXPAY","Federal income taxes accrued",1962
"INSTBANKS","Installments, due in 1 year or less, on long-term debt: Loans from banks",1962
"INSTOTHER","Installments, due in 1 year or less, on long-term debt: Other long-term debt",1962
"OTCURLIAB","Other current liabilities",1962
"TOCRLIAB","Total current liabilities",1962
"LTBNKDEBT","Long-term debt, due in more than 1 year: Loans from banks",1962
"LTOTHDEBT","Long-term debt (due in more than 1 year): Other long-term debt",1962
"OTHNCLIAB","Other noncurrent liabilities",1962
"TOTLIAB","Total liabilities",1962
"OTHRES","Reserves not reflected elsewhere",1962
"CAPSTOCK","Capital stock, capital surplus and minority interest",1962
"RETEARN","Earned surplus and surplus reserves",1962
"STHLDEQUI","Stockholders’ equity",1962
"TLIABEQUI","Total Liabilities and Stockholders’ Equity",1962
"NETWKCAP","Net Working Capital: Excess of total current assets over total current liabilities",1962
"SALES","Sales (net of returns, allowances, and discounts)",1963
"COSTS","Costs and expenses (net of purchase discounts)",1963
"OPERINC","Net profit from operations",1963
"OTHINCEXP","Other income or deductions (net)",1963
"NIBT","Net profit before Federal income taxes",1963
"FEDTAXES","Provision for Federal income taxes",1963
"NIAT","Net profit after taxes",1963
"DIVIDENDS","Cash dividends charged to surplus",1963
"NIRTINBUS","Net profit retained in business",1963
"RETBEG","Earned surplus and surplus reserves at beginning of period",1963
"OTHERCRDR","Other direct charges or credits to surplus (net)",1963
"RETEND","Earned surplus and surplus reserves at end of period",1963
"DEPREC","Depreciation and depletion included above, including accelerated amortization of emergency facilities.",1963
"TOTALCASH","Cash on hand and in banks",1963
"GOVTSEC","U.S. Government securities, including Treasury savings notes",1963
"TOCASHSEC","Total cash and U.S. Government securities",1963
"RECUSGOVT","Receivables from U.S. Government, excluding tax credits",1963
"ACCTRECEV","Other notes and accounts receivable (net)",1963
"TOTRECEV","Total receivables",1963
"INVENTORY","Inventories",1963
"OTHCURASS","Other current assets",1963
"TOCRASSET","Total current assets",1963
"FIXASSETS","Property, plant and equipment (net)",1963
"ACCDEPREC","Reserve for depreciation and depletion",1963
"NETPPE","Total property, plant, and equipment (net)",1963
"OTHNCASST","Other noncurrent assets",1963
"TOTASSET","Total Assets",1963
"STBANK","Short-term loans from banks (original maturity of 1 year or less)",1963
"ADVUSGOVT","Advances and prepayments by U.S. Government",1963
"ACCTPAY","Trade accounts and trade notes payable",1963
"FEDTAXPAY","Federal income taxes accrued",1963
"INSTBANKS","Installments, due in 1 year or less, on long-term debt: Loans from banks",1963
"INSTOTHER","Installments, due in 1 year or less, on long-term debt: Other long-term debt",1963
"OTCURLIAB","Other current liabilities",1963
"TOCRLIAB","Total current liabilities",1963
"LTBNKDEBT","Long-term debt, due in more than 1 year: Loans from banks",1963
"LTOTHDEBT","Long-term debt (due in more than 1 year): Other long-term debt",1963
"OTHNCLIAB","Other noncurrent liabilities",1963
"TOTLIAB","Total liabilities",1963
"OTHRES","Reserves not reflected elsewhere",1963
"CAPSTOCK","Capital stock, capital surplus and minority interest",1963
"RETEARN","Earned surplus and surplus reserves",1963
"STHLDEQUI","Stockholders’ equity",1963
"TLIABEQUI","Total Liabilities and Stockholders’ Equity",1963
"NETWKCAP","Net Working Capital: Excess of total current assets over total current liabilities",1963
"SALES","Sales (net of returns, allowances, and discounts)",1964
"COSTS","Costs and expenses (net of purchase discounts)",1964
"OPERINC","Net profit from operations",1964
"OTHINCEXP","Other income or deductions (net)",1964
"NIBT","Net profit before Federal income taxes",1964
"FEDTAXES","Provision for Federal income taxes",1964
"NIAT","Net profit after taxes",1964
"DIVIDENDS","Cash dividends charged to surplus",1964
"NIRTINBUS","Net profit retained in business",1964
"RETBEG","Earned surplus and surplus reserves at beginning of period",1964
"OTHERCRDR","Other direct charges or credits to surplus (net)",1964
"RETEND","Earned surplus and surplus reserves at end of period",1964
"DEPREC","Depreciation and depletion included above, including accelerated amortization of emergency facilities.",1964
"TOTALCASH","Cash on hand and in banks",1964
"GOVTSEC","U.S. Government securities, including Treasury savings notes",1964
"TOCASHSEC","Total cash and U.S. Government securities",1964
"RECUSGOVT","Receivables from U.S. Government, excluding tax credits",1964
"ACCTRECEV","Other notes and accounts receivable (net)",1964
"TOTRECEV","Total receivables",1964
"INVENTORY","Inventories",1964
"OTHCURASS","Other current assets",1964
"TOCRASSET","Total current assets",1964
"FIXASSETS","Property, plant and equipment (net)",1964
"ACCDEPREC","Reserve for depreciation and depletion",1964
"NETPPE","Total property, plant, and equipment (net)",1964
"OTHNCASST","Other noncurrent assets",1964
"TOTASSET","Total Assets",1964
"STBANK","Short-term loans from banks (original maturity of 1 year or less)",1964
"ADVUSGOVT","Advances and prepayments by U.S. Government",1964
"ACCTPAY","Trade accounts and trade notes payable",1964
"FEDTAXPAY","Federal income taxes accrued",1964
"INSTBANKS","Installments, due in 1 year or less, on long-term debt: Loans from banks",1964
"INSTOTHER","Installments, due in 1 year or less, on long-term debt: Other long-term debt",1964
"OTCURLIAB","Other current liabilities",1964
"TOCRLIAB","Total current liabilities",1964
"LTBNKDEBT","Long-term debt, due in more than 1 year: Loans from banks",1964
"LTOTHDEBT","Long-term debt (due in more than 1 year): Other long-term debt",1964
"OTHNCLIAB","Other noncurrent liabilities",1964
"TOTLIAB","Total liabilities",1964
"OTHRES","Reserves not reflected elsewhere",1964
"CAPSTOCK","Capital stock, capital surplus and minority interest",1964
"RETEARN","Earned surplus and surplus reserves",1964
"STHLDEQUI","Stockholders’ equity",1964
"TLIABEQUI","Total Liabilities and Stockholders’ Equity",1964
"NETWKCAP","Net Working Capital: Excess of total current assets over total current liabilities",1964
"SALES","Sales (net of returns, allowances, and discounts)",1965
"COSTS","Costs and expenses (net of purchase discounts)",1965
"OPERINC","Net profit from operations",1965
"OTHINCEXP","Other income or deductions (net)",1965
"NIBT","Net profit before Federal income taxes",1965
"FEDTAXES","Provision for Federal income taxes",1965
"NIAT","Net profit after taxes",1965
"DIVIDENDS","Cash dividends charged to surplus",1965
"NIRTINBUS","Net profit retained in business",1965
"RETBEG","Earned surplus and surplus reserves at beginning of period",1965
"OTHERCRDR","Other direct charges or credits to surplus (net)",1965
"RETEND","Earned surplus and surplus reserves at end of period",1965
"DEPREC","Depreciation and depletion included above, including accelerated amortization of emergency facilities.",1965
"TOTALCASH","Cash on hand and in banks",1965
"GOVTSEC","U.S. Government securities, including Treasury savings notes",1965
"TOCASHSEC","Total cash and U.S. Government securities",1965
"RECUSGOVT","Receivables from U.S. Government, excluding tax credits",1965
"ACCTRECEV","Other notes and accounts receivable (net)",1965
"TOTRECEV","Total receivables",1965
"INVENTORY","Inventories",1965
"OTHCURASS","Other current assets",1965
"TOCRASSET","Total current assets",1965
"FIXASSETS","Property, plant and equipment (net)",1965
"ACCDEPREC","Reserve for depreciation and depletion",1965
"NETPPE","Total property, plant, and equipment (net)",1965
"OTHNCASST","Other noncurrent assets",1965
"TOTASSET","Total Assets",1965
"STBANK","Short-term loans from banks (original maturity of 1 year or less)",1965
"ADVUSGOVT","Advances and prepayments by U.S. Government",1965
"ACCTPAY","Trade accounts and trade notes payable",1965
"FEDTAXPAY","Federal income taxes accrued",1965
"INSTBANKS","Installments, due in 1 year or less, on long-term debt: Loans from banks",1965
"INSTOTHER","Installments, due in 1 year or less, on long-term debt: Other long-term debt",1965
"OTCURLIAB","Other current liabilities",1965
"TOCRLIAB","Total current liabilities",1965
"LTBNKDEBT","Long-term debt, due in more than 1 year: Loans from banks",1965
"LTOTHDEBT","Long-term debt (due in more than 1 year): Other long-term debt",1965
"OTHNCLIAB","Other noncurrent liabilities",1965
"TOTLIAB","Total liabilities",1965
"OTHRES","Reserves not reflected elsewhere",1965
"CAPSTOCK","Capital stock, capital surplus and minority interest",1965
"RETEARN","Earned surplus and surplus reserves",1965
"STHLDEQUI","Stockholders’ equity",1965
"TLIABEQUI","Total Liabilities and Stockholders’ Equity",1965
"NETWKCAP","Net Working Capital: Excess of total current assets over total current liabilities",1965
"SALES","Sales (net of returns, allowances, and discounts)",1966
"COSTS","Costs and expenses (net of purchase discounts)",1966
"OPERINC","Net profit from operations",1966
"OTHINCEXP","Other income or deductions (net)",1966
"NIBT","Net profit before Federal income taxes",1966
"FEDTAXES","Provision for Federal income taxes",1966
"NIAT","Net profit after taxes",1966
"DIVIDENDS","Cash dividends charged to surplus",1966
"NIRTINBUS","Net profit retained in business",1966
"RETBEG","Earned surplus and surplus reserves at beginning of period",1966
"OTHERCRDR","Other direct charges or credits to surplus (net)",1966
"RETEND","Earned surplus and surplus reserves at end of period",1966
"DEPREC","Depreciation and depletion included above, including accelerated amortization of emergency facilities.",1966
"TOTALCASH","Cash on hand and in banks",1966
"GOVTSEC","U.S. Government securities, including Treasury savings notes",1966
"TOCASHSEC","Total cash and U.S. Government securities",1966
"RECUSGOVT","Receivables from U.S. Government, excluding tax credits",1966
"ACCTRECEV","Other notes and accounts receivable (net)",1966
"TOTRECEV","Total receivables",1966
"INVENTORY","Inventories",1966
"OTHCURASS","Other current assets",1966
"TOCRASSET","Total current assets",1966
"FIXASSETS","Property, plant and equipment (net)",1966
"ACCDEPREC","Reserve for depreciation and depletion",1966
"NETPPE","Total property, plant, and equipment (net)",1966
"OTHNCASST","Other noncurrent assets",1966
"TOTASSET","Total Assets",1966
"STBANK","Short-term loans from banks (original maturity of 1 year or less)",1966
"ADVUSGOVT","Advances and prepayments by U.S. Government",1966
"ACCTPAY","Trade accounts and trade notes payable",1966
"FEDTAXPAY","Federal income taxes accrued",1966
"INSTBANKS","Installments, due in 1 year or less, on long-term debt: Loans from banks",1966
"INSTOTHER","Installments, due in 1 year or less, on long-term debt: Other long-term debt",1966
"OTCURLIAB","Other current liabilities",1966
"TOCRLIAB","Total current liabilities",1966
"LTBNKDEBT","Long-term debt, due in more than 1 year: Loans from banks",1966
"LTOTHDEBT","Long-term debt (due in more than 1 year): Other long-term debt",1966
"OTHNCLIAB","Other noncurrent liabilities",1966
"TOTLIAB","Total liabilities",1966
"OTHRES","Reserves not reflected elsewhere",1966
"CAPSTOCK","Capital stock, capital surplus and minority interest",1966
"RETEARN","Earned surplus and surplus reserves",1966
"STHLDEQUI","Stockholders’ equity",1966
"TLIABEQUI","Total Liabilities and Stockholders’ Equity",1966
"NETWKCAP","Net Working Capital: Excess of total current assets over total current liabilities",1966
"SALES","Sales (net of returns, allowances, and discounts)",1967
"COSTS","Costs and expenses (net of purchase discounts)",1967
"OPERINC","Net profit from operations",1967
"OTHINCEXP","Other income or deductions (net)",1967
"NIBT","Net profit before Federal income taxes",1967
"FEDTAXES","Provision for Federal income taxes",1967
"NIAT","Net profit after taxes",1967
"DIVIDENDS","Cash dividends charged to surplus",1967
"NIRTINBUS","Net profit retained in business",1967
"RETBEG","Earned surplus and surplus reserves at beginning of period",1967
"OTHERCRDR","Other direct charges or credits to surplus (net)",1967
"RETEND","Earned surplus and surplus reserves at end of period",1967
"DEPREC","Depreciation and depletion included above, including accelerated amortization of emergency facilities.",1967
"TOTALCASH","Cash on hand and in banks",1967
"GOVTSEC","U.S. Government securities, including Treasury savings notes",1967
"TOCASHSEC","Total cash and U.S. Government securities",1967
"RECUSGOVT","Receivables from U.S. Government, excluding tax credits",1967
"ACCTRECEV","Other notes and accounts receivable (net)",1967
"TOTRECEV","Total receivables",1967
"INVENTORY","Inventories",1967
"OTHCURASS","Other current assets",1967
"TOCRASSET","Total current assets",1967
"FIXASSETS","Property, plant and equipment (net)",1967
"ACCDEPREC","Reserve for depreciation and depletion",1967
"NETPPE","Total property, plant, and equipment (net)",1967
"OTHNCASST","Other noncurrent assets",1967
"TOTASSET","Total Assets",1967
"STBANK","Short-term loans from banks (original maturity of 1 year or less)",1967
"ADVUSGOVT","Advances and prepayments by U.S. Government",1967
"ACCTPAY","Trade accounts and trade notes payable",1967
"FEDTAXPAY","Federal income taxes accrued",1967
"INSTBANKS","Installments, due in 1 year or less, on long-term debt: Loans from banks",1967
"INSTOTHER","Installments, due in 1 year or less, on long-term debt: Other long-term debt",1967
"OTCURLIAB","Other current liabilities",1967
"TOCRLIAB","Total current liabilities",1967
"LTBNKDEBT","Long-term debt, due in more than 1 year: Loans from banks",1967
"LTOTHDEBT","Long-term debt (due in more than 1 year): Other long-term debt",1967
"OTHNCLIAB","Other noncurrent liabilities",1967
"TOTLIAB","Total liabilities",1967
"OTHRES","Reserves not reflected elsewhere",1967
"CAPSTOCK","Capital stock, capital surplus and minority interest",1967
"RETEARN","Earned surplus and surplus reserves",1967
"STHLDEQUI","Stockholders’ equity",1967
"TLIABEQUI","Total Liabilities and Stockholders’ Equity",1967
"NETWKCAP","Net Working Capital: Excess of total current assets over total current liabilities",1967
"SALES","Sales (net of returns, allowances, and discounts)",1968
"COSTS","Costs and expenses (net of purchase discounts)",1968
"OPERINC","Net profit from operations",1968
"OTHINCEXP","Other income or deductions (net)",1968
"NIBT","Net profit before Federal income taxes",1968
"FEDTAXES","Provision for Federal income taxes",1968
"NIAT","Net profit after taxes",1968
"DIVIDENDS","Cash dividends charged to surplus",1968
"NIRTINBUS","Net profit retained in business",1968
"RETBEG","Earned surplus and surplus reserves at beginning of period",1968
"OTHERCRDR","Other direct charges or credits to surplus (net)",1968
"RETEND","Earned surplus and surplus reserves at end of period",1968
"DEPREC","Depreciation and depletion included above, including accelerated amortization of emergency facilities.",1968
"TOTALCASH","Cash on hand and in banks",1968
"GOVTSEC","U.S. Government securities, including Treasury savings notes",1968
"TOCASHSEC","Total cash and U.S. Government securities",1968
"RECUSGOVT","Receivables from U.S. Government, excluding tax credits",1968
"ACCTRECEV","Other notes and accounts receivable (net)",1968
"TOTRECEV","Total receivables",1968
"INVENTORY","Inventories",1968
"OTHCURASS","Other current assets",1968
"TOCRASSET","Total current assets",1968
"FIXASSETS","Property, plant and equipment (net)",1968
"ACCDEPREC","Reserve for depreciation and depletion",1968
"NETPPE","Total property, plant, and equipment (net)",1968
"OTHNCASST","Other noncurrent assets",1968
"TOTASSET","Total Assets",1968
"STBANK","Short-term loans from banks (original maturity of 1 year or less)",1968
"ADVUSGOVT","Advances and prepayments by U.S. Government",1968
"ACCTPAY","Trade accounts and trade notes payable",1968
"FEDTAXPAY","Federal income taxes accrued",1968
"INSTBANKS","Installments, due in 1 year or less, on long-term debt: Loans from banks",1968
"INSTOTHER","Installments, due in 1 year or less, on long-term debt: Other long-term debt",1968
"OTCURLIAB","Other current liabilities",1968
"TOCRLIAB","Total current liabilities",1968
"LTBNKDEBT","Long-term debt, due in more than 1 year: Loans from banks",1968
"LTOTHDEBT","Long-term debt (due in more than 1 year): Other long-term debt",1968
"OTHNCLIAB","Other noncurrent liabilities",1968
"TOTLIAB","Total liabilities",1968
"OTHRES","Reserves not reflected elsewhere",1968
"CAPSTOCK","Capital stock, capital surplus and minority interest",1968
"RETEARN","Earned surplus and surplus reserves",1968
"STHLDEQUI","Stockholders’ equity",1968
"TLIABEQUI","Total Liabilities and Stockholders’ Equity",1968
"NETWKCAP","Net Working Capital: Excess of total current assets over total current liabilities",1968
"SALES","Sales (net of returns, allowances, and discounts)",1969
"COSTS","Costs and expenses (net of purchase discounts)",1969
"OPERINC","Net profit from operations",1969
"OTHINCEXP","Other income or deductions (net)",1969
"NIBT","Net profit before Federal income taxes",1969
"FEDTAXES","Provision for Federal income taxes",1969
"NIAT","Net profit after taxes",1969
"DIVIDENDS","Cash dividends charged to surplus",1969
"NIRTINBUS","Net profit retained in business",1969
"RETBEG","Earned surplus and surplus reserves at beginning of period",1969
"OTHERCRDR","Other direct charges or credits to surplus (net)",1969
"RETEND","Earned surplus and surplus reserves at end of period",1969
"DEPREC","Depreciation and depletion included above, including accelerated amortization of emergency facilities.",1969
"TOTALCASH","Cash on hand and in banks",1969
"GOVTSEC","U.S. Government securities, including Treasury savings notes",1969
"TOCASHSEC","Total cash and U.S. Government securities",1969
"RECUSGOVT","Receivables from U.S. Government, excluding tax credits",1969
"ACCTRECEV","Other notes and accounts receivable (net)",1969
"TOTRECEV","Total receivables",1969
"INVENTORY","Inventories",1969
"OTHCURASS","Other current assets",1969
"TOCRASSET","Total current assets",1969
"FIXASSETS","Property, plant and equipment (net)",1969
"ACCDEPREC","Reserve for depreciation and depletion",1969
"NETPPE","Total property, plant, and equipment (net)",1969
"OTHNCASST","Other noncurrent assets",1969
"TOTASSET","Total Assets",1969
"STBANK","Short-term loans from banks (original maturity of 1 year or less)",1969
"ADVUSGOVT","Advances and prepayments by U.S. Government",1969
"ACCTPAY","Trade accounts and trade notes payable",1969
"FEDTAXPAY","Federal income taxes accrued",1969
"INSTBANKS","Installments, due in 1 year or less, on long-term debt: Loans from banks",1969
"INSTOTHER","Installments, due in 1 year or less, on long-term debt: Other long-term debt",1969
"OTCURLIAB","Other current liabilities",1969
"TOCRLIAB","Total current liabilities",1969
"LTBNKDEBT","Long-term debt, due in more than 1 year: Loans from banks",1969
"LTOTHDEBT","Long-term debt (due in more than 1 year): Other long-term debt",1969
"OTHNCLIAB","Other noncurrent liabilities",1969
"TOTLIAB","Total liabilities",1969
"OTHRES","Reserves not reflected elsewhere",1969
"CAPSTOCK","Capital stock, capital surplus and minority interest",1969
"RETEARN","Earned surplus and surplus reserves",1969
"STHLDEQUI","Stockholders’ equity",1969
"TLIABEQUI","Total Liabilities and Stockholders’ Equity",1969
"NETWKCAP","Net Working Capital: Excess of total current assets over total current liabilities",1969
"SALES","Sales (net of returns, allowances, and discounts)",1970
"COSTS","Costs and expenses (net of purchase discounts)",1970
"OPERINC","Net profit from operations",1970
"OTHINCEXP","Other income or deductions (net)",1970
"NIBT","Net profit before Federal income taxes",1970
"FEDTAXES","Provision for Federal income taxes",1970
"NIAT","Net profit after taxes",1970
"DIVIDENDS","Cash dividends charged to surplus",1970
"NIRTINBUS","Net profit retained in business",1970
"RETBEG","Earned surplus and surplus reserves at beginning of period",1970
"OTHERCRDR","Other direct charges or credits to surplus (net)",1970
"RETEND","Earned surplus and surplus reserves at end of period",1970
"DEPREC","Depreciation and depletion included above, including accelerated amortization of emergency facilities.",1970
"TOTALCASH","Cash on hand and in banks",1970
"GOVTSEC","U.S. Government securities, including Treasury savings notes",1970
"TOCASHSEC","Total cash and U.S. Government securities",1970
"RECUSGOVT","Receivables from U.S. Government, excluding tax credits",1970
"ACCTRECEV","Other notes and accounts receivable (net)",1970
"TOTRECEV","Total receivables",1970
"INVENTORY","Inventories",1970
"OTHCURASS","Other current assets",1970
"TOCRASSET","Total current assets",1970
"FIXASSETS","Property, plant and equipment (net)",1970
"ACCDEPREC","Reserve for depreciation and depletion",1970
"NETPPE","Total property, plant, and equipment (net)",1970
"OTHNCASST","Other noncurrent assets",1970
"TOTASSET","Total Assets",1970
"STBANK","Short-term loans from banks (original maturity of 1 year or less)",1970
"ADVUSGOVT","Advances and prepayments by U.S. Government",1970
"ACCTPAY","Trade accounts and trade notes payable",1970
"FEDTAXPAY","Federal income taxes accrued",1970
"INSTBANKS","Installments, due in 1 year or less, on long-term debt: Loans from banks",1970
"INSTOTHER","Installments, due in 1 year or less, on long-term debt: Other long-term debt",1970
"OTCURLIAB","Other current liabilities",1970
"TOCRLIAB","Total current liabilities",1970
"LTBNKDEBT","Long-term debt, due in more than 1 year: Loans from banks",1970
"LTOTHDEBT","Long-term debt (due in more than 1 year): Other long-term debt",1970
"OTHNCLIAB","Other noncurrent liabilities",1970
"TOTLIAB","Total liabilities",1970
"OTHRES","Reserves not reflected elsewhere",1970
"CAPSTOCK","Capital stock, capital surplus and minority interest",1970
"RETEARN","Earned surplus and surplus reserves",1970
"STHLDEQUI","Stockholders’ equity",1970
"TLIABEQUI","Total Liabilities and Stockholders’ Equity",1970
"NETWKCAP","Net Working Capital: Excess of total current assets over total current liabilities",1970
"SALES","Sales (net of returns, allowances, and discounts)",1971
"COSTS","Costs and expenses (net of purchase discounts)",1971
"OPERINC","Net profit from operations",1971
"OTHINCEXP","Other income or deductions (net)",1971
"NIBT","Net profit before Federal income taxes",1971
"FEDTAXES","Provision for Federal income taxes",1971
"NIAT","Net profit after taxes",1971
"DIVIDENDS","Cash dividends charged to surplus",1971
"NIRTINBUS","Net profit retained in business",1971
"RETBEG","Earned surplus and surplus reserves at beginning of period",1971
"OTHERCRDR","Other direct charges or credits to surplus (net)",1971
"RETEND","Earned surplus and surplus reserves at end of period",1971
"DEPREC","Depreciation and depletion included above, including accelerated amortization of emergency facilities.",1971
"TOTALCASH","Cash on hand and in banks",1971
"GOVTSEC","U.S. Government securities, including Treasury savings notes",1971
"TOCASHSEC","Total cash and U.S. Government securities",1971
"RECUSGOVT","Receivables from U.S. Government, excluding tax credits",1971
"ACCTRECEV","Other notes and accounts receivable (net)",1971
"TOTRECEV","Total receivables",1971
"INVENTORY","Inventories",1971
"OTHCURASS","Other current assets",1971
"TOCRASSET","Total current assets",1971
"FIXASSETS","Property, plant and equipment (net)",1971
"ACCDEPREC","Reserve for depreciation and depletion",1971
"NETPPE","Total property, plant, and equipment (net)",1971
"OTHNCASST","Other noncurrent assets",1971
"TOTASSET","Total Assets",1971
"STBANK","Short-term loans from banks (original maturity of 1 year or less)",1971
"ADVUSGOVT","Advances and prepayments by U.S. Government",1971
"ACCTPAY","Trade accounts and trade notes payable",1971
"FEDTAXPAY","Federal income taxes accrued",1971
"INSTBANKS","Installments, due in 1 year or less, on long-term debt: Loans from banks",1971
"INSTOTHER","Installments, due in 1 year or less, on long-term debt: Other long-term debt",1971
"OTCURLIAB","Other current liabilities",1971
"TOCRLIAB","Total current liabilities",1971
"LTBNKDEBT","Long-term debt, due in more than 1 year: Loans from banks",1971
"LTOTHDEBT","Long-term debt (due in more than 1 year): Other long-term debt",1971
"OTHNCLIAB","Other noncurrent liabilities",1971
"TOTLIAB","Total liabilities",1971
"OTHRES","Reserves not reflected elsewhere",1971
"CAPSTOCK","Capital stock, capital surplus and minority interest",1971
"RETEARN","Earned surplus and surplus reserves",1971
"STHLDEQUI","Stockholders’ equity",1971
"TLIABEQUI","Total Liabilities and Stockholders’ Equity",1971
"NETWKCAP","Net Working Capital: Excess of total current assets over total current liabilities",1971
"SALES","Sales (net of returns, allowances, and discounts)",1972
"COSTS","Costs and expenses (net of purchase discounts)",1972
"OPERINC","Net profit from operations",1972
"OTHINCEXP","Other income or deductions (net)",1972
"NIBT","Net profit before Federal income taxes",1972
"FEDTAXES","Provision for Federal income taxes",1972
"NIAT","Net profit after taxes",1972
"DIVIDENDS","Cash dividends charged to surplus",1972
"NIRTINBUS","Net profit retained in business",1972
"RETBEG","Earned surplus and surplus reserves at beginning of period",1972
"OTHERCRDR","Other direct charges or credits to surplus (net)",1972
"RETEND","Earned surplus and surplus reserves at end of period",1972
"DEPREC","Depreciation and depletion included above, including accelerated amortization of emergency facilities.",1972
"TOTALCASH","Cash on hand and in banks",1972
"GOVTSEC","U.S. Government securities, including Treasury savings notes",1972
"TOCASHSEC","Total cash and U.S. Government securities",1972
"RECUSGOVT","Receivables from U.S. Government, excluding tax credits",1972
"ACCTRECEV","Other notes and accounts receivable (net)",1972
"TOTRECEV","Total receivables",1972
"INVENTORY","Inventories",1972
"OTHCURASS","Other current assets",1972
"TOCRASSET","Total current assets",1972
"FIXASSETS","Property, plant and equipment (net)",1972
"ACCDEPREC","Reserve for depreciation and depletion",1972
"NETPPE","Total property, plant, and equipment (net)",1972
"OTHNCASST","Other noncurrent assets",1972
"TOTASSET","Total Assets",1972
"STBANK","Short-term loans from banks (original maturity of 1 year or less)",1972
"ADVUSGOVT","Advances and prepayments by U.S. Government",1972
"ACCTPAY","Trade accounts and trade notes payable",1972
"FEDTAXPAY","Federal income taxes accrued",1972
"INSTBANKS","Installments, due in 1 year or less, on long-term debt: Loans from banks",1972
"INSTOTHER","Installments, due in 1 year or less, on long-term debt: Other long-term debt",1972
"OTCURLIAB","Other current liabilities",1972
"TOCRLIAB","Total current liabilities",1972
"LTBNKDEBT","Long-term debt, due in more than 1 year: Loans from banks",1972
"LTOTHDEBT","Long-term debt (due in more than 1 year): Other long-term debt",1972
"OTHNCLIAB","Other noncurrent liabilities",1972
"TOTLIAB","Total liabilities",1972
"OTHRES","Reserves not reflected elsewhere",1972
"CAPSTOCK","Capital stock, capital surplus and minority interest",1972
"RETEARN","Earned surplus and surplus reserves",1972
"STHLDEQUI","Stockholders’ equity",1972
"TLIABEQUI","Total Liabilities and Stockholders’ Equity",1972
"NETWKCAP","Net Working Capital: Excess of total current assets over total current liabilities",1972
"SALES","Sales (net of returns, allowances, and discounts)",1973
"COSTS","Costs and expenses (net of purchase discounts)",1973
"OPERINC","Net profit from operations",1973
"OTHINCEXP","Other income or deductions (net)",1973
"NIBT","Net profit before Federal income taxes",1973
"FEDTAXES","Provision for Federal income taxes",1973
"NIAT","Net profit after taxes",1973
"DIVIDENDS","Cash dividends charged to surplus",1973
"NIRTINBUS","Net profit retained in business",1973
"RETBEG","Earned surplus and surplus reserves at beginning of period",1973
"OTHERCRDR","Other direct charges or credits to surplus (net)",1973
"RETEND","Earned surplus and surplus reserves at end of period",1973
"DEPREC","Depreciation and depletion included above, including accelerated amortization of emergency facilities.",1973
"TOTALCASH","Cash on hand and in banks",1973
"GOVTSEC","U.S. Government securities, including Treasury savings notes",1973
"TOCASHSEC","Total cash and U.S. Government securities",1973
"RECUSGOVT","Receivables from U.S. Government, excluding tax credits",1973
"ACCTRECEV","Other notes and accounts receivable (net)",1973
"TOTRECEV","Total receivables",1973
"INVENTORY","Inventories",1973
"OTHCURASS","Other current assets",1973
"TOCRASSET","Total current assets",1973
"FIXASSETS","Property, plant and equipment (net)",1973
"ACCDEPREC","Reserve for depreciation and depletion",1973
"NETPPE","Total property, plant, and equipment (net)",1973
"OTHNCASST","Other noncurrent assets",1973
"TOTASSET","Total Assets",1973
"STBANK","Short-term loans from banks (original maturity of 1 year or less)",1973
"ADVUSGOVT","Advances and prepayments by U.S. Government",1973
"ACCTPAY","Trade accounts and trade notes payable",1973
"FEDTAXPAY","Federal income taxes accrued",1973
"INSTBANKS","Installments, due in 1 year or less, on long-term debt: Loans from banks",1973
"INSTOTHER","Installments, due in 1 year or less, on long-term debt: Other long-term debt",1973
"OTCURLIAB","Other current liabilities",1973
"TOCRLIAB","Total current liabilities",1973
"LTBNKDEBT","Long-term debt, due in more than 1 year: Loans from banks",1973
"LTOTHDEBT","Long-term debt (due in more than 1 year): Other long-term debt",1973
"OTHNCLIAB","Other noncurrent liabilities",1973
"TOTLIAB","Total liabilities",1973
"OTHRES","Reserves not reflected elsewhere",1973
"CAPSTOCK","Capital stock, capital surplus and minority interest",1973
"RETEARN","Earned surplus and surplus reserves",1973
"STHLDEQUI","Stockholders’ equity",1973
"TLIABEQUI","Total Liabilities and Stockholders’ Equity",1973
"NETWKCAP","Net Working Capital: Excess of total current assets over total current liabilities",1973
"SALES","Sales, receipts, and operating revenues (net of returns and allowances), including excise and sales taxes",1974
"EXCISESALESTAX","Excise and sales taxes included above",1974
"NETSALES","Net sales, receipts, and operating revenues",1974
"DEPREC","Depreciation, depletion, and amortization of property, plant, and equipment",1974
"OTHERCOST","All other operating costs and expenses (net of purchase discounts)",1974
"OPERINC","Income (or loss) from operations",1974
"OTHNOPINC","Non-operating income (dividends, interest, rent, royalties, etc.)",1974
"OTHNOPEXP","Non-operating expenses (interest,etc.)",1974
"NIBT","Income (or loss) before income taxes and extraordinary items",1974
"EQUITYINC","Net income (or loss) of foreign branches and equity in earnings (or losses) of domestic and foreign nonconsolidated subsidiaries and other investments accounted for by the equity method, net of foreign taxes ¹",1974
"FEDTAXES","Provision for current and deferred domestic income taxes: Federal ²",1974
"OTHERTAX","Provision for current and deferred domestic income taxes: Other ¹",1974
"NIAT","Income (or loss) after income taxes",1974
"EXTRAORDGAIN","Extraordinary gains (net of taxes)",1974
"EXTRAORDLOSS","Extraordinary losses (net of taxes)",1974
"MINORITYINT","Minority stockholders' interests in income (or loss) of consolidated corporations",1974
"NIQUARTER","Net income (or loss) for quarter ¹",1974
"DIVIDENDS","Cash dividends charged to retained earnings in current quarter",1974
"NIRTINBUS","Net income retained in business",1974
"RETBEG","Retained earnings at beginning of quarter",1974
"OTHERCRDR","Other direct credits (or charges) to retained earnings (net), including stock and other non-cash dividends, etc.",1974
"RETEND","Retained earnings at end of quarter",1974
"CASH","Cash and demand deposits in the U.S.",1974
"TIMEDEP","Time deposits in the U.S., including negotiable certificates of deposit",1974
"DEPOUTUS","Deposits outside the U.S. ¹",1974
"TOTALCASH","Cash on hand and in banks ²",1974
"TREASSEC1","U.S. Treasury securities: Subject to agreements to sell ¹",1974
"TREASSEC2","U.S. Treasury securities: Other, due in 1 year or less ¹",1974
"TREASSEC3","U.S. Treasury securities: Other, due in more than 1 year",1974
"FEDAGSEC1","Federal agency securities: Subject to agreements to sell ¹",1974
"FEDAGSEC2","Federal agency securities: Other, due in 1 year or less ¹",1974
"FEDAGSEC3","Federal agency securities: Other, due in more than 1 year",1974
"COMMPAPER","Commercial and finance company paper of U.S. issuers ¹",1974
"STATESEC","State and local government securities, due in 1 year or less ¹",1974
"FOREGNSEC","Foreign securities, due in 1 year or less ¹",1974
"OTHSTINV","Other short-term financial investments, including bankers' acceptances",1974
"TOCASHSEC","Total cash, U.S. Government and other securities",1974
"RECUSGOVT","Trade receivables from U.S. Government ¹",1974
"ACCTRECEV","Other trade accounts and trade notes receivable (less allowance for doubtful receivables) ²",1974
"TOTRECEV","Total receivables ¹",1974
"INVENTORY","Inventories",1974
"OTHCURASS","Current assets not elsewhere specified",1974
"TOCRASSET","Total current assets",1974
"FIXASSETS","Depreciable and amortizable fixed assets, incl. construction in progress",1974
"LAND","Land and mineral rights",1974
"ACCDEPREC","Accumulated depreciation, depletion, and amortization",1974
"NETPPE","Net property, plant, and equipment",1974
"OTHNCASST","Noncurrent assets not elsewhere specified, including investment in nonconsolidated entities, long-term investments, intangibles, etc.",1974
"TOTASSET","Total Assets",1974
"STBANK","Short-term debt, original maturity 1 year or less: Loans from banks",1974
"COMPAPER","Short-term debt, original maturity 1 year or less: Commercial paper ¹",1974
"STDEBTOTH","Short-term debt, original maturity 1 year or less: Other short-term loans ²",1974
"ADVUSGOVT","Advances and prepayments by U.S. Government ¹",1974
"ACCTPAY","Trade accounts and trade notes payable",1974
"FEDTAXPAY","Income taxes accrued, prior and current years, net of payments: Federal ¹",1974
"OTHTAXPAY","Income taxes accrued, prior and current years, net of payments: Other ²",1974
"INSTBANKS","Installments, due in 1 year or less, on long-term debt: Loans from banks",1974
"INSTOTHER","Installments, due in 1 year or less, on long-term debt: Other long-term debt",1974
"OTCURLIAB","Current liabilities not elsewhere specified, including excise and sales taxes, and accrued expenses",1974
"TOCRLIAB","Total current liabilities",1974
"LTBNKDEBT","Long-term debt, due in more than 1 year: Loans from banks",1974
"LTOTHDEBT","Long-term debt (due in more than 1 year): Other long-term loans",1974
"OTHNCLIAB","Non-current liabilities not elsewhere specified, including deferred income taxes",1974
"MINORITYSTKINT","Minority stockholders' interest in consolidated domestic corporations",1974
"TOTLIAB","Total liabilities",1974
"CAPSTOCK","Capital stock and other capital ²",1974
"RETEARN","Retained earnings",1974
"TREASSTK","Treasury stock, at cost ¹",1974
"STHLDEQUI","Stockholders’ equity",1974
"TLIABEQUI","Total Liabilities and Stockholders’ Equity",1974
"NETWKCAP","Net Working Capital: Excess of  current assets over  current liabilities",1974
"SALES","Sales, receipts, and operating revenues (net of returns and allowances), including excise and sales taxes",1975
"EXCISESALESTAX","Excise and sales taxes included above",1975
"NETSALES","Net sales, receipts, and operating revenues",1975
"DEPREC","Depreciation, depletion, and amortization of property, plant, and equipment",1975
"OTHERCOST","All other operating costs and expenses (net of purchase discounts)",1975
"OPERINC","Income (or loss) from operations",1975
"OTHNOPINC","Non-operating income (dividends, interest, rent, royalties, etc.)",1975
"OTHNOPEXP","Non-operating expenses (interest,etc.)",1975
"NIBT","Income (or loss) before income taxes and extraordinary items",1975
"EQUITYINC","Net income (or loss) of foreign branches and equity in earnings (or losses) of domestic and foreign nonconsolidated subsidiaries and other investments accounted for by the equity method, net of foreign taxes ¹",1975
"FEDTAXES","Provision for current and deferred domestic income taxes: Federal ²",1975
"OTHERTAX","Provision for current and deferred domestic income taxes: Other ¹",1975
"NIAT","Income (or loss) after income taxes",1975
"EXTRAORDGAIN","Extraordinary gains (net of taxes)",1975
"EXTRAORDLOSS","Extraordinary losses (net of taxes)",1975
"MINORITYINT","Minority stockholders' interests in income (or loss) of consolidated corporations",1975
"NIQUARTER","Net income (or loss) for quarter ¹",1975
"DIVIDENDS","Cash dividends charged to retained earnings in current quarter",1975
"NIRTINBUS","Net income retained in business",1975
"RETBEG","Retained earnings at beginning of quarter",1975
"OTHERCRDR","Other direct credits (or charges) to retained earnings (net), including stock and other non-cash dividends, etc.",1975
"RETEND","Retained earnings at end of quarter",1975
"CASH","Cash and demand deposits in the U.S.",1975
"TIMEDEP","Time deposits in the U.S., including negotiable certificates of deposit",1975
"DEPOUTUS","Deposits outside the U.S. ¹",1975
"TOTALCASH","Cash on hand and in banks ²",1975
"TREASSEC1","U.S. Treasury securities: Subject to agreements to sell ¹",1975
"TREASSEC2","U.S. Treasury securities: Other, due in 1 year or less ¹",1975
"TREASSEC3","U.S. Treasury securities: Other, due in more than 1 year",1975
"FEDAGSEC1","Federal agency securities: Subject to agreements to sell ¹",1975
"FEDAGSEC2","Federal agency securities: Other, due in 1 year or less ¹",1975
"FEDAGSEC3","Federal agency securities: Other, due in more than 1 year",1975
"COMMPAPER","Commercial and finance company paper of U.S. issuers ¹",1975
"STATESEC","State and local government securities, due in 1 year or less ¹",1975
"FOREGNSEC","Foreign securities, due in 1 year or less ¹",1975
"OTHSTINV","Other short-term financial investments, including bankers' acceptances",1975
"TOCASHSEC","Total cash, U.S. Government and other securities",1975
"RECUSGOVT","Trade receivables from U.S. Government ¹",1975
"ACCTRECEV","Other trade accounts and trade notes receivable (less allowance for doubtful receivables) ²",1975
"TOTRECEV","Total receivables ¹",1975
"INVENTORY","Inventories",1975
"OTHCURASS","Current assets not elsewhere specified",1975
"TOCRASSET","Total current assets",1975
"FIXASSETS","Depreciable and amortizable fixed assets, incl. construction in progress",1975
"LAND","Land and mineral rights",1975
"ACCDEPREC","Accumulated depreciation, depletion, and amortization",1975
"NETPPE","Net property, plant, and equipment",1975
"OTHNCASST","Noncurrent assets not elsewhere specified, including investment in nonconsolidated entities, long-term investments, intangibles, etc.",1975
"TOTASSET","Total Assets",1975
"STBANK","Short-term debt, original maturity 1 year or less: Loans from banks",1975
"COMPAPER","Short-term debt, original maturity 1 year or less: Commercial paper ¹",1975
"STDEBTOTH","Short-term debt, original maturity 1 year or less: Other short-term loans ²",1975
"ADVUSGOVT","Advances and prepayments by U.S. Government ¹",1975
"ACCTPAY","Trade accounts and trade notes payable",1975
"FEDTAXPAY","Income taxes accrued, prior and current years, net of payments: Federal ¹",1975
"OTHTAXPAY","Income taxes accrued, prior and current years, net of payments: Other ²",1975
"INSTBANKS","Installments, due in 1 year or less, on long-term debt: Loans from banks",1975
"INSTOTHER","Installments, due in 1 year or less, on long-term debt: Other long-term debt",1975
"OTCURLIAB","Current liabilities not elsewhere specified, including excise and sales taxes, and accrued expenses",1975
"TOCRLIAB","Total current liabilities",1975
"LTBNKDEBT","Long-term debt, due in more than 1 year: Loans from banks",1975
"LTOTHDEBT","Long-term debt (due in more than 1 year): Other long-term loans",1975
"OTHNCLIAB","Non-current liabilities not elsewhere specified, including deferred income taxes",1975
"MINORITYSTKINT","Minority stockholders' interest in consolidated domestic corporations",1975
"TOTLIAB","Total liabilities",1975
"CAPSTOCK","Capital stock and other capital ²",1975
"RETEARN","Retained earnings",1975
"TREASSTK","Treasury stock, at cost ¹",1975
"STHLDEQUI","Stockholders’ equity",1975
"TLIABEQUI","Total Liabilities and Stockholders’ Equity",1975
"NETWKCAP","Net Working Capital: Excess of  current assets over  current liabilities",1975
"SALES","Sales, receipts, and operating revenues (net of returns and allowances), including excise and sales taxes",1976
"EXCISESALESTAX","Excise and sales taxes included above",1976
"NETSALES","Net sales, receipts, and operating revenues",1976
"DEPREC","Depreciation, depletion, and amortization of property, plant, and equipment",1976
"OTHERCOST","All other operating costs and expenses (net of purchase discounts)",1976
"OPERINC","Income (or loss) from operations",1976
"OTHNOPINC","Non-operating income (dividends, interest, rent, royalties, etc.)",1976
"OTHNOPEXP","Non-operating expenses (interest,etc.)",1976
"NIBT","Income (or loss) before income taxes and extraordinary items",1976
"EQUITYINC","Net income (or loss) of foreign branches and equity in earnings (or losses) of domestic and foreign nonconsolidated subsidiaries and other investments accounted for by the equity method, net of foreign taxes ¹",1976
"FEDTAXES","Provision for current and deferred domestic income taxes: Federal ²",1976
"OTHERTAX","Provision for current and deferred domestic income taxes: Other ¹",1976
"NIAT","Income (or loss) after income taxes",1976
"EXTRAORDGAIN","Extraordinary gains (net of taxes)",1976
"EXTRAORDLOSS","Extraordinary losses (net of taxes)",1976
"MINORITYINT","Minority stockholders' interests in income (or loss) of consolidated corporations",1976
"NIQUARTER","Net income (or loss) for quarter ¹",1976
"DIVIDENDS","Cash dividends charged to retained earnings in current quarter",1976
"NIRTINBUS","Net income retained in business",1976
"RETBEG","Retained earnings at beginning of quarter",1976
"OTHERCRDR","Other direct credits (or charges) to retained earnings (net), including stock and other non-cash dividends, etc.",1976
"RETEND","Retained earnings at end of quarter",1976
"CASH","Cash and demand deposits in the U.S.",1976
"TIMEDEP","Time deposits in the U.S., including negotiable certificates of deposit",1976
"DEPOUTUS","Deposits outside the U.S. ¹",1976
"TOTALCASH","Cash on hand and in banks ²",1976
"TREASSEC1","U.S. Treasury securities: Subject to agreements to sell ¹",1976
"TREASSEC2","U.S. Treasury securities: Other, due in 1 year or less ¹",1976
"TREASSEC3","U.S. Treasury securities: Other, due in more than 1 year",1976
"FEDAGSEC1","Federal agency securities: Subject to agreements to sell ¹",1976
"FEDAGSEC2","Federal agency securities: Other, due in 1 year or less ¹",1976
"FEDAGSEC3","Federal agency securities: Other, due in more than 1 year",1976
"COMMPAPER","Commercial and finance company paper of U.S. issuers ¹",1976
"STATESEC","State and local government securities, due in 1 year or less ¹",1976
"FOREGNSEC","Foreign securities, due in 1 year or less ¹",1976
"OTHSTINV","Other short-term financial investments, including bankers' acceptances",1976
"TOCASHSEC","Total cash, U.S. Government and other securities",1976
"RECUSGOVT","Trade receivables from U.S. Government ¹",1976
"ACCTRECEV","Other trade accounts and trade notes receivable (less allowance for doubtful receivables) ²",1976
"TOTRECEV","Total receivables ¹",1976
"INVENTORY","Inventories",1976
"OTHCURASS","Current assets not elsewhere specified",1976
"TOCRASSET","Total current assets",1976
"FIXASSETS","Depreciable and amortizable fixed assets, incl. construction in progress",1976
"LAND","Land and mineral rights",1976
"ACCDEPREC","Accumulated depreciation, depletion, and amortization",1976
"NETPPE","Net property, plant, and equipment",1976
"OTHNCASST","Noncurrent assets not elsewhere specified, including investment in nonconsolidated entities, long-term investments, intangibles, etc.",1976
"TOTASSET","Total Assets",1976
"STBANK","Short-term debt, original maturity 1 year or less: Loans from banks",1976
"COMPAPER","Short-term debt, original maturity 1 year or less: Commercial paper ¹",1976
"STDEBTOTH","Short-term debt, original maturity 1 year or less: Other short-term loans ²",1976
"ADVUSGOVT","Advances and prepayments by U.S. Government ¹",1976
"ACCTPAY","Trade accounts and trade notes payable",1976
"FEDTAXPAY","Income taxes accrued, prior and current years, net of payments: Federal ¹",1976
"OTHTAXPAY","Income taxes accrued, prior and current years, net of payments: Other ²",1976
"INSTBANKS","Installments, due in 1 year or less, on long-term debt: Loans from banks",1976
"INSTOTHER","Installments, due in 1 year or less, on long-term debt: Other long-term debt",1976
"OTCURLIAB","Current liabilities not elsewhere specified, including excise and sales taxes, and accrued expenses",1976
"TOCRLIAB","Total current liabilities",1976
"LTBNKDEBT","Long-term debt, due in more than 1 year: Loans from banks",1976
"LTOTHDEBT","Long-term debt (due in more than 1 year): Other long-term loans",1976
"OTHNCLIAB","Non-current liabilities not elsewhere specified, including deferred income taxes",1976
"MINORITYSTKINT","Minority stockholders' interest in consolidated domestic corporations",1976
"TOTLIAB","Total liabilities",1976
"CAPSTOCK","Capital stock and other capital ²",1976
"RETEARN","Retained earnings",1976
"TREASSTK","Treasury stock, at cost ¹",1976
"STHLDEQUI","Stockholders’ equity",1976
"TLIABEQUI","Total Liabilities and Stockholders’ Equity",1976
"NETWKCAP","Net Working Capital: Excess of  current assets over  current liabilities",1976
"SALES","Sales, receipts, and operating revenues (net of returns and allowances), including excise and sales taxes",1977
"EXCISESALESTAX","Excise and sales taxes included above",1977
"NETSALES","Net sales, receipts, and operating revenues",1977
"DEPREC","Depreciation, depletion, and amortization of property, plant, and equipment",1977
"OTHERCOST","All other operating costs and expenses (net of purchase discounts)",1977
"OPERINC","Income (or loss) from operations",1977
"OTHNOPINC","Non-operating income (dividends, interest, rent, royalties, etc.)",1977
"OTHNOPEXP","Non-operating expenses (interest,etc.)",1977
"NIBT","Income (or loss) before income taxes and extraordinary items",1977
"EQUITYINC","Net income (or loss) of foreign branches and equity in earnings (losses) of domestic and foreign nonconsolidated entities and other investments accounted for by the equity method, net of foreign taxes ¹",1977
"FEDTAXES","Provision for current and deferred domestic income taxes: Federal ²",1977
"OTHERTAX","Provision for current and deferred domestic income taxes: Other ¹",1977
"NIAT","Income (or loss) after income taxes",1977
"EXTRAORDGAIN","Extraordinary gains (net of taxes)",1977
"EXTRAORDLOSS","Extraordinary losses (net of taxes)",1977
"MINORITYINT","Minority stockholders' interests in income (or loss) of consolidated corporations",1977
"NIQUARTER","Net income (or loss) for quarter ¹",1977
"DIVIDENDS","Cash dividends charged to retained earnings this quarter",1977
"NIRTINBUS","Net income retained in business",1977
"RETBEG","Retained earnings at beginning of quarter",1977
"OTHERCRDR","Other direct credits (charges) to retained earnings (net), including stock and other non-cash dividends, etc.",1977
"RETEND","Retained earnings at end of quarter",1977
"CASH","Cash and demand deposits in the U.S.",1977
"TIMEDEP","Time deposits in the U.S., including negotiable certificates of deposit",1977
"DEPOUTUS","Deposits outside the U.S. ¹",1977
"TOTALCASH","Total cash on hand and in banks ²",1977
"TREASSEC1","U.S. Treasury securities: Subject to agreements to sell ¹",1977
"TREASSEC2","U.S. Treasury securities: Other, due in 1 year or less ¹",1977
"TREASSEC3","U.S. Treasury securities: Other, due in more than 1 year",1977
"FEDAGSEC1","Federal agency securities: Subject to agreements to sell ¹",1977
"FEDAGSEC2","Federal agency securities: Other, due in 1 year or less ¹",1977
"FEDAGSEC3","Federal agency securities: Other, due in more than 1 year",1977
"COMMPAPER","Commercial and finance company paper of U.S. issuers ¹",1977
"STATESEC","State and local government securities, due in 1 year or less ¹",1977
"FOREGNSEC","Foreign securities, due in 1 year or less ¹",1977
"OTHSTINV","Other short-term financial investments, including bankers' acceptances",1977
"TOCASHSEC","Total cash, U.S. Government and other securities",1977
"RECUSGOVT","Trade receivables from U.S. Government ¹",1977
"ACCTRECEV","Other trade accounts and trade notes receivable (less allowance for doubtful receivables) ²",1977
"TOTRECEV","Total receivables ¹",1977
"INVENTORY","Inventories",1977
"OTHCURASS","Current assets not elsewhere specified",1977
"TOCRASSET","Total current assets",1977
"FIXASSETS","Depreciable and amortizable fixed assets, incl. construction in progress",1977
"LAND","Land and mineral rights",1977
"ACCDEPREC","Accumulated depreciation, depletion, and amortization",1977
"NETPPE","Net property, plant, and equipment",1977
"OTHNCASST","Noncurrent assets not elsewhere specified, including investment in nonconsolidated entities, long-term investments, intangibles, etc.",1977
"TOTASSET","Total Assets",1977
"STBANK","Short-term loans, original maturity 1 year or less: Loans from banks",1977
"COMPAPER","Short-term loans, original maturity 1 year or less: Commercial paper ¹",1977
"STDEBTOTH","Short-term loans, original maturity 1 year or less: Other short-term loans ²",1977
"ADVUSGOVT","Advances and prepayments by U.S. Government ¹",1977
"ACCTPAY","Trade accounts and trade notes payable",1977
"FEDTAXPAY","Income taxes accrued, prior and current years, net of payments: Federal ¹",1977
"OTHTAXPAY","Income taxes accrued, prior and current years, net of payments: Other ²",1977
"INSTBANKS","Installments, due in 1 year or less, on long-term debt: Loans from banks",1977
"INSTOTHER","Installments, due in 1 year or less, on long-term debt: Other long-term debt",1977
"OTCURLIAB","Current liabilities not elsewhere specified, including excise and sales taxes, and accrued expenses",1977
"TOCRLIAB","Total current liabilities",1977
"LTBNKDEBT","Long-term debt, due in more than 1 year: Loans from banks",1977
"LTOTHDEBT","Long-term debt (due in more than 1 year): Other long-term loans",1977
"OTHNCLIAB","Non-current liabilities not elsewhere spcified, including deferred income taxes",1977
"MINORITYSTKINT","Minority stockholders' interest in consolidated domestic corporations",1977
"TOTLIAB","Total liabilities",1977
"CAPSTOCK","Capital stock and other capital ²",1977
"RETEARN","Retained earnings",1977
"TREASSTK","Treasury stock at cost ¹",1977
"STHLDEQUI","Stockholders’ equity",1977
"TLIABEQUI","Total Liabilities and Stockholders’ Equity",1977
"NETWKCAP","Net Working Capital: Excess of total current assets over total current liabilities",1977
"SALES","Sales, receipts, and operating revenues, including excise and sales taxes",1978
"EXCISESALESTAX","Excise and sales taxes",1978
"NETSALES","Net sales, receipts, and operating revenues",1978
"DEPREC","Depreciation, depletion, and amortization of property, plant, and equipment",1978
"OTHERCOST","All other operating costs and expenses",1978
"OPERINC","Income (loss) from operations",1978
"OTHNOPINC","Non-operating income (dividends, interest, rent, royalties, etc.)",1978
"OTHNOPEXP","Non-operating expenses (interest,etc.)",1978
"NIBT","Income (loss) before income taxes and extraordinary items",1978
"EQUITYINC","Net income (loss) of foreign branches and equity in earnings (losses) of domestic and foreign nonconsolidated subsidiaries and other investments accounted for by the equity method, net of foreign taxes ¹",1978
"FEDTAXES","Provision for current and deferred domestic income taxes: Federal ²",1978
"OTHERTAX","Provision for current and deferred domestic income taxes: Other ¹",1978
"NIAT","Income (loss) after income taxes",1978
"EXTRAORDGAIN","Extraordinary gains (net of taxes)",1978
"EXTRAORDLOSS","Extraordinary losses (net of taxes)",1978
"MINORITYINT","Minority stockholders' interests in income (or loss) of consolidated corporations",1978
"NIQUARTER","Net income (loss) for quarter ¹",1978
"DIVIDENDS","Cash dividends charged to retained earnings this quarter",1978
"NIRTINBUS","Net income retained in business",1978
"RETBEG","Retained earnings at beginning of quarter",1978
"OTHERCRDR","Other direct credits (charges) to retained earnings (net), including stock and other non-cash dividends, etc.",1978
"RETEND","Retained earnings at end of quarter",1978
"CASH","Cash and demand deposits in the U.S.",1978
"TIMEDEP","Time deposits in the U.S., including negotiable certificates of deposit",1978
"DEPOUTUS","Cash and deposits outside the U.S. ¹",1978
"TOTALCASH","Total cash on hand and in banks ²",1978
"TREASSEC1","U.S. Treasury securities: Subject to agreements to sell ¹",1978
"TREASSEC2","U.S. Treasury securities: Other, due in 1 year or less ¹",1978
"TREASSEC3","U.S. Treasury securities: Other, due in more than 1 year",1978
"FEDAGSEC1","Federal agency securities: Subject to agreements to sell ¹",1978
"FEDAGSEC2","Federal agency securities: Other, due in 1 year or less ¹",1978
"FEDAGSEC3","Federal agency securities: Other, due in more than 1 year",1978
"COMMPAPER","Commercial and finance company paper of U.S. issuers ¹",1978
"STATESEC","State and local government securities, due in 1 year or less ¹",1978
"FOREGNSEC","Foreign securities, due in 1 year or less ¹",1978
"OTHSTINV","Other short-term financial investments, including bankers' acceptances",1978
"TOCASHSEC","Total cash, U.S. Government and other securities",1978
"RECUSGOVT","Trade receivables from U.S. Government ¹",1978
"ACCTRECEV","Other trade accounts and trade notes receivable (less allowance for doubtful receivables) ²",1978
"TOTRECEV","Total receivables ¹",1978
"INVENTORY","Inventories",1978
"OTHCURASS","Current assets not elsewhere specified",1978
"TOCRASSET","Total current assets",1978
"FIXASSETS","Depreciable and amortizable fixed assets, incl. construction in progress",1978
"LAND","Land and mineral rights",1978
"ACCDEPREC","Accumulated depreciation, depletion, and amortization",1978
"NETPPE","Net property, plant, and equipment",1978
"OTHNCASST","Noncurrent assets not elsewhere specified, including investment in nonconsolidated entities, long-term investments, intangibles, etc.",1978
"TOTASSET","Total Assets",1978
"STBANK","Short-term debt, original maturity 1 year or less: Loans from banks",1978
"COMPAPER","Short-term debt, original maturity 1 year or less: Commercial paper ¹",1978
"STDEBTOTH","Short-term debt, original maturity 1 year or less: Other short-term loans ²",1978
"ADVUSGOVT","Advances and prepayments by U.S. Government ¹",1978
"ACCTPAY","Trade accounts and trade notes payable",1978
"FEDTAXPAY","Income taxes accrued, prior and current years, net of payments: Federal ¹",1978
"OTHTAXPAY","Income taxes accrued, prior and current years, net of payments: Other ²",1978
"INSTBANKS","Installments, due in 1 year or less, on long-term debt: Loans from banks",1978
"INSTOTHER","Installments, due in 1 year or less, on long-term debt: Other long-term debt",1978
"OTCURLIAB","Current liabilities not elsewhere specified, including excise and sales taxes, and accrued expenses",1978
"TOCRLIAB","Total current liabilities",1978
"LTBNKDEBT","Long-term debt, due in more than 1 year: Loans from banks",1978
"LTOTHDEBT","Long-term debt (due in more than 1 year): Other long-term loans",1978
"OTHNCLIAB","Non-current liabilities not elsewhere spcified, including deferred income taxes",1978
"MINORITYSTKINT","Minority stockholders' interest in consolidated domestic corporations",1978
"TOTLIAB","Total liabilities",1978
"CAPSTOCK","Capital stock and other capital ²",1978
"RETEARN","Retained earnings",1978
"TREASSTK","Treasury stock at cost ¹",1978
"STHLDEQUI","Stockholders’ equity",1978
"TLIABEQUI","Total Liabilities and Stockholders’ Equity",1978
"NETWKCAP","Net Working Capital: Excess of total current assets over total current liabilities",1978
"SALES","Sales, receipts, and operating revenues, including excise and sales taxes",1979
"EXCISESALESTAX","Excise and sales taxes",1979
"NETSALES","Net sales, receipts, and operating revenues",1979
"DEPREC","Depreciation, depletion, and amortization of property, plant, and equipment",1979
"OTHERCOST","All other operating costs and expenses",1979
"OPERINC","Income (loss) from operations",1979
"OTHNOPINC","Non-operating income (dividends, interest, rent, royalties, etc.)",1979
"OTHNOPEXP","Non-operating expenses (interest,etc.)",1979
"NIBT","Income (loss) before income taxes and extraordinary items",1979
"EQUITYINC","Net income (loss) of foreign branches and equity in earnings (losses) of domestic and foreign nonconsolidated subsidiaries and other investments accounted for by the equity method, net of foreign taxes ¹",1979
"FEDTAXES","Provision for current and deferred domestic income taxes: Federal ²",1979
"OTHERTAX","Provision for current and deferred domestic income taxes: Other ¹",1979
"NIAT","Income (loss) after income taxes",1979
"EXTRAORDGAIN","Extraordinary gains (net of taxes)",1979
"EXTRAORDLOSS","Extraordinary losses (net of taxes)",1979
"MINORITYINT","Minority stockholders' interests in income (or loss) of consolidated corporations",1979
"NIQUARTER","Net income (loss) for quarter ¹",1979
"DIVIDENDS","Cash dividends charged to retained earnings this quarter",1979
"NIRTINBUS","Net income retained in business",1979
"RETBEG","Retained earnings at beginning of quarter",1979
"OTHERCRDR","Other direct credits (charges) to retained earnings (net), including stock and other non-cash dividends, etc.",1979
"RETEND","Retained earnings at end of quarter",1979
"CASH","Cash and demand deposits in the U.S.",1979
"TIMEDEP","Time deposits in the U.S., including negotiable certificates of deposit",1979
"DEPOUTUS","Cash and deposits outside the U.S. ¹",1979
"TOTALCASH","Total cash on hand and in banks ²",1979
"TREASSEC1","U.S. Treasury securities: Subject to agreements to sell ¹",1979
"TREASSEC2","U.S. Treasury securities: Other, due in 1 year or less ¹",1979
"TREASSEC3","U.S. Treasury securities: Other, due in more than 1 year",1979
"FEDAGSEC1","Federal agency securities: Subject to agreements to sell ¹",1979
"FEDAGSEC2","Federal agency securities: Other, due in 1 year or less ¹",1979
"FEDAGSEC3","Federal agency securities: Other, due in more than 1 year",1979
"COMMPAPER","Commercial and finance company paper of U.S. issuers ¹",1979
"STATESEC","State and local government securities, due in 1 year or less ¹",1979
"FOREGNSEC","Foreign securities, due in 1 year or less ¹",1979
"OTHSTINV","Other short-term financial investments, including bankers' acceptances",1979
"TOCASHSEC","Total cash, U.S. Government and other securities",1979
"RECUSGOVT","Trade receivables from U.S. Government ¹",1979
"ACCTRECEV","Other trade accounts and trade notes receivable (less allowance for doubtful receivables) ²",1979
"TOTRECEV","Total receivables ¹",1979
"INVENTORY","Inventories",1979
"OTHCURASS","Current assets not elsewhere specified",1979
"TOCRASSET","Total current assets",1979
"FIXASSETS","Depreciable and amortizable fixed assets, incl. construction in progress",1979
"LAND","Land and mineral rights",1979
"ACCDEPREC","Accumulated depreciation, depletion, and amortization",1979
"NETPPE","Net property, plant, and equipment",1979
"OTHNCASST","Noncurrent assets not elsewhere specified, including investment in nonconsolidated entities, long-term investments, intangibles, etc.",1979
"TOTASSET","Total Assets",1979
"STBANK","Short-term debt, original maturity 1 year or less: Loans from banks",1979
"COMPAPER","Short-term debt, original maturity 1 year or less: Commercial paper ¹",1979
"STDEBTOTH","Short-term debt, original maturity 1 year or less: Other short-term loans ²",1979
"ADVUSGOVT","Advances and prepayments by U.S. Government ¹",1979
"ACCTPAY","Trade accounts and trade notes payable",1979
"FEDTAXPAY","Income taxes accrued, prior and current years, net of payments: Federal ¹",1979
"OTHTAXPAY","Income taxes accrued, prior and current years, net of payments: Other ²",1979
"INSTBANKS","Installments, due in 1 year or less, on long-term debt: Loans from banks",1979
"INSTOTHER","Installments, due in 1 year or less, on long-term debt: Other long-term debt",1979
"OTCURLIAB","Current liabilities not elsewhere specified, including excise and sales taxes, and accrued expenses",1979
"TOCRLIAB","Total current liabilities",1979
"LTBNKDEBT","Long-term debt, due in more than 1 year: Loans from banks",1979
"LTOTHDEBT","Long-term debt (due in more than 1 year): Other long-term loans",1979
"OTHNCLIAB","Non-current liabilities not elsewhere spcified, including deferred income taxes",1979
"MINORITYSTKINT","Minority stockholders' interest in consolidated domestic corporations",1979
"TOTLIAB","Total liabilities",1979
"CAPSTOCK","Capital stock and other capital ²",1979
"RETEARN","Retained earnings",1979
"TREASSTK","Treasury stock at cost ¹",1979
"STHLDEQUI","Stockholders’ equity",1979
"TLIABEQUI","Total Liabilities and Stockholders’ Equity",1979
"NETWKCAP","Net Working Capital: Excess of total current assets over total current liabilities",1979
"SALES","Sales, receipts, and operating revenues, including excise and sales taxes",1980
"EXCISESALESTAX","Excise and sales taxes",1980
"NETSALES","Net sales, receipts, and operating revenues",1980
"DEPREC","Depreciation, depletion, and amortization of property, plant, and equipment",1980
"OTHERCOST","All other operating costs and expenses",1980
"OPERINC","Income (loss) from operations",1980
"OTHNOPINC","Non-operating income (dividends, interest, rent, royalties, etc.)",1980
"OTHNOPEXP","Non-operating expenses (interest,etc.)",1980
"NETNOPIC","Net non-operating income (expense)",1980
"NIBT","Income (loss) before income taxes and extraordinary items",1980
"EQUITYINC","Net income (loss) of foreign branches and equity in earnings (losses) of domestic and foreign nonconsolidated subsidiaries and other investments accounted for by the equity method, net of foreign taxes ¹",1980
"FEDTAXES","Provision for current and deferred domestic income taxes: Federal ²",1980
"OTHERTAX","Provision for current and deferred domestic income taxes: Other ¹",1980
"NIAT","Income (loss) after income taxes",1980
"EXTRAORDGAIN","Extraordinary gains (net of taxes)",1980
"EXTRAORDLOSS","Extraordinary losses (net of taxes)",1980
"MINORITYINT","Minority stockholders' interests in income (or loss) of consolidated corporations",1980
"NIQUARTER","Net income (loss) for quarter ¹",1980
"DIVIDENDS","Cash dividends charged to retained earnings this quarter",1980
"NIRTINBUS","Net income retained in business",1980
"RETBEG","Retained earnings at beginning of quarter",1980
"OTHERCRDR","Other direct credits (charges) to retained earnings (net), including stock and other non-cash dividends, etc.",1980
"RETEND","Retained earnings at end of quarter",1980
"CASH","Cash and demand deposits in the U.S.",1980
"TIMEDEP","Time deposits in the U.S., including negotiable certificates of deposit",1980
"DEPOUTUS","Cash and deposits outside the U.S. ¹",1980
"TOTALCASH","Total cash on hand and in banks ²",1980
"TREASSEC1","U.S. Treasury securities: Subject to agreements to sell ¹",1980
"TREASSEC2","U.S. Treasury securities: Other, due in 1 year or less ¹",1980
"TREASSEC3","U.S. Treasury securities: Other, due in more than 1 year",1980
"FEDAGSEC1","Federal agency securities: Subject to agreements to sell ¹",1980
"FEDAGSEC2","Federal agency securities: Other, due in 1 year or less ¹",1980
"FEDAGSEC3","Federal agency securities: Other, due in more than 1 year",1980
"COMMPAPER","Commercial and finance company paper of U.S. issuers ¹",1980
"STATESEC","State and local government securities, due in 1 year or less ¹",1980
"FOREGNSEC","Foreign securities, due in 1 year or less ¹",1980
"OTHSTINV","Other short-term financial investments, including bankers' acceptances",1980
"TOCASHSEC","Total cash, U.S. Government and other securities",1980
"RECUSGOVT","Trade receivables from U.S. Government ¹",1980
"ACCTRECEV","Other trade accounts and trade notes receivable (less allowance for doubtful receivables) ²",1980
"TOTRECEV","Total receivables ¹",1980
"INVENTORY","Inventories",1980
"OTHCURASS","Current assets not elsewhere specified",1980
"TOCRASSET","Total current assets",1980
"FIXASSETS","Depreciable and amortizable fixed assets, incl. construction in progress",1980
"LAND","Land and mineral rights",1980
"ACCDEPREC","Accumulated depreciation, depletion, and amortization",1980
"NETPPE","Net property, plant, and equipment",1980
"OTHNCASST","Noncurrent assets not elsewhere specified, including investment in nonconsolidated entities, long-term investments, intangibles, etc.",1980
"TOTASSET","Total Assets",1980
"STBANK","Short-term debt, original maturity 1 year or less: Loans from banks",1980
"COMPAPER","Short-term debt, original maturity 1 year or less: Commercial paper ¹",1980
"STDEBTOTH","Short-term debt, original maturity 1 year or less: Other short-term loans ²",1980
"ADVUSGOVT","Advances and prepayments by U.S. Government ¹",1980
"ACCTPAY","Trade accounts and trade notes payable",1980
"FEDTAXPAY","Income taxes accrued, prior and current years, net of payments: Federal ¹",1980
"OTHTAXPAY","Income taxes accrued, prior and current years, net of payments: Other ²",1980
"INSTBANKS","Installments, due in 1 year or less, on long-term debt: Loans from banks",1980
"INSTOTHER","Installments, due in 1 year or less, on long-term debt: Other long-term debt",1980
"OTCURLIAB","Current liabilities not elsewhere specified, including excise and sales taxes, and accrued expenses",1980
"TOCRLIAB","Total current liabilities",1980
"LTBNKDEBT","Long-term debt, due in more than 1 year: Loans from banks",1980
"LTOTHDEBT","Long-term debt (due in more than 1 year): Other long-term loans",1980
"OTHNCLIAB","Non-current liabilities not elsewhere spcified, including deferred income taxes",1980
"MINORITYSTKINT","Minority stockholders' interest in consolidated domestic corporations",1980
"TOTLIAB","Total liabilities",1980
"CAPSTOCK","Capital stock and other capital ²",1980
"RETEARN","Retained earnings",1980
"TREASSTK","Treasury stock at cost ¹",1980
"STHLDEQUI","Stockholders’ equity",1980
"TLIABEQUI","Total Liabilities and Stockholders’ Equity",1980
"NETWKCAP","Net Working Capital: Excess of total current assets over total current liabilities",1980
"SALES","Net sales, receipts, and operating revenues",1981
"DEPREC","Depreciation, depletion, and amortization of property, plant, and equipment",1981
"OTHERCOST","All other operating costs and expenses, including costs of goods sold and selling, general, and administrative expenses",1981
"OPERINC","Income (loss) from operations",1981
"OTHNOPINC","Non-operating income (dividends, interest, rent, royalties, etc.)",1981
"OTHNOPEXP","Non-operating expenses (interest,etc.)",1981
"NETNOPIC","Net non-operating income (expense)",1981
"NIBT","Income (loss) before income taxes and extraordinary items",1981
"EQUITYINC","Net income (loss) of foreign branches and equity in earnings (losses) of domestic and foreign nonconsolidated subsidiaries and other investments accounted for by the equity method, net of foreign taxes ¹",1981
"FEDTAXES","Provision for current and deferred domestic income taxes: Federal ²",1981
"OTHERTAX","Provision for current and deferred domestic income taxes: Other ¹",1981
"NIAT","Income (loss) after income taxes",1981
"EXTRAORD","Extraordinary gains, net of taxes ¹",1981
"EXTRAORDLOS","Extraordinary losses, net of taxes ¹",1981
"MINSTHLDINT","Minority stockholders' interest in income (loss) of consolidated corporations",1981
"NIQUARTER","Net income (loss) for quarter ¹",1981
"DIVIDENDS","Cash dividends charged to retained earnings in current quarter",1981
"NIRTINBUS","Net income retained in business",1981
"RETBEG","Retained earnings at beginning of quarter",1981
"OTHERCRDR","Other direct credits (charges) to retained earnings (net), including stock and other non-cash dividends, etc.",1981
"RETEND","Retained earnings at end of quarter",1981
"CASH","Cash and demand deposits in the U.S.",1981
"TIMEDEP","Time deposits in the U.S., including negotiable certificates of deposit",1981
"DEPOUTUS","Deposits outside the U.S. ¹",1981
"TOTALCASH","Total cash on hand and in banks ²",1981
"TREASSEC1","U.S. Treasury: Subject to agreements to sell ¹",1981
"TREASSEC2","U.S. Treasury: Other, due in 1 year or less ¹",1981
"TREASSEC3","U.S. Treasury: Other, due in more than 1 year ¹",1981
"FEDAGNCSEC1","Federal agency securities: Subject to agreements to sell ¹",1981
"FEDAGNCSEC2","Federal agency securities: Other, due in 1 year or less ¹",1981
"FEDAGNCSEC3","Federal agency securities: Other, due in more than 1 year ¹",1981
"COMMPAPER","Commercial and finance company paper of U.S. issuers ¹",1981
"STATESEC","State and local government securities, due in 1 year or less ¹",1981
"FOREGNSEC","Foreign securities, due in 1 year or less ¹",1981
"OTHSTINV","Other short-term financial investments including bankers acceptances ²",1981
"TOCASHSEC","Total cash, U.S. Government and other securities",1981
"RECUSGOVT","Trade receivables from U.S. Government ¹",1981
"ACCTRECEV","Other trade accounts and trade notes receivable (less allowance for doubtful recievables ²",1981
"TOTRECEV","Total receivables ¹",1981
"INVENTORY","Inventories",1981
"OTHCURASS","All other current assets",1981
"TOCRASSET","Total current assets",1981
"FIXASSETS","Depreciable and amortizable fixed assets, including construction in progress",1981
"LAND","Land and mineral rights",1981
"ACCDEPREC","Accumulated depreciation, depletion, and amortization",1981
"NETPPE","Net property, plant, and equipment",1981
"OTHNCASST","All other noncurrent assets, including investment in non-consolidated entities, long-term investments, intangibles, etc.",1981
"TOTASSET","Total Assets",1981
"STBANK","Short-term debt, original maturity 1 year or less: Loans from banks",1981
"COMPAPER","Short-term debt, original maturity 1 year or less: Commercial paper ¹",1981
"STDEBTOTH","Short-term debt, original maturity 1 year or less: Other short-term debt ²",1981
"ADVUSGOVT","Advances and prepayments by the U.S. Government ¹",1981
"ACCTPAY","Trade accounts and trade notes payable",1981
"FEDTAXPAY","Income taxes accrued, prior and current years, net of payments: Federal ¹",1981
"OTHTAXPAY","Income taxes accrued, prior and current years, net of payments: Other ²",1981
"INSTBANKS","Installments, due in 1 year or less on long-term debt: Loans from banks",1981
"INSTOTHER","Installments, due in 1 year or less on long-term deb: Other long-term debt",1981
"OTCURLIAB","All other current liabilities, including excise and sales taxes, and accrued expenses",1981
"TOCRLIAB","Total current liabilities",1981
"LTBNKDEBT","Long-term debt, due in more than 1 year: Loans from banks",1981
"LTOTHDEBT","Long-term debt (due in more than 1 year): Other long-term loans",1981
"OTHNCLIAB","All other noncurrent liabilities, including deferred income taxes, capitalized leases, and minority stockholders’ interest in consolidated domestic corporations",1981
"MINORITYINT","Minority stockholders' interest in consolidated domestic corporations ¹",1981
"TOTLIAB","Total liabilities",1981
"CAPSTOCK","Capital stock and other capital ²",1981
"RETEARN","Retained earnings",1981
"TREASSTK","Treasury stock at cost ¹",1981
"STHLDEQUI","Stockholders’ equity",1981
"TLIABEQUI","Total Liabilities and Stockholders’ Equity",1981
"NETWKCAP","Net Working Capital: Excess of total current assets",1981
"SALES","Net sales, receipts, and operating revenues",1982
"DEPREC","Depreciation, depletion, and amortization of property, plant, and equipment",1982
"OTHERCOST","All other operating costs and expenses, including costs of goods sold and selling, general, and administrative expenses",1982
"OPERINC","Income (loss) from operations",1982
"OTHNOPINC","Non-operating income (dividends, interest, rent, royalties, etc.)",1982
"OTHNOPEXP","Non-operating expenses (interest,etc.)",1982
"NETNOPIC","Net non-operating income (expense)",1982
"NIBT","Income (loss) before income taxes and extraordinary items",1982
"EQUITYINC","Net income (loss) of foreign branches and equity in earnings (losses) of domestic and foreign nonconsolidated subsidiaries and other investments accounted for by the equity method, net of foreign taxes ¹",1982
"FEDTAXES","Provision for current and deferred domestic income taxes: Federal ²",1982
"OTHERTAX","Provision for current and deferred domestic income taxes: Other ¹",1982
"NIAT","Income (loss) after income taxes",1982
"EXTRAORD","Extraordinary gains, net of taxes ¹",1982
"EXTRAORDLOS","Extraordinary losses, net of taxes ¹",1982
"MINSTHLDINT","Minority stockholders' interest in income (loss) of consolidated corporations",1982
"NIQUARTER","Net income (loss) for quarter ¹",1982
"DIVIDENDS","Cash dividends charged to retained earnings in current quarter",1982
"NIRTINBUS","Net income retained in business",1982
"RETBEG","Retained earnings at beginning of quarter",1982
"OTHERCRDR","Other direct credits (charges) to retained earnings (net), including stock and other non-cash dividends, etc.",1982
"RETEND","Retained earnings at end of quarter",1982
"CASH","Cash and demand deposits in the U.S.",1982
"TIMEDEP","Time deposits in the U.S., including negotiable certificates of deposit",1982
"DEPOUTUS","Deposits outside the U.S. ¹",1982
"TOTALCASH","Total cash on hand and in banks ²",1982
"TREASSEC1","U.S. Treasury: Subject to agreements to sell ¹",1982
"TREASSEC2","U.S. Treasury: Other, due in 1 year or less ¹",1982
"TREASSEC3","U.S. Treasury: Other, due in more than 1 year ¹",1982
"FEDAGNCSEC1","Federal agency securities: Subject to agreements to sell ¹",1982
"FEDAGNCSEC2","Federal agency securities: Other, due in 1 year or less ¹",1982
"FEDAGNCSEC3","Federal agency securities: Other, due in more than 1 year ¹",1982
"COMMPAPER","Commercial and finance company paper of U.S. issuers ¹",1982
"STATESEC","State and local government securities, due in 1 year or less ¹",1982
"FOREGNSEC","Foreign securities, due in 1 year or less ¹",1982
"OTHSTINV","Other short-term financial investments including bankers acceptances ²",1982
"TOCASHSEC","Total cash, U.S. Government and other securities",1982
"RECUSGOVT","Trade receivables from U.S. Government ¹",1982
"ACCTRECEV","Other trade accounts and trade notes receivable (less allowance for doubtful recievables ²",1982
"TOTRECEV","Total receivables ¹",1982
"INVENTORY","Inventories",1982
"OTHCURASS","All other current assets",1982
"TOCRASSET","Total current assets",1982
"FIXASSETS","Depreciable and amortizable fixed assets, including construction in progress",1982
"LAND","Land and mineral rights",1982
"ACCDEPREC","Accumulated depreciation, depletion, and amortization",1982
"NETPPE","Net property, plant, and equipment",1982
"OTHNCASST","All other noncurrent assets, including investment in non-consolidated entities, long-term investments, intangibles, etc.",1982
"TOTASSET","Total Assets",1982
"STBANK","Short-term debt, original maturity 1 year or less: Loans from banks",1982
"COMPAPER","Short-term debt, original maturity 1 year or less: Commercial paper ¹",1982
"STDEBTOTH","Short-term debt, original maturity 1 year or less: Other short-term debt ²",1982
"ADVUSGOVT","Advances and prepayments by the U.S. Government ¹",1982
"ACCTPAY","Trade accounts and trade notes payable",1982
"FEDTAXPAY","Income taxes accrued, prior and current years, net of payments: Federal ¹",1982
"OTHTAXPAY","Income taxes accrued, prior and current years, net of payments: Other ²",1982
"INSTBANKS","Installments, due in 1 year or less on long-term debt: Loans from banks",1982
"INSTOTHER","Installments, due in 1 year or less on long-term deb: Other long-term debt",1982
"OTCURLIAB","All other current liabilities, including excise and sales taxes, and accrued expenses",1982
"TOCRLIAB","Total current liabilities",1982
"LTBNKDEBT","Long-term debt, due in more than 1 year: Loans from banks",1982
"LTOTHDEBT","Long-term debt (due in more than 1 year): Other long-term loans",1982
"OTHNCLIAB","All other noncurrent liabilities, including deferred income taxes, capitalized leases, and minority stockholders’ interest in consolidated domestic corporations",1982
"MINORITYINT","Minority stockholders' interest in consolidated domestic corporations ¹",1982
"TOTLIAB","Total liabilities",1982
"CAPSTOCK","Capital stock and other capital ²",1982
"RETEARN","Retained earnings",1982
"TREASSTK","Treasury stock at cost ¹",1982
"STHLDEQUI","Stockholders’ equity",1982
"TLIABEQUI","Total Liabilities and Stockholders’ Equity",1982
"NETWKCAP","Net Working Capital: Excess of total current assets",1982
"SALES","Net sales, receipts, and operating revenues",1983
"DEPREC","Depreciation, depletion, and amortization of property, plant, and equipment",1983
"OTHERCOST","All other operating costs and expenses, including costs of goods sold and selling, general, and administrative expenses",1983
"OPERINC","Income (loss) from operations",1983
"OTHNOPINC","Non-operating income (dividends, interest, rent, royalties, etc.)",1983
"OTHNOPEXP","Non-operating expenses (interest,etc.)",1983
"NIBT","Income (loss) before income taxes and extraordinary items",1983
"EQUITYINC","Net income (loss) of foreign branches and equity in earnings (losses) of domestic and foreign nonconsolidated subsidiaries and other investments accounted for by the equity method, net of foreign taxes ¹",1983
"FEDTAXES","Provision for current and deferred domestic income taxes: Federal ²",1983
"OTHERTAX","Provision for current and deferred domestic income taxes: Other ¹",1983
"NIAT","Income (loss) after income taxes",1983
"EXTRAORD","Extraordinary gains, net of taxes ¹",1983
"EXTRAORDLOS","Extraordinary losses, net of taxes ¹",1983
"MINSTHLDINT","Minority stockholders' interest in income (loss) of consolidated corporations",1983
"NIQUARTER","Net income (loss) for quarter ¹",1983
"DIVIDENDS","Cash dividends charged to retained earnings in current quarter",1983
"NIRTINBUS","Net income retained in business",1983
"RETBEG","Retained earnings at beginning of quarter",1983
"OTHERCRDR","Other direct credits (charges) to retained earnings (net), including stock and other non-cash dividends, etc.",1983
"RETEND","Retained earnings at end of quarter",1983
"CASH","Cash and demand deposits in the U.S.",1983
"TIMEDEP","Time deposits in the U.S., including negotiable certificates of deposit",1983
"DEPOUTUS","Deposits outside the U.S. ¹",1983
"TOTALCASH","Total cash on hand and in banks ²",1983
"TREASSEC1","U.S. Treasury: Subject to agreements to sell ¹",1983
"TREASSEC2","U.S. Treasury: Other, due in 1 year or less ¹",1983
"TREASSEC3","U.S. Treasury: Other, due in more than 1 year ¹",1983
"FEDAGNCSEC1","Federal agency securities: Subject to agreements to sell ¹",1983
"FEDAGNCSEC2","Federal agency securities: Other, due in 1 year or less ¹",1983
"FEDAGNCSEC3","Federal agency securities: Other, due in more than 1 year ¹",1983
"COMMPAPER","Commercial and finance company paper of U.S. issuers ¹",1983
"STATESEC","State and local government securities, due in 1 year or less ¹",1983
"FOREGNSEC","Foreign securities, due in 1 year or less ¹",1983
"OTHSTINV","Other short-term financial investments including bankers acceptances ²",1983
"TOCASHSEC","Total cash, U.S. Government and other securities",1983
"RECUSGOVT","Trade receivables from U.S. Government ¹",1983
"ACCTRECEV","Other trade accounts and trade notes receivable (less allowance for doubtful recievables ²",1983
"TOTRECEV","Total receivables ¹",1983
"INVENTORY","Inventories",1983
"OTHCURASS","All other current assets",1983
"TOCRASSET","Total current assets",1983
"FIXASSETS","Depreciable and amortizable fixed assets, including construction in progress",1983
"LAND","Land and mineral rights",1983
"ACCDEPREC","Accumulated depreciation, depletion, and amortization",1983
"NETPPE","Net property, plant, and equipment",1983
"OTHNCASST","All other noncurrent assets, including investment in non-consolidated entities, long-term investments, intangibles, etc.",1983
"TOTASSET","Total Assets",1983
"STBANK","Short-term debt, original maturity 1 year or less: Loans from banks",1983
"COMPAPER","Short-term debt, original maturity 1 year or less: Commercial paper ¹",1983
"STDEBTOTH","Short-term debt, original maturity 1 year or less: Other short-term debt ²",1983
"ADVUSGOVT","Advances and prepayments by the U.S. Government ¹",1983
"ACCTPAY","Trade accounts and trade notes payable",1983
"FEDTAXPAY","Income taxes accrued, prior and current years, net of payments: Federal ¹",1983
"OTHTAXPAY","Income taxes accrued, prior and current years, net of payments: Other ²",1983
"INSTBANKS","Installments, due in 1 year or less on long-term debt: Loans from banks",1983
"INSTOTHER","Installments, due in 1 year or less on long-term deb: Other long-term debt",1983
"OTCURLIAB","All other current liabilities, including excise and sales taxes, and accrued expenses",1983
"TOCRLIAB","Total current liabilities",1983
"LTBNKDEBT","Long-term debt, due in more than 1 year: Loans from banks",1983
"LTOTHDEBT","Long-term debt (due in more than 1 year): Other long-term loans",1983
"OTHNCLIAB","All other noncurrent liabilities, including deferred income taxes, capitalized leases, and minority stockholders’ interest in consolidated domestic corporations",1983
"MINORITYINT","Minority stockholders' interest in consolidated domestic corporations ¹",1983
"TOTLIAB","Total liabilities",1983
"CAPSTOCK","Capital stock and other capital ²",1983
"RETEARN","Retained earnings",1983
"TREASSTK","Treasury stock at cost ¹",1983
"STHLDEQUI","Stockholders’ equity",1983
"TLIABEQUI","Total Liabilities and Stockholders’ Equity",1983
"NETWKCAP","Net Working Capital: Excess of total current assets",1983
"SALES","Net sales, receipts, and operating revenues",1984
"DEPREC","Depreciation, depletion, and amortization of property, plant, and equipment",1984
"OTHERCOST","All other operating costs and expenses, including costs of goods sold and selling, general, and administrative expenses",1984
"OPERINC","Income (loss) from operations",1984
"OTHNOPINC","Non-operating income (dividends, interest, rent, royalties, etc.)",1984
"OTHNOPEXP","Non-operating expenses (interest,etc.)",1984
"NETNOPIC","Net non-operating income (expense)",1984
"NIBT","Income (loss) before income taxes and extraordinary items",1984
"EQUITYINC","Net income (loss) of foreign branches and equity in earnings (losses) of domestic and foreign nonconsolidated subsidiaries and other investments accounted for by the equity method, net of foreign taxes ¹",1984
"FEDTAXES","Provision for current and deferred domestic income taxes: Federal ²",1984
"OTHERTAX","Provision for current and deferred domestic income taxes: Other ¹",1984
"NIAT","Income (loss) after income taxes",1984
"EXTRAORD","Extraordinary gains, net of taxes ¹",1984
"EXTRAORDLOS","Extraordinary losses, net of taxes ¹",1984
"MINSTHLDINT","Minority stockholders' interest in income (loss) of consolidated corporations",1984
"NIQUARTER","Net income (loss) for quarter ¹",1984
"DIVIDENDS","Cash dividends charged to retained earnings in current quarter",1984
"NIRTINBUS","Net income retained in business",1984
"RETBEG","Retained earnings at beginning of quarter",1984
"OTHERCRDR","Other direct credits (charges) to retained earnings (net), including stock and other non-cash dividends, etc.",1984
"RETEND","Retained earnings at end of quarter",1984
"CASH","Cash and demand deposits in the U.S.",1984
"TIMEDEP","Time deposits in the U.S., including negotiable certificates of deposit",1984
"DEPOUTUS","Deposits outside the U.S. ¹",1984
"TOTALCASH","Total cash on hand and in banks ²",1984
"TREASSEC1","U.S. Treasury: Subject to agreements to sell ¹",1984
"TREASSEC2","U.S. Treasury: Other, due in 1 year or less ¹",1984
"TREASSEC3","U.S. Treasury: Other, due in more than 1 year ¹",1984
"FEDAGNCSEC1","Federal agency securities: Subject to agreements to sell ¹",1984
"FEDAGNCSEC2","Federal agency securities: Other, due in 1 year or less ¹",1984
"FEDAGNCSEC3","Federal agency securities: Other, due in more than 1 year ¹",1984
"COMMPAPER","Commercial and finance company paper of U.S. issuers ¹",1984
"STATESEC","State and local government securities, due in 1 year or less ¹",1984
"FOREGNSEC","Foreign securities, due in 1 year or less ¹",1984
"OTHSTINV","Other short-term financial investments including bankers acceptances ²",1984
"TOCASHSEC","Total cash, U.S. Government and other securities",1984
"RECUSGOVT","Trade receivables from U.S. Government ¹",1984
"ACCTRECEV","Other trade accounts and trade notes receivable (less allowance for doubtful recievables ²",1984
"TOTRECEV","Total receivables ¹",1984
"INVENTORY","Inventories",1984
"OTHCURASS","All other current assets",1984
"TOCRASSET","Total current assets",1984
"FIXASSETS","Depreciable and amortizable fixed assets, including construction in progress",1984
"LAND","Land and mineral rights",1984
"ACCDEPREC","Accumulated depreciation, depletion, and amortization",1984
"NETPPE","Net property, plant, and equipment",1984
"OTHNCASST","All other noncurrent assets, including investment in non-consolidated entities, long-term investments, intangibles, etc.",1984
"TOTASSET","Total Assets",1984
"STBANK","Short-term debt, original maturity 1 year or less: Loans from banks",1984
"COMPAPER","Short-term debt, original maturity 1 year or less: Commercial paper ¹",1984
"STDEBTOTH","Short-term debt, original maturity 1 year or less: Other short-term debt ²",1984
"ADVUSGOVT","Advances and prepayments by the U.S. Government ¹",1984
"ACCTPAY","Trade accounts and trade notes payable",1984
"FEDTAXPAY","Income taxes accrued, prior and current years, net of payments: Federal ¹",1984
"OTHTAXPAY","Income taxes accrued, prior and current years, net of payments: Other ²",1984
"INSTBANKS","Installments, due in 1 year or less on long-term debt: Loans from banks",1984
"INSTOTHER","Installments, due in 1 year or less on long-term deb: Other long-term debt",1984
"OTCURLIAB","All other current liabilities, including excise and sales taxes, and accrued expenses",1984
"TOCRLIAB","Total current liabilities",1984
"LTBNKDEBT","Long-term debt, due in more than 1 year: Loans from banks",1984
"LTOTHDEBT","Long-term debt (due in more than 1 year): Other long-term loans",1984
"OTHNCLIAB","All other noncurrent liabilities, including deferred income taxes, capitalized leases, and minority stockholders’ interest in consolidated domestic corporations",1984
"MINORITYINT","Minority stockholders' interest in consolidated domestic corporations ¹",1984
"TOTLIAB","Total liabilities",1984
"CAPSTOCK","Capital stock and other capital ²",1984
"RETEARN","Retained earnings",1984
"TREASSTK","Treasury stock at cost ¹",1984
"STHLDEQUI","Stockholders’ equity",1984
"TLIABEQUI","Total Liabilities and Stockholders’ Equity",1984
"NETWKCAP","Net Working Capital: Excess of total current assets",1984
"SALES","Net sales, receipts, and operating revenues",1985
"DEPREC","Depreciation, depletion, and amortization of property, plant, and equipment",1985
"OTHERCOST","All other operating costs and expenses, including costs of good sold and selling, general and administrative expenses",1985
"OPERINC","Income (loss) from operations",1985
"OTHNOPINC","Non-operating income(dividends, interest, rent, royalties, etc.)",1985
"OTHNOPEXP","Non-operating expenses (interest,etc.)",1985
"NETNOPINC","Net non-operating income (expense)",1985
"NIBT","Income (or loss) before income taxes and extraordinary items",1985
"EQUITYINC","Net income (loss) of foreign branches and equity in earnings (losses) of domestic and foreign nonconsolidated subsidiaries and other investments accounted for by the equity method, net of foreign taxes ¹",1985
"FEDTAXES","Provision for current and deferred domestic income taxes: Federal ²",1985
"OTHERTAX","Provision for current and deferred domestic income taxes: Other ¹",1985
"NIAT","Income (loss) after income taxes",1985
"EXTRAORD","Extraordinary gains, net of taxes ¹",1985
"EXTRAORDLOS","Extraordinary losses, net of taxes",1985
"MINSTHLDINT","Minority stockholders interest in income (or loss) of consolidated corporations",1985
"NIQUARTER","Net income (loss) for quarter ¹",1985
"DIVIDENDS","Cash dividends charged to retained earnings this quarter",1985
"NIRTINBUS","Net income retained in business",1985
"RETBEG","Retained earnings at beginning of quarter",1985
"OTHERCRDR","Other direct credits (charges) to retained earnings (net), including stock and other non-cash dividends, etc.",1985
"RETEND","Retained earnings at end of quarter",1985
"CASH","Cash and demand deposits in the U.S.",1985
"TIMEDEP","Time deposits in the U.S., including negotiable certificates of deposit",1985
"DEPOUTUS","Deposits outside the U.S. ¹",1985
"TOTALCASH","Total cash on hand and in banks ²",1985
"TREASSEC1","U.S. Treasury and Federal agency securities: Subject to agreements to sell ¹",1985
"TREASSEC2","U.S. Treasury and Federal agency securities: Other, due in 1 year or less ¹",1985
"TREASSEC3","U.S. Treasury and Federal agency securities: Other, due more than 1 year",1985
"FEDAGNCSEC1","Federal Agency Securities: Subject to agreements to sell",1985
"FEDAGNCSEC2","Federal Agency Securities: Other, due in 1 year or less",1985
"FEDAGNCSEC3","Federal Agency Securities: Other, due more than 1 year",1985
"COMMPAPER","Commercial and finance company paper of U.S. issuers ¹",1985
"STATESEC","State and local government securities, due in 1 year or less ¹",1985
"FOREGNSEC","Foreign securities, due in 1 year or less ¹",1985
"OTHSTINV","Other short-term financial investments, including banker's acceptances",1985
"TOCASHSEC","Total cash, U.S. Government and other securities",1985
"RECUSGOVT","Trade receivables from U.S. Government ¹",1985
"ACCTRECEV","Other trade accounts and trade notes receivable (less allowance for doubtful accounts) ²",1985
"TOTRECEV","Total receivables ¹",1985
"INVENTORY","Inventories",1985
"OTHCURASS","All other current assets",1985
"TOCRASSET","Total current assets",1985
"FIXASSETS","Depreciable and amortizable fixed assets, including construction in progress",1985
"LAND","Land and mineral rights",1985
"ACCDEPREC","Accumulated depreciation, depletion, and amortization",1985
"NETPPE","Net property, plant, and equipment",1985
"OTHNCASST","All other noncurrent assets, including investment in nonconsolidated entities, long-term investments, intangibles, etc.",1985
"TOTASSET","Total Assets",1985
"STBANK","Short-term debt, original maturity 1 year or less: Loans from banks",1985
"COMPAPER","Short-term debt, original maturity 1 year or less: Commercial paper ¹",1985
"STDEBTOTH","Short-term debt, original maturity 1 year or less: Other short-term debt ²",1985
"ADVUSGOVT","Advances and prepayments by the U.S. Government ¹",1985
"ACCTPAY","Trade accounts and trade notes payable",1985
"FEDTAXPAY","Income taxes accrued, prior and current years, net of payments: Federal ¹",1985
"OTHTAXPAY","Income taxes accrued, prior and current years, net of payments: Other ²",1985
"INSTBANKS","Installments, due in 1 year or less: Loans from banks",1985
"INSTOTHER","Installments, due in 1 year or less: Other long term debt",1985
"OTCURLIAB","All other current liabilities, including excise and sales taxes, and accrued expenses",1985
"TOCRLIAB","Total current liabilities",1985
"LTBNKDEBT","Long-term debt, due in more than 1 year: Loans from banks",1985
"LTOTHDEBT","Long-term debt (due in more than 1 year): Other long-term loans",1985
"OTHNCLIAB","All other noncurrent liabilities, including deferred income taxes, capitalized leases, and minority stockholders’ interest in consolidated domestic corporations",1985
"MINORITYINT","Minority Stockholdings interest in consolidated domestic corporations",1985
"TOTLIAB","Total liabilities",1985
"CAPSTOCK","Capital stock and other capital ²",1985
"RETEARN","Retained earnings",1985
"TREASSTK","Treasury stock at cost ¹",1985
"STHLDEQUI","Stockholders’ equity",1985
"TLIABEQUI","Total Liabilities and Stockholders’ Equity",1985
"NETWKCAP","Net Working Capital: Excess of total current assets",1985
"SALES","Net sales, receipts, and operating revenues",1986
"DEPREC","Depreciation, depletion, and amortization of property, plant, and equipment",1986
"OTHERCOST","All other operating costs and expenses, including costs of good sold and selling, general and administrative expenses",1986
"OPERINC","Income (loss) from operations",1986
"OTHNOPINC","Non-operating income(dividends, interest, rent, royalties, etc.)",1986
"OTHNOPEXP","Non-operating expenses (interest,etc.)",1986
"NETNOPINC","Net non-operating income (expense)",1986
"NIBT","Income (or loss) before income taxes and extraordinary items",1986
"EQUITYINC","Net income (loss) of foreign branches and equity in earnings (losses) of domestic and foreign nonconsolidated subsidiaries and other investments accounted for by the equity method, net of foreign taxes ¹",1986
"FEDTAXES","Provision for current and deferred domestic income taxes: Federal ²",1986
"OTHERTAX","Provision for current and deferred domestic income taxes: Other ¹",1986
"NIAT","Income (loss) after income taxes",1986
"EXTRAORD","Extraordinary gains, net of taxes ¹",1986
"EXTRAORDLOS","Extraordinary losses, net of taxes",1986
"MINSTHLDINT","Minority stockholders interest in income (or loss) of consolidated corporations",1986
"NIQUARTER","Net income (loss) for quarter ¹",1986
"DIVIDENDS","Cash dividends charged to retained earnings this quarter",1986
"NIRTINBUS","Net income retained in business",1986
"RETBEG","Retained earnings at beginning of quarter",1986
"OTHERCRDR","Other direct credits (charges) to retained earnings (net), including stock and other non-cash dividends, etc.",1986
"RETEND","Retained earnings at end of quarter",1986
"CASH","Cash and demand deposits in the U.S.",1986
"TIMEDEP","Time deposits in the U.S., including negotiable certificates of deposit",1986
"DEPOUTUS","Deposits outside the U.S. ¹",1986
"TOTALCASH","Total cash on hand and in banks ²",1986
"TREASSEC1","U.S. Treasury and Federal agency securities: Subject to agreements to sell ¹",1986
"TREASSEC2","U.S. Treasury and Federal agency securities: Other, due in 1 year or less ¹",1986
"TREASSEC3","U.S. Treasury and Federal agency securities: Other, due more than 1 year",1986
"FEDAGNCSEC1","Federal Agency Securities: Subject to agreements to sell",1986
"FEDAGNCSEC2","Federal Agency Securities: Other, due in 1 year or less",1986
"FEDAGNCSEC3","Federal Agency Securities: Other, due more than 1 year",1986
"COMMPAPER","Commercial and finance company paper of U.S. issuers ¹",1986
"STATESEC","State and local government securities, due in 1 year or less ¹",1986
"FOREGNSEC","Foreign securities, due in 1 year or less ¹",1986
"OTHSTINV","Other short-term financial investments, including banker's acceptances",1986
"TOCASHSEC","Total cash, U.S. Government and other securities",1986
"RECUSGOVT","Trade receivables from U.S. Government ¹",1986
"ACCTRECEV","Other trade accounts and trade notes receivable (less allowance for doubtful accounts) ²",1986
"TOTRECEV","Total receivables ¹",1986
"INVENTORY","Inventories",1986
"OTHCURASS","All other current assets",1986
"TOCRASSET","Total current assets",1986
"FIXASSETS","Depreciable and amortizable fixed assets, including construction in progress",1986
"LAND","Land and mineral rights",1986
"ACCDEPREC","Accumulated depreciation, depletion, and amortization",1986
"NETPPE","Net property, plant, and equipment",1986
"OTHNCASST","All other noncurrent assets, including investment in nonconsolidated entities, long-term investments, intangibles, etc.",1986
"TOTASSET","Total Assets",1986
"STBANK","Short-term debt, original maturity 1 year or less: Loans from banks",1986
"COMPAPER","Short-term debt, original maturity 1 year or less: Commercial paper ¹",1986
"STDEBTOTH","Short-term debt, original maturity 1 year or less: Other short-term debt ²",1986
"ADVUSGOVT","Advances and prepayments by the U.S. Government ¹",1986
"ACCTPAY","Trade accounts and trade notes payable",1986
"FEDTAXPAY","Income taxes accrued, prior and current years, net of payments: Federal ¹",1986
"OTHTAXPAY","Income taxes accrued, prior and current years, net of payments: Other ²",1986
"INSTBANKS","Installments, due in 1 year or less: Loans from banks",1986
"INSTOTHER","Installments, due in 1 year or less: Other long term debt",1986
"OTCURLIAB","All other current liabilities, including excise and sales taxes, and accrued expenses",1986
"TOCRLIAB","Total current liabilities",1986
"LTBNKDEBT","Long-term debt, due in more than 1 year: Loans from banks",1986
"LTOTHDEBT","Long-term debt (due in more than 1 year): Other long-term loans",1986
"OTHNCLIAB","All other noncurrent liabilities, including deferred income taxes, capitalized leases, and minority stockholders’ interest in consolidated domestic corporations",1986
"MINORITYINT","Minority Stockholdings interest in consolidated domestic corporations",1986
"TOTLIAB","Total liabilities",1986
"CAPSTOCK","Capital stock and other capital ²",1986
"RETEARN","Retained earnings",1986
"TREASSTK","Treasury stock at cost ¹",1986
"STHLDEQUI","Stockholders’ equity",1986
"TLIABEQUI","Total Liabilities and Stockholders’ Equity",1986
"NETWKCAP","Net Working Capital: Excess of total current assets",1986
"SALES","Net sales, receipts, and operating revenues",1987
"DEPREC","Depreciation, depletion, and amortization of property, plant, and equipment",1987
"OTHERCOST","All other operating costs and expenses, including costs of good sold and selling, general and administrative expenses",1987
"OPERINC","Income (loss) from operations",1987
"OTHNOPINC","Non-operating income(dividends, interest, rent, royalties, etc.)",1987
"OTHNOPEXP","Non-operating expenses (interest,etc.)",1987
"NETNOPINC","Net non-operating income (expense)",1987
"NIBT","Income (or loss) before income taxes and extraordinary items",1987
"EQUITYINC","Net income (loss) of foreign branches and equity in earnings (losses) of domestic and foreign nonconsolidated subsidiaries and other investments accounted for by the equity method, net of foreign taxes ¹",1987
"FEDTAXES","Provision for current and deferred domestic income taxes: Federal ²",1987
"OTHERTAX","Provision for current and deferred domestic income taxes: Other ¹",1987
"NIAT","Income (loss) after income taxes",1987
"EXTRAORD","Extraordinary gains, net of taxes ¹",1987
"EXTRAORDLOS","Extraordinary losses, net of taxes",1987
"MINSTHLDINT","Minority stockholders interest in income (or loss) of consolidated corporations",1987
"NIQUARTER","Net income (loss) for quarter ¹",1987
"DIVIDENDS","Cash dividends charged to retained earnings this quarter",1987
"NIRTINBUS","Net income retained in business",1987
"RETBEG","Retained earnings at beginning of quarter",1987
"OTHERCRDR","Other direct credits (charges) to retained earnings (net), including stock and other non-cash dividends, etc.",1987
"RETEND","Retained earnings at end of quarter",1987
"CASH","Cash and demand deposits in the U.S.",1987
"TIMEDEP","Time deposits in the U.S., including negotiable certificates of deposit",1987
"DEPOUTUS","Deposits outside the U.S. ¹",1987
"TOTALCASH","Total cash on hand and in banks ²",1987
"TREASSEC1","U.S. Treasury and Federal agency securities: Subject to agreements to sell ¹",1987
"TREASSEC2","U.S. Treasury and Federal agency securities: Other, due in 1 year or less ¹",1987
"TREASSEC3","U.S. Treasury and Federal agency securities: Other, due more than 1 year",1987
"FEDAGNCSEC1","Federal Agency Securities: Subject to agreements to sell",1987
"FEDAGNCSEC2","Federal Agency Securities: Other, due in 1 year or less",1987
"FEDAGNCSEC3","Federal Agency Securities: Other, due more than 1 year",1987
"COMMPAPER","Commercial and finance company paper of U.S. issuers ¹",1987
"STATESEC","State and local government securities, due in 1 year or less ¹",1987
"FOREGNSEC","Foreign securities, due in 1 year or less ¹",1987
"OTHSTINV","Other short-term financial investments, including banker's acceptances",1987
"TOCASHSEC","Total cash, U.S. Government and other securities",1987
"RECUSGOVT","Trade receivables from U.S. Government ¹",1987
"ACCTRECEV","Other trade accounts and trade notes receivable (less allowance for doubtful accounts) ²",1987
"TOTRECEV","Total receivables ¹",1987
"INVENTORY","Inventories",1987
"OTHCURASS","All other current assets",1987
"TOCRASSET","Total current assets",1987
"FIXASSETS","Depreciable and amortizable fixed assets, including construction in progress",1987
"LAND","Land and mineral rights",1987
"ACCDEPREC","Accumulated depreciation, depletion, and amortization",1987
"NETPPE","Net property, plant, and equipment",1987
"OTHNCASST","All other noncurrent assets, including investment in nonconsolidated entities, long-term investments, intangibles, etc.",1987
"TOTASSET","Total Assets",1987
"STBANK","Short-term debt, original maturity 1 year or less: Loans from banks",1987
"COMPAPER","Short-term debt, original maturity 1 year or less: Commercial paper ¹",1987
"STDEBTOTH","Short-term debt, original maturity 1 year or less: Other short-term debt ²",1987
"ADVUSGOVT","Advances and prepayments by the U.S. Government ¹",1987
"ACCTPAY","Trade accounts and trade notes payable",1987
"FEDTAXPAY","Income taxes accrued, prior and current years, net of payments: Federal ¹",1987
"OTHTAXPAY","Income taxes accrued, prior and current years, net of payments: Other ²",1987
"INSTBANKS","Installments, due in 1 year or less: Loans from banks",1987
"INSTOTHER","Installments, due in 1 year or less: Other long term debt",1987
"OTCURLIAB","All other current liabilities, including excise and sales taxes, and accrued expenses",1987
"TOCRLIAB","Total current liabilities",1987
"LTBNKDEBT","Long-term debt, due in more than 1 year: Loans from banks",1987
"LTOTHDEBT","Long-term debt (due in more than 1 year): Other long-term loans",1987
"OTHNCLIAB","All other noncurrent liabilities, including deferred income taxes, capitalized leases, and minority stockholders’ interest in consolidated domestic corporations",1987
"MINORITYINT","Minority Stockholdings interest in consolidated domestic corporations",1987
"TOTLIAB","Total liabilities",1987
"CAPSTOCK","Capital stock and other capital ²",1987
"RETEARN","Retained earnings",1987
"TREASSTK","Treasury stock at cost ¹",1987
"STHLDEQUI","Stockholders’ equity",1987
"TLIABEQUI","Total Liabilities and Stockholders’ Equity",1987
"NETWKCAP","Net Working Capital: Excess of total current assets",1987
"SALES","Net sales, receipts, and operating revenues",1988
"DEPREC","Depreciation, depletion, and amortization of property, plant, and equipment",1988
"OTHERCOST","All other operating costs and expenses",1988
"OPERINC","Income (loss) from operations",1988
"INTEXP","Interest expense",1988
"DIVINC","Dividend income ¹",1988
"OTHNOPEXP","Other recurring nonoperating income (expense), including interest income, royalties, minority interest, etc. ² All other nonoperating income (expense) ³",1988
"NONRECUR","Nonrecurring items, including gain (loss) on sale of assets, restructuring costs, asset writedowns, disposal of business segments, etc. ¹",1988
"EQUITYINC","Net income (loss) of foreign branches and equity in earnings (losses) of domestic and foreign nonconsolidated subsidiaries and other investments accounted for by the equity method, net of foreign taxes ¹",1988
"NIBT","Income (loss) before income taxes",1988
"FEDTAXES","Provision for current and deferred domestic income taxes: Federal ² Provision for current and deferred domestic income taxes ³",1988
"OTHERTAX","Provision for current and deferred domestic income taxes: Other ¹",1988
"NIAT","Income (loss) after income taxes",1988
"EXTRAORD","Extraordinary gains (losses), net of taxes ¹",1988
"CUMACTG","Cumulative effect of accounting changes, net of taxes ¹",1988
"NIQUARTER","Net income (loss) for quarter ¹",1988
"DIVIDENDS","Cash dividends charged to retained earnings this quarter",1988
"NIRTINBUS","Net income retained in business",1988
"RETBEG","Retained earnings at beginning of quarter",1988
"OTHERCRDR","Other direct credits (charges) to retained earnings (net), including stock and other non-cash dividends, etc.",1988
"RETEND","Retained earnings at end of quarter",1988
"CASH","Cash and demand deposits in the U.S.",1988
"TIMEDEP","Time deposits in the U.S., including negotiable certificates of deposit",1988
"DEPOUTUS","Cash and deposits outside the U.S. ¹",1988
"TOTALCASH","Total cash on hand and in banks ² Total cash on hand and in U.S. banks ³",1988
"TREASSEC1","U.S. Treasury and Federal agency securities: Subject to agreements to sell ¹",1988
"TREASSEC2","U.S. Treasury and Federal agency securities: Other, due in 1 year or less ¹",1988
"COMMPAPER","Commercial and finance company paper of U.S. issuers ¹",1988
"STATESEC","State and local government securities, due in 1 year or less ¹",1988
"FOREGNSEC","Foreign securities, due in 1 year or less ¹",1988
"OTHSTINV","Other short-term financial investments ² Other short-term financial investments, including marketable and government securities, commercial paper, etc. ³",1988
"TOCASHSEC","Total cash, U.S. Government and other securities",1988
"RECUSGOVT","Trade receivables from U.S. Government ¹",1988
"ACCTRECEV","Other trade accounts and trade notes receivable (less allowance for doubtful accounts) ² Trade accounts and trade notes receivable (less allowance for doubtful accounts) ³",1988
"TOTRECEV","Total receivables ¹",1988
"INVENTORY","Inventories",1988
"OTHCURASS","All other current assets",1988
"TOCRASSET","Total current assets",1988
"FIXASSETS","Property, plant, and equipment",1988
"LAND","Land and mineral rights",1988
"ACCDEPREC","Accumulated depreciation, depletion, and amortization",1988
"NETPPE","Net property, plant, and equipment",1988
"TREASSEC3","U.S. Treasury and Federal agency securities, due in more than 1 year ¹",1988
"OTHNCASST","All other noncurrent assets, including investment in nonconsolidated entities, long-term investments, intangibles, etc.",1988
"TOTASSET","Total Assets",1988
"STBANK","Short-term debt, original maturity 1 year or less: Loans from banks",1988
"COMPAPER","Short-term debt, original maturity 1 year or less: Commercial paper ¹",1988
"STDEBTOTH","Short-term debt, original maturity 1 year or less: Other short-term loans ² Short-term debt, original maturity 1 year or less: Other short-term loans, including commercial paper ³",1988
"ADVUSGOVT","Advances and prepayments by the U.S. Government ¹",1988
"ACCTPAY","Trade accounts and trade notes payable",1988
"FEDTAXPAY","Income taxes accrued, prior and current years, net of payments: Federal ¹",1988
"OTHTAXPAY","Income taxes accrued, prior and current years, net of payments: Other ² Income taxes accrued, prior and current years, net of payments ³",1988
"INSTBANKS","Current portion of long-term debt, due in 1 year or less: Loans from banks",1988
"INSTBONDS","Current portion of long-term debt, due in 1 year or less: Bonds and debentures ¹",1988
"INSTOTHER","Current portion of long-term debt, due in 1 year or less: Other long-term loans",1988
"OTCURLIAB","All other current liabilities, including excise and sales taxes, and accrued expenses",1988
"TOCRLIAB","Total current liabilities",1988
"LTBNKDEBT","Long-term debt, due in more than 1 year: Loans from banks",1988
"LTBNDDEBT","Long-term debt, due in more than 1 year: Bonds and debentures ¹",1988
"LTOTHDEBT","Long-term debt (due in more than 1 year): Other long-term loans",1988
"OTHNCLIAB","All other noncurrent liabilities, including deferred income taxes, capitalized leases, and minority stockholders’ interest in consolidated domestic corporations",1988
"TOTLIAB","Total liabilities",1988
"CAPSTOCK","Capital stock and other capital ² Capital stock and other capital (less treasury stock) ³",1988
"RETEARN","Retained earnings",1988
"CUMFORCUR","Cumulative foreign currency translation adjustment ¹",1988
"OTSEITEMS","Other stockholders’ equity items, including unearned compensation and ESOP debt guarantees ¹",1988
"TREASSTK","Treasury stock at cost ¹",1988
"STHLDEQUI","Stockholders’ equity",1988
"TLIABEQUI","Total Liabilities and Stockholders’ Equity",1988
"NETWKCAP","Net Working Capital: Excess of total current assets",1988
"SALES","Net sales, receipts, and operating revenues",1989
"DEPREC","Depreciation, depletion, and amortization of property, plant, and equipment",1989
"OTHERCOST","All other operating costs and expenses",1989
"OPERINC","Income (loss) from operations",1989
"INTEXP","Interest expense",1989
"DIVINC","Dividend income ¹",1989
"OTHNOPEXP","Other recurring nonoperating income (expense), including interest income, royalties, minority interest, etc. ² All other nonoperating income (expense) ³",1989
"NONRECUR","Nonrecurring items, including gain (loss) on sale of assets, restructuring costs, asset writedowns, disposal of business segments, etc. ¹",1989
"EQUITYINC","Net income (loss) of foreign branches and equity in earnings (losses) of domestic and foreign nonconsolidated subsidiaries and other investments accounted for by the equity method, net of foreign taxes ¹",1989
"NIBT","Income (loss) before income taxes",1989
"FEDTAXES","Provision for current and deferred domestic income taxes: Federal ² Provision for current and deferred domestic income taxes ³",1989
"OTHERTAX","Provision for current and deferred domestic income taxes: Other ¹",1989
"NIAT","Income (loss) after income taxes",1989
"EXTRAORD","Extraordinary gains (losses), net of taxes ¹",1989
"CUMACTG","Cumulative effect of accounting changes, net of taxes ¹",1989
"NIQUARTER","Net income (loss) for quarter ¹",1989
"DIVIDENDS","Cash dividends charged to retained earnings this quarter",1989
"NIRTINBUS","Net income retained in business",1989
"RETBEG","Retained earnings at beginning of quarter",1989
"OTHERCRDR","Other direct credits (charges) to retained earnings (net), including stock and other non-cash dividends, etc.",1989
"RETEND","Retained earnings at end of quarter",1989
"CASH","Cash and demand deposits in the U.S.",1989
"TIMEDEP","Time deposits in the U.S., including negotiable certificates of deposit",1989
"DEPOUTUS","Cash and deposits outside the U.S. ¹",1989
"TOTALCASH","Total cash on hand and in banks ² Total cash on hand and in U.S. banks ³",1989
"TREASSEC1","U.S. Treasury and Federal agency securities: Subject to agreements to sell ¹",1989
"TREASSEC2","U.S. Treasury and Federal agency securities: Other, due in 1 year or less ¹",1989
"COMMPAPER","Commercial and finance company paper of U.S. issuers ¹",1989
"STATESEC","State and local government securities, due in 1 year or less ¹",1989
"FOREGNSEC","Foreign securities, due in 1 year or less ¹",1989
"OTHSTINV","Other short-term financial investments ² Other short-term financial investments, including marketable and government securities, commercial paper, etc. ³",1989
"TOCASHSEC","Total cash, U.S. Government and other securities",1989
"RECUSGOVT","Trade receivables from U.S. Government ¹",1989
"ACCTRECEV","Other trade accounts and trade notes receivable (less allowance for doubtful accounts) ² Trade accounts and trade notes receivable (less allowance for doubtful accounts) ³",1989
"TOTRECEV","Total receivables ¹",1989
"INVENTORY","Inventories",1989
"OTHCURASS","All other current assets",1989
"TOCRASSET","Total current assets",1989
"FIXASSETS","Property, plant, and equipment",1989
"LAND","Land and mineral rights",1989
"ACCDEPREC","Accumulated depreciation, depletion, and amortization",1989
"NETPPE","Net property, plant, and equipment",1989
"TREASSEC3","U.S. Treasury and Federal agency securities, due in more than 1 year ¹",1989
"OTHNCASST","All other noncurrent assets, including investment in nonconsolidated entities, long-term investments, intangibles, etc.",1989
"TOTASSET","Total Assets",1989
"STBANK","Short-term debt, original maturity 1 year or less: Loans from banks",1989
"COMPAPER","Short-term debt, original maturity 1 year or less: Commercial paper ¹",1989
"STDEBTOTH","Short-term debt, original maturity 1 year or less: Other short-term loans ² Short-term debt, original maturity 1 year or less: Other short-term loans, including commercial paper ³",1989
"ADVUSGOVT","Advances and prepayments by the U.S. Government ¹",1989
"ACCTPAY","Trade accounts and trade notes payable",1989
"FEDTAXPAY","Income taxes accrued, prior and current years, net of payments: Federal ¹",1989
"OTHTAXPAY","Income taxes accrued, prior and current years, net of payments: Other ² Income taxes accrued, prior and current years, net of payments ³",1989
"INSTBANKS","Current portion of long-term debt, due in 1 year or less: Loans from banks",1989
"INSTBONDS","Current portion of long-term debt, due in 1 year or less: Bonds and debentures ¹",1989
"INSTOTHER","Current portion of long-term debt, due in 1 year or less: Other long-term loans",1989
"OTCURLIAB","All other current liabilities, including excise and sales taxes, and accrued expenses",1989
"TOCRLIAB","Total current liabilities",1989
"LTBNKDEBT","Long-term debt, due in more than 1 year: Loans from banks",1989
"LTBNDDEBT","Long-term debt, due in more than 1 year: Bonds and debentures ¹",1989
"LTOTHDEBT","Long-term debt (due in more than 1 year): Other long-term loans",1989
"OTHNCLIAB","All other noncurrent liabilities, including deferred income taxes, capitalized leases, and minority stockholders’ interest in consolidated domestic corporations",1989
"TOTLIAB","Total liabilities",1989
"CAPSTOCK","Capital stock and other capital ² Capital stock and other capital (less treasury stock) ³",1989
"RETEARN","Retained earnings",1989
"CUMFORCUR","Cumulative foreign currency translation adjustment ¹",1989
"OTSEITEMS","Other stockholders’ equity items, including unearned compensation and ESOP debt guarantees ¹",1989
"TREASSTK","Treasury stock at cost ¹",1989
"STHLDEQUI","Stockholders’ equity",1989
"TLIABEQUI","Total Liabilities and Stockholders’ Equity",1989
"NETWKCAP","Net Working Capital: Excess of total current assets",1989
"SALES","Net sales, receipts, and operating revenues",1990
"DEPREC","Depreciation, depletion, and amortization of property, plant, and equipment",1990
"OTHERCOST","All other operating costs and expenses",1990
"OPERINC","Income (loss) from operations",1990
"INTEXP","Interest expense",1990
"DIVINC","Dividend income ¹",1990
"OTHNOPEXP","Other recurring nonoperating income (expense), including interest income, royalties, minority interest, etc. ² All other nonoperating income (expense) ³",1990
"NONRECUR","Nonrecurring items, including gain (loss) on sale of assets, restructuring costs, asset writedowns, disposal of business segments, etc. ¹",1990
"EQUITYINC","Net income (loss) of foreign branches and equity in earnings (losses) of domestic and foreign nonconsolidated subsidiaries and other investments accounted for by the equity method, net of foreign taxes ¹",1990
"NIBT","Income (loss) before income taxes",1990
"FEDTAXES","Provision for current and deferred domestic income taxes: Federal ² Provision for current and deferred domestic income taxes ³",1990
"OTHERTAX","Provision for current and deferred domestic income taxes: Other ¹",1990
"NIAT","Income (loss) after income taxes",1990
"EXTRAORD","Extraordinary gains (losses), net of taxes ¹",1990
"CUMACTG","Cumulative effect of accounting changes, net of taxes ¹",1990
"NIQUARTER","Net income (loss) for quarter ¹",1990
"DIVIDENDS","Cash dividends charged to retained earnings this quarter",1990
"NIRTINBUS","Net income retained in business",1990
"RETBEG","Retained earnings at beginning of quarter",1990
"OTHERCRDR","Other direct credits (charges) to retained earnings (net), including stock and other non-cash dividends, etc.",1990
"RETEND","Retained earnings at end of quarter",1990
"CASH","Cash and demand deposits in the U.S.",1990
"TIMEDEP","Time deposits in the U.S., including negotiable certificates of deposit",1990
"DEPOUTUS","Cash and deposits outside the U.S. ¹",1990
"TOTALCASH","Total cash on hand and in banks ² Total cash on hand and in U.S. banks ³",1990
"TREASSEC1","U.S. Treasury and Federal agency securities: Subject to agreements to sell ¹",1990
"TREASSEC2","U.S. Treasury and Federal agency securities: Other, due in 1 year or less ¹",1990
"COMMPAPER","Commercial and finance company paper of U.S. issuers ¹",1990
"STATESEC","State and local government securities, due in 1 year or less ¹",1990
"FOREGNSEC","Foreign securities, due in 1 year or less ¹",1990
"OTHSTINV","Other short-term financial investments ² Other short-term financial investments, including marketable and government securities, commercial paper, etc. ³",1990
"TOCASHSEC","Total cash, U.S. Government and other securities",1990
"RECUSGOVT","Trade receivables from U.S. Government ¹",1990
"ACCTRECEV","Other trade accounts and trade notes receivable (less allowance for doubtful accounts) ² Trade accounts and trade notes receivable (less allowance for doubtful accounts) ³",1990
"TOTRECEV","Total receivables ¹",1990
"INVENTORY","Inventories",1990
"OTHCURASS","All other current assets",1990
"TOCRASSET","Total current assets",1990
"FIXASSETS","Property, plant, and equipment",1990
"LAND","Land and mineral rights",1990
"ACCDEPREC","Accumulated depreciation, depletion, and amortization",1990
"NETPPE","Net property, plant, and equipment",1990
"TREASSEC3","U.S. Treasury and Federal agency securities, due in more than 1 year ¹",1990
"OTHNCASST","All other noncurrent assets, including investment in nonconsolidated entities, long-term investments, intangibles, etc.",1990
"TOTASSET","Total Assets",1990
"STBANK","Short-term debt, original maturity 1 year or less: Loans from banks",1990
"COMPAPER","Short-term debt, original maturity 1 year or less: Commercial paper ¹",1990
"STDEBTOTH","Short-term debt, original maturity 1 year or less: Other short-term loans ² Short-term debt, original maturity 1 year or less: Other short-term loans, including commercial paper ³",1990
"ADVUSGOVT","Advances and prepayments by the U.S. Government ¹",1990
"ACCTPAY","Trade accounts and trade notes payable",1990
"FEDTAXPAY","Income taxes accrued, prior and current years, net of payments: Federal ¹",1990
"OTHTAXPAY","Income taxes accrued, prior and current years, net of payments: Other ² Income taxes accrued, prior and current years, net of payments ³",1990
"INSTBANKS","Current portion of long-term debt, due in 1 year or less: Loans from banks",1990
"INSTBONDS","Current portion of long-term debt, due in 1 year or less: Bonds and debentures ¹",1990
"INSTOTHER","Current portion of long-term debt, due in 1 year or less: Other long-term loans",1990
"OTCURLIAB","All other current liabilities, including excise and sales taxes, and accrued expenses",1990
"TOCRLIAB","Total current liabilities",1990
"LTBNKDEBT","Long-term debt, due in more than 1 year: Loans from banks",1990
"LTBNDDEBT","Long-term debt, due in more than 1 year: Bonds and debentures ¹",1990
"LTOTHDEBT","Long-term debt (due in more than 1 year): Other long-term loans",1990
"OTHNCLIAB","All other noncurrent liabilities, including deferred income taxes, capitalized leases, and minority stockholders’ interest in consolidated domestic corporations",1990
"TOTLIAB","Total liabilities",1990
"CAPSTOCK","Capital stock and other capital ² Capital stock and other capital (less treasury stock) ³",1990
"RETEARN","Retained earnings",1990
"CUMFORCUR","Cumulative foreign currency translation adjustment ¹",1990
"OTSEITEMS","Other stockholders’ equity items, including unearned compensation and ESOP debt guarantees ¹",1990
"TREASSTK","Treasury stock at cost ¹",1990
"STHLDEQUI","Stockholders’ equity",1990
"TLIABEQUI","Total Liabilities and Stockholders’ Equity",1990
"NETWKCAP","Net Working Capital: Excess of total current assets",1990
"SALES","Net sales, receipts, and operating revenues",1991
"DEPREC","Depreciation, depletion, and amortization of property, plant, and equipment",1991
"OTHERCOST","All other operating costs and expenses",1991
"OPERINC","Income (loss) from operations",1991
"INTEXP","Interest expense",1991
"DIVINC","Dividend income ¹",1991
"OTHNOPEXP","Other recurring nonoperating income (expense), including interest income, royalties, minority interest, etc. ² All other nonoperating income (expense) ³",1991
"NONRECUR","Nonrecurring items, including gain (loss) on sale of assets, restructuring costs, asset writedowns, disposal of business segments, etc. ¹",1991
"EQUITYINC","Net income (loss) of foreign branches and equity in earnings (losses) of domestic and foreign nonconsolidated subsidiaries and other investments accounted for by the equity method, net of foreign taxes ¹",1991
"NIBT","Income (loss) before income taxes",1991
"FEDTAXES","Provision for current and deferred domestic income taxes: Federal ² Provision for current and deferred domestic income taxes ³",1991
"OTHERTAX","Provision for current and deferred domestic income taxes: Other ¹",1991
"NIAT","Income (loss) after income taxes",1991
"EXTRAORD","Extraordinary gains (losses), net of taxes ¹",1991
"CUMACTG","Cumulative effect of accounting changes, net of taxes ¹",1991
"NIQUARTER","Net income (loss) for quarter ¹",1991
"DIVIDENDS","Cash dividends charged to retained earnings this quarter",1991
"NIRTINBUS","Net income retained in business",1991
"RETBEG","Retained earnings at beginning of quarter",1991
"OTHERCRDR","Other direct credits (charges) to retained earnings (net), including stock and other non-cash dividends, etc.",1991
"RETEND","Retained earnings at end of quarter",1991
"CASH","Cash and demand deposits in the U.S.",1991
"TIMEDEP","Time deposits in the U.S., including negotiable certificates of deposit",1991
"DEPOUTUS","Cash and deposits outside the U.S. ¹",1991
"TOTALCASH","Total cash on hand and in banks ² Total cash on hand and in U.S. banks ³",1991
"TREASSEC1","U.S. Treasury and Federal agency securities: Subject to agreements to sell ¹",1991
"TREASSEC2","U.S. Treasury and Federal agency securities: Other, due in 1 year or less ¹",1991
"COMMPAPER","Commercial and finance company paper of U.S. issuers ¹",1991
"STATESEC","State and local government securities, due in 1 year or less ¹",1991
"FOREGNSEC","Foreign securities, due in 1 year or less ¹",1991
"OTHSTINV","Other short-term financial investments ² Other short-term financial investments, including marketable and government securities, commercial paper, etc. ³",1991
"TOCASHSEC","Total cash, U.S. Government and other securities",1991
"RECUSGOVT","Trade receivables from U.S. Government ¹",1991
"ACCTRECEV","Other trade accounts and trade notes receivable (less allowance for doubtful accounts) ² Trade accounts and trade notes receivable (less allowance for doubtful accounts) ³",1991
"TOTRECEV","Total receivables ¹",1991
"INVENTORY","Inventories",1991
"OTHCURASS","All other current assets",1991
"TOCRASSET","Total current assets",1991
"FIXASSETS","Property, plant, and equipment",1991
"LAND","Land and mineral rights",1991
"ACCDEPREC","Accumulated depreciation, depletion, and amortization",1991
"NETPPE","Net property, plant, and equipment",1991
"TREASSEC3","U.S. Treasury and Federal agency securities, due in more than 1 year ¹",1991
"OTHNCASST","All other noncurrent assets, including investment in nonconsolidated entities, long-term investments, intangibles, etc.",1991
"TOTASSET","Total Assets",1991
"STBANK","Short-term debt, original maturity 1 year or less: Loans from banks",1991
"COMPAPER","Short-term debt, original maturity 1 year or less: Commercial paper ¹",1991
"STDEBTOTH","Short-term debt, original maturity 1 year or less: Other short-term loans ² Short-term debt, original maturity 1 year or less: Other short-term loans, including commercial paper ³",1991
"ADVUSGOVT","Advances and prepayments by the U.S. Government ¹",1991
"ACCTPAY","Trade accounts and trade notes payable",1991
"FEDTAXPAY","Income taxes accrued, prior and current years, net of payments: Federal ¹",1991
"OTHTAXPAY","Income taxes accrued, prior and current years, net of payments: Other ² Income taxes accrued, prior and current years, net of payments ³",1991
"INSTBANKS","Current portion of long-term debt, due in 1 year or less: Loans from banks",1991
"INSTBONDS","Current portion of long-term debt, due in 1 year or less: Bonds and debentures ¹",1991
"INSTOTHER","Current portion of long-term debt, due in 1 year or less: Other long-term loans",1991
"OTCURLIAB","All other current liabilities, including excise and sales taxes, and accrued expenses",1991
"TOCRLIAB","Total current liabilities",1991
"LTBNKDEBT","Long-term debt, due in more than 1 year: Loans from banks",1991
"LTBNDDEBT","Long-term debt, due in more than 1 year: Bonds and debentures ¹",1991
"LTOTHDEBT","Long-term debt (due in more than 1 year): Other long-term loans",1991
"OTHNCLIAB","All other noncurrent liabilities, including deferred income taxes, capitalized leases, and minority stockholders’ interest in consolidated domestic corporations",1991
"TOTLIAB","Total liabilities",1991
"CAPSTOCK","Capital stock and other capital ² Capital stock and other capital (less treasury stock) ³",1991
"RETEARN","Retained earnings",1991
"CUMFORCUR","Cumulative foreign currency translation adjustment ¹",1991
"OTSEITEMS","Other stockholders’ equity items, including unearned compensation and ESOP debt guarantees ¹",1991
"TREASSTK","Treasury stock at cost ¹",1991
"STHLDEQUI","Stockholders’ equity",1991
"TLIABEQUI","Total Liabilities and Stockholders’ Equity",1991
"NETWKCAP","Net Working Capital: Excess of total current assets",1991
"SALES","Net sales, receipts, and operating revenues",1992
"DEPREC","Depreciation, depletion, and amortization of property, plant, and equipment",1992
"OTHERCOST","All other operating costs and expenses",1992
"OPERINC","Income (loss) from operations",1992
"INTEXP","Interest expense",1992
"DIVINC","Dividend income ¹",1992
"OTHNOPEXP","Other recurring nonoperating income (expense), including interest income, royalties, minority interest, etc. ² All other nonoperating income (expense) ³",1992
"NONRECUR","Nonrecurring items, including gain (loss) on sale of assets, restructuring costs, asset writedowns, disposal of business segments, etc. ¹",1992
"EQUITYINC","Net income (loss) of foreign branches and equity in earnings (losses) of domestic and foreign nonconsolidated subsidiaries and other investments accounted for by the equity method, net of foreign taxes ¹",1992
"NIBT","Income (loss) before income taxes",1992
"FEDTAXES","Provision for current and deferred domestic income taxes: Federal ² Provision for current and deferred domestic income taxes ³",1992
"OTHERTAX","Provision for current and deferred domestic income taxes: Other ¹",1992
"NIAT","Income (loss) after income taxes",1992
"EXTRAORD","Extraordinary gains (losses), net of taxes ¹",1992
"CUMACTG","Cumulative effect of accounting changes, net of taxes ¹",1992
"NIQUARTER","Net income (loss) for quarter ¹",1992
"DIVIDENDS","Cash dividends charged to retained earnings this quarter",1992
"NIRTINBUS","Net income retained in business",1992
"RETBEG","Retained earnings at beginning of quarter",1992
"OTHERCRDR","Other direct credits (charges) to retained earnings (net), including stock and other non-cash dividends, etc.",1992
"RETEND","Retained earnings at end of quarter",1992
"CASH","Cash and demand deposits in the U.S.",1992
"TIMEDEP","Time deposits in the U.S., including negotiable certificates of deposit",1992
"DEPOUTUS","Cash and deposits outside the U.S. ¹",1992
"TOTALCASH","Total cash on hand and in banks ² Total cash on hand and in U.S. banks ³",1992
"TREASSEC1","U.S. Treasury and Federal agency securities: Subject to agreements to sell ¹",1992
"TREASSEC2","U.S. Treasury and Federal agency securities: Other, due in 1 year or less ¹",1992
"COMMPAPER","Commercial and finance company paper of U.S. issuers ¹",1992
"STATESEC","State and local government securities, due in 1 year or less ¹",1992
"FOREGNSEC","Foreign securities, due in 1 year or less ¹",1992
"OTHSTINV","Other short-term financial investments ² Other short-term financial investments, including marketable and government securities, commercial paper, etc. ³",1992
"TOCASHSEC","Total cash, U.S. Government and other securities",1992
"RECUSGOVT","Trade receivables from U.S. Government ¹",1992
"ACCTRECEV","Other trade accounts and trade notes receivable (less allowance for doubtful accounts) ² Trade accounts and trade notes receivable (less allowance for doubtful accounts) ³",1992
"TOTRECEV","Total receivables ¹",1992
"INVENTORY","Inventories",1992
"OTHCURASS","All other current assets",1992
"TOCRASSET","Total current assets",1992
"FIXASSETS","Property, plant, and equipment",1992
"LAND","Land and mineral rights",1992
"ACCDEPREC","Accumulated depreciation, depletion, and amortization",1992
"NETPPE","Net property, plant, and equipment",1992
"TREASSEC3","U.S. Treasury and Federal agency securities, due in more than 1 year ¹",1992
"OTHNCASST","All other noncurrent assets, including investment in nonconsolidated entities, long-term investments, intangibles, etc.",1992
"TOTASSET","Total Assets",1992
"STBANK","Short-term debt, original maturity 1 year or less: Loans from banks",1992
"COMPAPER","Short-term debt, original maturity 1 year or less: Commercial paper ¹",1992
"STDEBTOTH","Short-term debt, original maturity 1 year or less: Other short-term loans ² Short-term debt, original maturity 1 year or less: Other short-term loans, including commercial paper ³",1992
"ADVUSGOVT","Advances and prepayments by the U.S. Government ¹",1992
"ACCTPAY","Trade accounts and trade notes payable",1992
"FEDTAXPAY","Income taxes accrued, prior and current years, net of payments: Federal ¹",1992
"OTHTAXPAY","Income taxes accrued, prior and current years, net of payments: Other ² Income taxes accrued, prior and current years, net of payments ³",1992
"INSTBANKS","Current portion of long-term debt, due in 1 year or less: Loans from banks",1992
"INSTBONDS","Current portion of long-term debt, due in 1 year or less: Bonds and debentures ¹",1992
"INSTOTHER","Current portion of long-term debt, due in 1 year or less: Other long-term loans",1992
"OTCURLIAB","All other current liabilities, including excise and sales taxes, and accrued expenses",1992
"TOCRLIAB","Total current liabilities",1992
"LTBNKDEBT","Long-term debt, due in more than 1 year: Loans from banks",1992
"LTBNDDEBT","Long-term debt, due in more than 1 year: Bonds and debentures ¹",1992
"LTOTHDEBT","Long-term debt (due in more than 1 year): Other long-term loans",1992
"OTHNCLIAB","All other noncurrent liabilities, including deferred income taxes, capitalized leases, and minority stockholders’ interest in consolidated domestic corporations",1992
"TOTLIAB","Total liabilities",1992
"CAPSTOCK","Capital stock and other capital ² Capital stock and other capital (less treasury stock) ³",1992
"RETEARN","Retained earnings",1992
"CUMFORCUR","Cumulative foreign currency translation adjustment ¹",1992
"OTSEITEMS","Other stockholders’ equity items, including unearned compensation and ESOP debt guarantees ¹",1992
"TREASSTK","Treasury stock at cost ¹",1992
"STHLDEQUI","Stockholders’ equity",1992
"TLIABEQUI","Total Liabilities and Stockholders’ Equity",1992
"NETWKCAP","Net Working Capital: Excess of total current assets",1992
"SALES","Net sales, receipts, and operating revenues",1993
"DEPREC","Depreciation, depletion, and amortization of property, plant, and equipment",1993
"OTHERCOST","All other operating costs and expenses",1993
"OPERINC","Income (loss) from operations",1993
"INTEXP","Interest expense",1993
"DIVINC","Dividend income ¹",1993
"OTHNOPEXP","Other recurring nonoperating income (expense), including interest income, royalties, minority interest, etc. ² All other nonoperating income (expense) ³",1993
"NONRECUR","Nonrecurring items, including gain (loss) on sale of assets, restructuring costs, asset writedowns, disposal of business segments, etc. ¹",1993
"EQUITYINC","Net income (loss) of foreign branches and equity in earnings (losses) of domestic and foreign nonconsolidated subsidiaries and other investments accounted for by the equity method, net of foreign taxes ¹",1993
"NIBT","Income (loss) before income taxes",1993
"FEDTAXES","Provision for current and deferred domestic income taxes: Federal ² Provision for current and deferred domestic income taxes ³",1993
"OTHERTAX","Provision for current and deferred domestic income taxes: Other ¹",1993
"NIAT","Income (loss) after income taxes",1993
"EXTRAORD","Extraordinary gains (losses), net of taxes ¹",1993
"CUMACTG","Cumulative effect of accounting changes, net of taxes ¹",1993
"NIQUARTER","Net income (loss) for quarter ¹",1993
"DIVIDENDS","Cash dividends charged to retained earnings this quarter",1993
"NIRTINBUS","Net income retained in business",1993
"RETBEG","Retained earnings at beginning of quarter",1993
"OTHERCRDR","Other direct credits (charges) to retained earnings (net), including stock and other non-cash dividends, etc.",1993
"RETEND","Retained earnings at end of quarter",1993
"CASH","Cash and demand deposits in the U.S.",1993
"TIMEDEP","Time deposits in the U.S., including negotiable certificates of deposit",1993
"DEPOUTUS","Cash and deposits outside the U.S. ¹",1993
"TOTALCASH","Total cash on hand and in banks ² Total cash on hand and in U.S. banks ³",1993
"TREASSEC1","U.S. Treasury and Federal agency securities: Subject to agreements to sell ¹",1993
"TREASSEC2","U.S. Treasury and Federal agency securities: Other, due in 1 year or less ¹",1993
"COMMPAPER","Commercial and finance company paper of U.S. issuers ¹",1993
"STATESEC","State and local government securities, due in 1 year or less ¹",1993
"FOREGNSEC","Foreign securities, due in 1 year or less ¹",1993
"OTHSTINV","Other short-term financial investments ² Other short-term financial investments, including marketable and government securities, commercial paper, etc. ³",1993
"TOCASHSEC","Total cash, U.S. Government and other securities",1993
"RECUSGOVT","Trade receivables from U.S. Government ¹",1993
"ACCTRECEV","Other trade accounts and trade notes receivable (less allowance for doubtful accounts) ² Trade accounts and trade notes receivable (less allowance for doubtful accounts) ³",1993
"TOTRECEV","Total receivables ¹",1993
"INVENTORY","Inventories",1993
"OTHCURASS","All other current assets",1993
"TOCRASSET","Total current assets",1993
"FIXASSETS","Property, plant, and equipment",1993
"LAND","Land and mineral rights",1993
"ACCDEPREC","Accumulated depreciation, depletion, and amortization",1993
"NETPPE","Net property, plant, and equipment",1993
"TREASSEC3","U.S. Treasury and Federal agency securities, due in more than 1 year ¹",1993
"OTHNCASST","All other noncurrent assets, including investment in nonconsolidated entities, long-term investments, intangibles, etc.",1993
"TOTASSET","Total Assets",1993
"STBANK","Short-term debt, original maturity 1 year or less: Loans from banks",1993
"COMPAPER","Short-term debt, original maturity 1 year or less: Commercial paper ¹",1993
"STDEBTOTH","Short-term debt, original maturity 1 year or less: Other short-term loans ² Short-term debt, original maturity 1 year or less: Other short-term loans, including commercial paper ³",1993
"ADVUSGOVT","Advances and prepayments by the U.S. Government ¹",1993
"ACCTPAY","Trade accounts and trade notes payable",1993
"FEDTAXPAY","Income taxes accrued, prior and current years, net of payments: Federal ¹",1993
"OTHTAXPAY","Income taxes accrued, prior and current years, net of payments: Other ² Income taxes accrued, prior and current years, net of payments ³",1993
"INSTBANKS","Current portion of long-term debt, due in 1 year or less: Loans from banks",1993
"INSTBONDS","Current portion of long-term debt, due in 1 year or less: Bonds and debentures ¹",1993
"INSTOTHER","Current portion of long-term debt, due in 1 year or less: Other long-term loans",1993
"OTCURLIAB","All other current liabilities, including excise and sales taxes, and accrued expenses",1993
"TOCRLIAB","Total current liabilities",1993
"LTBNKDEBT","Long-term debt, due in more than 1 year: Loans from banks",1993
"LTBNDDEBT","Long-term debt, due in more than 1 year: Bonds and debentures ¹",1993
"LTOTHDEBT","Long-term debt (due in more than 1 year): Other long-term loans",1993
"OTHNCLIAB","All other noncurrent liabilities, including deferred income taxes, capitalized leases, and minority stockholders’ interest in consolidated domestic corporations",1993
"TOTLIAB","Total liabilities",1993
"CAPSTOCK","Capital stock and other capital ² Capital stock and other capital (less treasury stock) ³",1993
"RETEARN","Retained earnings",1993
"CUMFORCUR","Cumulative foreign currency translation adjustment ¹",1993
"OTSEITEMS","Other stockholders’ equity items, including unearned compensation and ESOP debt guarantees ¹",1993
"TREASSTK","Treasury stock at cost ¹",1993
"STHLDEQUI","Stockholders’ equity",1993
"TLIABEQUI","Total Liabilities and Stockholders’ Equity",1993
"NETWKCAP","Net Working Capital: Excess of total current assets",1993
"SALES","Net sales, receipts, and operating revenues",1994
"DEPREC","Depreciation, depletion, and amortization of property, plant, and equipment",1994
"OTHERCOST","All other operating costs and expenses",1994
"OPERINC","Income (loss) from operations",1994
"INTEXP","Interest expense",1994
"DIVINC","Dividend income ¹",1994
"OTHNOPEXP","Other recurring nonoperating income (expense), including interest income, royalties, minority interest, etc. ² All other nonoperating income (expense) ³",1994
"NONRECUR","Nonrecurring items, including gain (loss) on sale of assets, restructuring costs, asset writedowns, disposal of business segments, etc. ¹",1994
"EQUITYINC","Net income (loss) of foreign branches and equity in earnings (losses) of domestic and foreign nonconsolidated subsidiaries and other investments accounted for by the equity method, net of foreign taxes ¹",1994
"NIBT","Income (loss) before income taxes",1994
"FEDTAXES","Provision for current and deferred domestic income taxes: Federal ² Provision for current and deferred domestic income taxes ³",1994
"OTHERTAX","Provision for current and deferred domestic income taxes: Other ¹",1994
"NIAT","Income (loss) after income taxes",1994
"EXTRAORD","Extraordinary gains (losses), net of taxes ¹",1994
"CUMACTG","Cumulative effect of accounting changes, net of taxes ¹",1994
"NIQUARTER","Net income (loss) for quarter ¹",1994
"DIVIDENDS","Cash dividends charged to retained earnings this quarter",1994
"NIRTINBUS","Net income retained in business",1994
"RETBEG","Retained earnings at beginning of quarter",1994
"OTHERCRDR","Other direct credits (charges) to retained earnings (net), including stock and other non-cash dividends, etc.",1994
"RETEND","Retained earnings at end of quarter",1994
"CASH","Cash and demand deposits in the U.S.",1994
"TIMEDEP","Time deposits in the U.S., including negotiable certificates of deposit",1994
"DEPOUTUS","Cash and deposits outside the U.S. ¹",1994
"TOTALCASH","Total cash on hand and in banks ² Total cash on hand and in U.S. banks ³",1994
"TREASSEC1","U.S. Treasury and Federal agency securities: Subject to agreements to sell ¹",1994
"TREASSEC2","U.S. Treasury and Federal agency securities: Other, due in 1 year or less ¹",1994
"COMMPAPER","Commercial and finance company paper of U.S. issuers ¹",1994
"STATESEC","State and local government securities, due in 1 year or less ¹",1994
"FOREGNSEC","Foreign securities, due in 1 year or less ¹",1994
"OTHSTINV","Other short-term financial investments ² Other short-term financial investments, including marketable and government securities, commercial paper, etc. ³",1994
"TOCASHSEC","Total cash, U.S. Government and other securities",1994
"RECUSGOVT","Trade receivables from U.S. Government ¹",1994
"ACCTRECEV","Other trade accounts and trade notes receivable (less allowance for doubtful accounts) ² Trade accounts and trade notes receivable (less allowance for doubtful accounts) ³",1994
"TOTRECEV","Total receivables ¹",1994
"INVENTORY","Inventories",1994
"OTHCURASS","All other current assets",1994
"TOCRASSET","Total current assets",1994
"FIXASSETS","Property, plant, and equipment",1994
"LAND","Land and mineral rights",1994
"ACCDEPREC","Accumulated depreciation, depletion, and amortization",1994
"NETPPE","Net property, plant, and equipment",1994
"TREASSEC3","U.S. Treasury and Federal agency securities, due in more than 1 year ¹",1994
"OTHNCASST","All other noncurrent assets, including investment in nonconsolidated entities, long-term investments, intangibles, etc.",1994
"TOTASSET","Total Assets",1994
"STBANK","Short-term debt, original maturity 1 year or less: Loans from banks",1994
"COMPAPER","Short-term debt, original maturity 1 year or less: Commercial paper ¹",1994
"STDEBTOTH","Short-term debt, original maturity 1 year or less: Other short-term loans ² Short-term debt, original maturity 1 year or less: Other short-term loans, including commercial paper ³",1994
"ADVUSGOVT","Advances and prepayments by the U.S. Government ¹",1994
"ACCTPAY","Trade accounts and trade notes payable",1994
"FEDTAXPAY","Income taxes accrued, prior and current years, net of payments: Federal ¹",1994
"OTHTAXPAY","Income taxes accrued, prior and current years, net of payments: Other ² Income taxes accrued, prior and current years, net of payments ³",1994
"INSTBANKS","Current portion of long-term debt, due in 1 year or less: Loans from banks",1994
"INSTBONDS","Current portion of long-term debt, due in 1 year or less: Bonds and debentures ¹",1994
"INSTOTHER","Current portion of long-term debt, due in 1 year or less: Other long-term loans",1994
"OTCURLIAB","All other current liabilities, including excise and sales taxes, and accrued expenses",1994
"TOCRLIAB","Total current liabilities",1994
"LTBNKDEBT","Long-term debt, due in more than 1 year: Loans from banks",1994
"LTBNDDEBT","Long-term debt, due in more than 1 year: Bonds and debentures ¹",1994
"LTOTHDEBT","Long-term debt (due in more than 1 year): Other long-term loans",1994
"OTHNCLIAB","All other noncurrent liabilities, including deferred income taxes, capitalized leases, and minority stockholders’ interest in consolidated domestic corporations",1994
"TOTLIAB","Total liabilities",1994
"CAPSTOCK","Capital stock and other capital ² Capital stock and other capital (less treasury stock) ³",1994
"RETEARN","Retained earnings",1994
"CUMFORCUR","Cumulative foreign currency translation adjustment ¹",1994
"OTSEITEMS","Other stockholders’ equity items, including unearned compensation and ESOP debt guarantees ¹",1994
"TREASSTK","Treasury stock at cost ¹",1994
"STHLDEQUI","Stockholders’ equity",1994
"TLIABEQUI","Total Liabilities and Stockholders’ Equity",1994
"NETWKCAP","Net Working Capital: Excess of total current assets",1994
"SALES","Net sales, receipts, and operating revenues",1995
"DEPREC","Depreciation, depletion, and amortization of property, plant, and equipment",1995
"OTHERCOST","All other operating costs and expenses",1995
"OPERINC","Income (loss) from operations",1995
"INTEXP","Interest expense",1995
"DIVINC","Dividend income ¹",1995
"OTHNOPEXP","Other recurring nonoperating income (expense), including interest income, royalties, minority interest, etc. ² All other nonoperating income (expense) ³",1995
"NONRECUR","Nonrecurring items, including gain (loss) on sale of assets, restructuring costs, asset writedowns, disposal of business segments, etc. ¹",1995
"EQUITYINC","Net income (loss) of foreign branches and equity in earnings (losses) of domestic and foreign nonconsolidated subsidiaries and other investments accounted for by the equity method, net of foreign taxes ¹",1995
"NIBT","Income (loss) before income taxes",1995
"FEDTAXES","Provision for current and deferred domestic income taxes: Federal ² Provision for current and deferred domestic income taxes ³",1995
"OTHERTAX","Provision for current and deferred domestic income taxes: Other ¹",1995
"NIAT","Income (loss) after income taxes",1995
"EXTRAORD","Extraordinary gains (losses), net of taxes ¹",1995
"CUMACTG","Cumulative effect of accounting changes, net of taxes ¹",1995
"NIQUARTER","Net income (loss) for quarter ¹",1995
"DIVIDENDS","Cash dividends charged to retained earnings this quarter",1995
"NIRTINBUS","Net income retained in business",1995
"RETBEG","Retained earnings at beginning of quarter",1995
"OTHERCRDR","Other direct credits (charges) to retained earnings (net), including stock and other non-cash dividends, etc.",1995
"RETEND","Retained earnings at end of quarter",1995
"CASH","Cash and demand deposits in the U.S.",1995
"TIMEDEP","Time deposits in the U.S., including negotiable certificates of deposit",1995
"DEPOUTUS","Cash and deposits outside the U.S. ¹",1995
"TOTALCASH","Total cash on hand and in banks ² Total cash on hand and in U.S. banks ³",1995
"TREASSEC1","U.S. Treasury and Federal agency securities: Subject to agreements to sell ¹",1995
"TREASSEC2","U.S. Treasury and Federal agency securities: Other, due in 1 year or less ¹",1995
"COMMPAPER","Commercial and finance company paper of U.S. issuers ¹",1995
"STATESEC","State and local government securities, due in 1 year or less ¹",1995
"FOREGNSEC","Foreign securities, due in 1 year or less ¹",1995
"OTHSTINV","Other short-term financial investments ² Other short-term financial investments, including marketable and government securities, commercial paper, etc. ³",1995
"TOCASHSEC","Total cash, U.S. Government and other securities",1995
"RECUSGOVT","Trade receivables from U.S. Government ¹",1995
"ACCTRECEV","Other trade accounts and trade notes receivable (less allowance for doubtful accounts) ² Trade accounts and trade notes receivable (less allowance for doubtful accounts) ³",1995
"TOTRECEV","Total receivables ¹",1995
"INVENTORY","Inventories",1995
"OTHCURASS","All other current assets",1995
"TOCRASSET","Total current assets",1995
"FIXASSETS","Property, plant, and equipment",1995
"LAND","Land and mineral rights",1995
"ACCDEPREC","Accumulated depreciation, depletion, and amortization",1995
"NETPPE","Net property, plant, and equipment",1995
"TREASSEC3","U.S. Treasury and Federal agency securities, due in more than 1 year ¹",1995
"OTHNCASST","All other noncurrent assets, including investment in nonconsolidated entities, long-term investments, intangibles, etc.",1995
"TOTASSET","Total Assets",1995
"STBANK","Short-term debt, original maturity 1 year or less: Loans from banks",1995
"COMPAPER","Short-term debt, original maturity 1 year or less: Commercial paper ¹",1995
"STDEBTOTH","Short-term debt, original maturity 1 year or less: Other short-term loans ² Short-term debt, original maturity 1 year or less: Other short-term loans, including commercial paper ³",1995
"ADVUSGOVT","Advances and prepayments by the U.S. Government ¹",1995
"ACCTPAY","Trade accounts and trade notes payable",1995
"FEDTAXPAY","Income taxes accrued, prior and current years, net of payments: Federal ¹",1995
"OTHTAXPAY","Income taxes accrued, prior and current years, net of payments: Other ² Income taxes accrued, prior and current years, net of payments ³",1995
"INSTBANKS","Current portion of long-term debt, due in 1 year or less: Loans from banks",1995
"INSTBONDS","Current portion of long-term debt, due in 1 year or less: Bonds and debentures ¹",1995
"INSTOTHER","Current portion of long-term debt, due in 1 year or less: Other long-term loans",1995
"OTCURLIAB","All other current liabilities, including excise and sales taxes, and accrued expenses",1995
"TOCRLIAB","Total current liabilities",1995
"LTBNKDEBT","Long-term debt, due in more than 1 year: Loans from banks",1995
"LTBNDDEBT","Long-term debt, due in more than 1 year: Bonds and debentures ¹",1995
"LTOTHDEBT","Long-term debt (due in more than 1 year): Other long-term loans",1995
"OTHNCLIAB","All other noncurrent liabilities, including deferred income taxes, capitalized leases, and minority stockholders’ interest in consolidated domestic corporations",1995
"TOTLIAB","Total liabilities",1995
"CAPSTOCK","Capital stock and other capital ² Capital stock and other capital (less treasury stock) ³",1995
"RETEARN","Retained earnings",1995
"CUMFORCUR","Cumulative foreign currency translation adjustment ¹",1995
"OTSEITEMS","Other stockholders’ equity items, including unearned compensation and ESOP debt guarantees ¹",1995
"TREASSTK","Treasury stock at cost ¹",1995
"STHLDEQUI","Stockholders’ equity",1995
"TLIABEQUI","Total Liabilities and Stockholders’ Equity",1995
"NETWKCAP","Net Working Capital: Excess of total current assets",1995
"SALES","Net sales, receipts, and operating revenues",1996
"DEPREC","Depreciation, depletion, and amortization of property, plant, and equipment",1996
"OTHERCOST","All other operating costs and expenses",1996
"OPERINC","Income (loss) from operations",1996
"INTEXP","Interest expense",1996
"DIVINC","Dividend income ¹",1996
"OTHNOPEXP","Other recurring nonoperating income (expense), including interest income, royalties, minority interest, etc. ² All other nonoperating income (expense) ³",1996
"NONRECUR","Nonrecurring items, including gain (loss) on sale of assets, restructuring costs, asset writedowns, disposal of business segments, etc. ¹",1996
"EQUITYINC","Net income (loss) of foreign branches and equity in earnings (losses) of domestic and foreign nonconsolidated subsidiaries and other investments accounted for by the equity method, net of foreign taxes ¹",1996
"NIBT","Income (loss) before income taxes",1996
"FEDTAXES","Provision for current and deferred domestic income taxes: Federal ² Provision for current and deferred domestic income taxes ³",1996
"OTHERTAX","Provision for current and deferred domestic income taxes: Other ¹",1996
"NIAT","Income (loss) after income taxes",1996
"EXTRAORD","Extraordinary gains (losses), net of taxes ¹",1996
"CUMACTG","Cumulative effect of accounting changes, net of taxes ¹",1996
"NIQUARTER","Net income (loss) for quarter ¹",1996
"DIVIDENDS","Cash dividends charged to retained earnings this quarter",1996
"NIRTINBUS","Net income retained in business",1996
"RETBEG","Retained earnings at beginning of quarter",1996
"OTHERCRDR","Other direct credits (charges) to retained earnings (net), including stock and other non-cash dividends, etc.",1996
"RETEND","Retained earnings at end of quarter",1996
"CASH","Cash and demand deposits in the U.S.",1996
"TIMEDEP","Time deposits in the U.S., including negotiable certificates of deposit",1996
"DEPOUTUS","Cash and deposits outside the U.S. ¹",1996
"TOTALCASH","Total cash on hand and in banks ² Total cash on hand and in U.S. banks ³",1996
"TREASSEC1","U.S. Treasury and Federal agency securities: Subject to agreements to sell ¹",1996
"TREASSEC2","U.S. Treasury and Federal agency securities: Other, due in 1 year or less ¹",1996
"COMMPAPER","Commercial and finance company paper of U.S. issuers ¹",1996
"STATESEC","State and local government securities, due in 1 year or less ¹",1996
"FOREGNSEC","Foreign securities, due in 1 year or less ¹",1996
"OTHSTINV","Other short-term financial investments ² Other short-term financial investments, including marketable and government securities, commercial paper, etc. ³",1996
"TOCASHSEC","Total cash, U.S. Government and other securities",1996
"RECUSGOVT","Trade receivables from U.S. Government ¹",1996
"ACCTRECEV","Other trade accounts and trade notes receivable (less allowance for doubtful accounts) ² Trade accounts and trade notes receivable (less allowance for doubtful accounts) ³",1996
"TOTRECEV","Total receivables ¹",1996
"INVENTORY","Inventories",1996
"OTHCURASS","All other current assets",1996
"TOCRASSET","Total current assets",1996
"FIXASSETS","Property, plant, and equipment",1996
"LAND","Land and mineral rights",1996
"ACCDEPREC","Accumulated depreciation, depletion, and amortization",1996
"NETPPE","Net property, plant, and equipment",1996
"TREASSEC3","U.S. Treasury and Federal agency securities, due in more than 1 year ¹",1996
"OTHNCASST","All other noncurrent assets, including investment in nonconsolidated entities, long-term investments, intangibles, etc.",1996
"TOTASSET","Total Assets",1996
"STBANK","Short-term debt, original maturity 1 year or less: Loans from banks",1996
"COMPAPER","Short-term debt, original maturity 1 year or less: Commercial paper ¹",1996
"STDEBTOTH","Short-term debt, original maturity 1 year or less: Other short-term loans ² Short-term debt, original maturity 1 year or less: Other short-term loans, including commercial paper ³",1996
"ADVUSGOVT","Advances and prepayments by the U.S. Government ¹",1996
"ACCTPAY","Trade accounts and trade notes payable",1996
"FEDTAXPAY","Income taxes accrued, prior and current years, net of payments: Federal ¹",1996
"OTHTAXPAY","Income taxes accrued, prior and current years, net of payments: Other ² Income taxes accrued, prior and current years, net of payments ³",1996
"INSTBANKS","Current portion of long-term debt, due in 1 year or less: Loans from banks",1996
"INSTBONDS","Current portion of long-term debt, due in 1 year or less: Bonds and debentures ¹",1996
"INSTOTHER","Current portion of long-term debt, due in 1 year or less: Other long-term loans",1996
"OTCURLIAB","All other current liabilities, including excise and sales taxes, and accrued expenses",1996
"TOCRLIAB","Total current liabilities",1996
"LTBNKDEBT","Long-term debt, due in more than 1 year: Loans from banks",1996
"LTBNDDEBT","Long-term debt, due in more than 1 year: Bonds and debentures ¹",1996
"LTOTHDEBT","Long-term debt (due in more than 1 year): Other long-term loans",1996
"OTHNCLIAB","All other noncurrent liabilities, including deferred income taxes, capitalized leases, and minority stockholders’ interest in consolidated domestic corporations",1996
"TOTLIAB","Total liabilities",1996
"CAPSTOCK","Capital stock and other capital ² Capital stock and other capital (less treasury stock) ³",1996
"RETEARN","Retained earnings",1996
"CUMFORCUR","Cumulative foreign currency translation adjustment ¹",1996
"OTSEITEMS","Other stockholders’ equity items, including unearned compensation and ESOP debt guarantees ¹",1996
"TREASSTK","Treasury stock at cost ¹",1996
"STHLDEQUI","Stockholders’ equity",1996
"TLIABEQUI","Total Liabilities and Stockholders’ Equity",1996
"NETWKCAP","Net Working Capital: Excess of total current assets",1996
"SALES","Net sales, receipts, and operating revenues",1997
"DEPREC","Depreciation, depletion, and amortization of property, plant, and equipment",1997
"OTHERCOST","All other operating costs and expenses",1997
"OPERINC","Income (loss) from operations",1997
"INTEXP","Interest expense",1997
"DIVINC","Dividend income ¹",1997
"OTHNOPEXP","Other recurring nonoperating income (expense), including interest income, royalties, minority interest, etc. ² All other nonoperating income (expense) ³",1997
"NONRECUR","Nonrecurring items, including gain (loss) on sale of assets, restructuring costs, asset writedowns, disposal of business segments, etc. ¹",1997
"EQUITYINC","Net income (loss) of foreign branches and equity in earnings (losses) of domestic and foreign nonconsolidated subsidiaries and other investments accounted for by the equity method, net of foreign taxes ¹",1997
"NIBT","Income (loss) before income taxes",1997
"FEDTAXES","Provision for current and deferred domestic income taxes: Federal ² Provision for current and deferred domestic income taxes ³",1997
"OTHERTAX","Provision for current and deferred domestic income taxes: Other ¹",1997
"NIAT","Income (loss) after income taxes",1997
"EXTRAORD","Extraordinary gains (losses), net of taxes ¹",1997
"CUMACTG","Cumulative effect of accounting changes, net of taxes ¹",1997
"NIQUARTER","Net income (loss) for quarter ¹",1997
"DIVIDENDS","Cash dividends charged to retained earnings this quarter",1997
"NIRTINBUS","Net income retained in business",1997
"RETBEG","Retained earnings at beginning of quarter",1997
"OTHERCRDR","Other direct credits (charges) to retained earnings (net), including stock and other non-cash dividends, etc.",1997
"RETEND","Retained earnings at end of quarter",1997
"CASH","Cash and demand deposits in the U.S.",1997
"TIMEDEP","Time deposits in the U.S., including negotiable certificates of deposit",1997
"DEPOUTUS","Cash and deposits outside the U.S. ¹",1997
"TOTALCASH","Total cash on hand and in banks ² Total cash on hand and in U.S. banks ³",1997
"TREASSEC1","U.S. Treasury and Federal agency securities: Subject to agreements to sell ¹",1997
"TREASSEC2","U.S. Treasury and Federal agency securities: Other, due in 1 year or less ¹",1997
"COMMPAPER","Commercial and finance company paper of U.S. issuers ¹",1997
"STATESEC","State and local government securities, due in 1 year or less ¹",1997
"FOREGNSEC","Foreign securities, due in 1 year or less ¹",1997
"OTHSTINV","Other short-term financial investments ² Other short-term financial investments, including marketable and government securities, commercial paper, etc. ³",1997
"TOCASHSEC","Total cash, U.S. Government and other securities",1997
"RECUSGOVT","Trade receivables from U.S. Government ¹",1997
"ACCTRECEV","Other trade accounts and trade notes receivable (less allowance for doubtful accounts) ² Trade accounts and trade notes receivable (less allowance for doubtful accounts) ³",1997
"TOTRECEV","Total receivables ¹",1997
"INVENTORY","Inventories",1997
"OTHCURASS","All other current assets",1997
"TOCRASSET","Total current assets",1997
"FIXASSETS","Property, plant, and equipment",1997
"LAND","Land and mineral rights",1997
"ACCDEPREC","Accumulated depreciation, depletion, and amortization",1997
"NETPPE","Net property, plant, and equipment",1997
"TREASSEC3","U.S. Treasury and Federal agency securities, due in more than 1 year ¹",1997
"OTHNCASST","All other noncurrent assets, including investment in nonconsolidated entities, long-term investments, intangibles, etc.",1997
"TOTASSET","Total Assets",1997
"STBANK","Short-term debt, original maturity 1 year or less: Loans from banks",1997
"COMPAPER","Short-term debt, original maturity 1 year or less: Commercial paper ¹",1997
"STDEBTOTH","Short-term debt, original maturity 1 year or less: Other short-term loans ² Short-term debt, original maturity 1 year or less: Other short-term loans, including commercial paper ³",1997
"ADVUSGOVT","Advances and prepayments by the U.S. Government ¹",1997
"ACCTPAY","Trade accounts and trade notes payable",1997
"FEDTAXPAY","Income taxes accrued, prior and current years, net of payments: Federal ¹",1997
"OTHTAXPAY","Income taxes accrued, prior and current years, net of payments: Other ² Income taxes accrued, prior and current years, net of payments ³",1997
"INSTBANKS","Current portion of long-term debt, due in 1 year or less: Loans from banks",1997
"INSTBONDS","Current portion of long-term debt, due in 1 year or less: Bonds and debentures ¹",1997
"INSTOTHER","Current portion of long-term debt, due in 1 year or less: Other long-term loans",1997
"OTCURLIAB","All other current liabilities, including excise and sales taxes, and accrued expenses",1997
"TOCRLIAB","Total current liabilities",1997
"LTBNKDEBT","Long-term debt, due in more than 1 year: Loans from banks",1997
"LTBNDDEBT","Long-term debt, due in more than 1 year: Bonds and debentures ¹",1997
"LTOTHDEBT","Long-term debt (due in more than 1 year): Other long-term loans",1997
"OTHNCLIAB","All other noncurrent liabilities, including deferred income taxes, capitalized leases, and minority stockholders’ interest in consolidated domestic corporations",1997
"TOTLIAB","Total liabilities",1997
"CAPSTOCK","Capital stock and other capital ² Capital stock and other capital (less treasury stock) ³",1997
"RETEARN","Retained earnings",1997
"CUMFORCUR","Cumulative foreign currency translation adjustment ¹",1997
"OTSEITEMS","Other stockholders’ equity items, including unearned compensation and ESOP debt guarantees ¹",1997
"TREASSTK","Treasury stock at cost ¹",1997
"STHLDEQUI","Stockholders’ equity",1997
"TLIABEQUI","Total Liabilities and Stockholders’ Equity",1997
"NETWKCAP","Net Working Capital: Excess of total current assets",1997
"SALES","Net sales, receipts, and operating revenues",1998
"DEPREC","Depreciation, depletion, and amortization of property, plant, and equipment",1998
"OTHERCOST","All other operating costs and expenses",1998
"OPERINC","Income (loss) from operations",1998
"INTEXP","Interest expense",1998
"DIVINC","Dividend income ¹",1998
"OTHNOPEXP","Other recurring nonoperating income (expense), including interest income, royalties, minority interest, etc. ² All other nonoperating income (expense) ³",1998
"NONRECUR","Nonrecurring items, including gain (loss) on sale of assets, restructuring costs, asset writedowns, disposal of business segments, etc. ¹",1998
"EQUITYINC","Net income (loss) of foreign branches and equity in earnings (losses) of domestic and foreign nonconsolidated subsidiaries and other investments accounted for by the equity method, net of foreign taxes ¹",1998
"NIBT","Income (loss) before income taxes",1998
"FEDTAXES","Provision for current and deferred domestic income taxes: Federal ² Provision for current and deferred domestic income taxes ³",1998
"OTHERTAX","Provision for current and deferred domestic income taxes: Other ¹",1998
"NIAT","Income (loss) after income taxes",1998
"EXTRAORD","Extraordinary gains (losses), net of taxes ¹",1998
"CUMACTG","Cumulative effect of accounting changes, net of taxes ¹",1998
"NIQUARTER","Net income (loss) for quarter ¹",1998
"DIVIDENDS","Cash dividends charged to retained earnings this quarter",1998
"NIRTINBUS","Net income retained in business",1998
"RETBEG","Retained earnings at beginning of quarter",1998
"OTHERCRDR","Other direct credits (charges) to retained earnings (net), including stock and other non-cash dividends, etc.",1998
"RETEND","Retained earnings at end of quarter",1998
"CASH","Cash and demand deposits in the U.S.",1998
"TIMEDEP","Time deposits in the U.S., including negotiable certificates of deposit",1998
"DEPOUTUS","Cash and deposits outside the U.S. ¹",1998
"TOTALCASH","Total cash on hand and in banks ² Total cash on hand and in U.S. banks ³",1998
"TREASSEC1","U.S. Treasury and Federal agency securities: Subject to agreements to sell ¹",1998
"TREASSEC2","U.S. Treasury and Federal agency securities: Other, due in 1 year or less ¹",1998
"COMMPAPER","Commercial and finance company paper of U.S. issuers ¹",1998
"STATESEC","State and local government securities, due in 1 year or less ¹",1998
"FOREGNSEC","Foreign securities, due in 1 year or less ¹",1998
"OTHSTINV","Other short-term financial investments ² Other short-term financial investments, including marketable and government securities, commercial paper, etc. ³",1998
"TOCASHSEC","Total cash, U.S. Government and other securities",1998
"RECUSGOVT","Trade receivables from U.S. Government ¹",1998
"ACCTRECEV","Other trade accounts and trade notes receivable (less allowance for doubtful accounts) ² Trade accounts and trade notes receivable (less allowance for doubtful accounts) ³",1998
"TOTRECEV","Total receivables ¹",1998
"INVENTORY","Inventories",1998
"OTHCURASS","All other current assets",1998
"TOCRASSET","Total current assets",1998
"FIXASSETS","Property, plant, and equipment",1998
"LAND","Land and mineral rights",1998
"ACCDEPREC","Accumulated depreciation, depletion, and amortization",1998
"NETPPE","Net property, plant, and equipment",1998
"TREASSEC3","U.S. Treasury and Federal agency securities, due in more than 1 year ¹",1998
"OTHNCASST","All other noncurrent assets, including investment in nonconsolidated entities, long-term investments, intangibles, etc.",1998
"TOTASSET","Total Assets",1998
"STBANK","Short-term debt, original maturity 1 year or less: Loans from banks",1998
"COMPAPER","Short-term debt, original maturity 1 year or less: Commercial paper ¹",1998
"STDEBTOTH","Short-term debt, original maturity 1 year or less: Other short-term loans ² Short-term debt, original maturity 1 year or less: Other short-term loans, including commercial paper ³",1998
"ADVUSGOVT","Advances and prepayments by the U.S. Government ¹",1998
"ACCTPAY","Trade accounts and trade notes payable",1998
"FEDTAXPAY","Income taxes accrued, prior and current years, net of payments: Federal ¹",1998
"OTHTAXPAY","Income taxes accrued, prior and current years, net of payments: Other ² Income taxes accrued, prior and current years, net of payments ³",1998
"INSTBANKS","Current portion of long-term debt, due in 1 year or less: Loans from banks",1998
"INSTBONDS","Current portion of long-term debt, due in 1 year or less: Bonds and debentures ¹",1998
"INSTOTHER","Current portion of long-term debt, due in 1 year or less: Other long-term loans",1998
"OTCURLIAB","All other current liabilities, including excise and sales taxes, and accrued expenses",1998
"TOCRLIAB","Total current liabilities",1998
"LTBNKDEBT","Long-term debt, due in more than 1 year: Loans from banks",1998
"LTBNDDEBT","Long-term debt, due in more than 1 year: Bonds and debentures ¹",1998
"LTOTHDEBT","Long-term debt (due in more than 1 year): Other long-term loans",1998
"OTHNCLIAB","All other noncurrent liabilities, including deferred income taxes, capitalized leases, and minority stockholders’ interest in consolidated domestic corporations",1998
"TOTLIAB","Total liabilities",1998
"CAPSTOCK","Capital stock and other capital ² Capital stock and other capital (less treasury stock) ³",1998
"RETEARN","Retained earnings",1998
"CUMFORCUR","Cumulative foreign currency translation adjustment ¹",1998
"OTSEITEMS","Other stockholders’ equity items, including unearned compensation and ESOP debt guarantees ¹",1998
"TREASSTK","Treasury stock at cost ¹",1998
"STHLDEQUI","Stockholders’ equity",1998
"TLIABEQUI","Total Liabilities and Stockholders’ Equity",1998
"NETWKCAP","Net Working Capital: Excess of total current assets",1998
"SALES","Net sales, receipts, and operating revenues",1999
"DEPREC","Depreciation, depletion, and amortization of property, plant, and equipment",1999
"OTHERCOST","All other operating costs and expenses",1999
"OPERINC","Income (loss) from operations",1999
"INTEXP","Interest expense",1999
"DIVINC","Dividend income ¹",1999
"OTHNOPEXP","Other recurring nonoperating income (expense), including interest income, royalties, minority interest, etc. ² All other nonoperating income (expense) ³",1999
"NONRECUR","Nonrecurring items, including gain (loss) on sale of assets, restructuring costs, asset writedowns, disposal of business segments, etc. ¹",1999
"EQUITYINC","Net income (loss) of foreign branches and equity in earnings (losses) of domestic and foreign nonconsolidated subsidiaries and other investments accounted for by the equity method, net of foreign taxes ¹",1999
"NIBT","Income (loss) before income taxes",1999
"FEDTAXES","Provision for current and deferred domestic income taxes: Federal ² Provision for current and deferred domestic income taxes ³",1999
"OTHERTAX","Provision for current and deferred domestic income taxes: Other ¹",1999
"NIAT","Income (loss) after income taxes",1999
"EXTRAORD","Extraordinary gains (losses), net of taxes ¹",1999
"CUMACTG","Cumulative effect of accounting changes, net of taxes ¹",1999
"NIQUARTER","Net income (loss) for quarter ¹",1999
"DIVIDENDS","Cash dividends charged to retained earnings this quarter",1999
"NIRTINBUS","Net income retained in business",1999
"RETBEG","Retained earnings at beginning of quarter",1999
"OTHERCRDR","Other direct credits (charges) to retained earnings (net), including stock and other non-cash dividends, etc.",1999
"RETEND","Retained earnings at end of quarter",1999
"CASH","Cash and demand deposits in the U.S.",1999
"TIMEDEP","Time deposits in the U.S., including negotiable certificates of deposit",1999
"DEPOUTUS","Cash and deposits outside the U.S. ¹",1999
"TOTALCASH","Total cash on hand and in banks ² Total cash on hand and in U.S. banks ³",1999
"TREASSEC1","U.S. Treasury and Federal agency securities: Subject to agreements to sell ¹",1999
"TREASSEC2","U.S. Treasury and Federal agency securities: Other, due in 1 year or less ¹",1999
"COMMPAPER","Commercial and finance company paper of U.S. issuers ¹",1999
"STATESEC","State and local government securities, due in 1 year or less ¹",1999
"FOREGNSEC","Foreign securities, due in 1 year or less ¹",1999
"OTHSTINV","Other short-term financial investments ² Other short-term financial investments, including marketable and government securities, commercial paper, etc. ³",1999
"TOCASHSEC","Total cash, U.S. Government and other securities",1999
"RECUSGOVT","Trade receivables from U.S. Government ¹",1999
"ACCTRECEV","Other trade accounts and trade notes receivable (less allowance for doubtful accounts) ² Trade accounts and trade notes receivable (less allowance for doubtful accounts) ³",1999
"TOTRECEV","Total receivables ¹",1999
"INVENTORY","Inventories",1999
"OTHCURASS","All other current assets",1999
"TOCRASSET","Total current assets",1999
"FIXASSETS","Property, plant, and equipment",1999
"LAND","Land and mineral rights",1999
"ACCDEPREC","Accumulated depreciation, depletion, and amortization",1999
"NETPPE","Net property, plant, and equipment",1999
"TREASSEC3","U.S. Treasury and Federal agency securities, due in more than 1 year ¹",1999
"OTHNCASST","All other noncurrent assets, including investment in nonconsolidated entities, long-term investments, intangibles, etc.",1999
"TOTASSET","Total Assets",1999
"STBANK","Short-term debt, original maturity 1 year or less: Loans from banks",1999
"COMPAPER","Short-term debt, original maturity 1 year or less: Commercial paper ¹",1999
"STDEBTOTH","Short-term debt, original maturity 1 year or less: Other short-term loans ² Short-term debt, original maturity 1 year or less: Other short-term loans, including commercial paper ³",1999
"ADVUSGOVT","Advances and prepayments by the U.S. Government ¹",1999
"ACCTPAY","Trade accounts and trade notes payable",1999
"FEDTAXPAY","Income taxes accrued, prior and current years, net of payments: Federal ¹",1999
"OTHTAXPAY","Income taxes accrued, prior and current years, net of payments: Other ² Income taxes accrued, prior and current years, net of payments ³",1999
"INSTBANKS","Current portion of long-term debt, due in 1 year or less: Loans from banks",1999
"INSTBONDS","Current portion of long-term debt, due in 1 year or less: Bonds and debentures ¹",1999
"INSTOTHER","Current portion of long-term debt, due in 1 year or less: Other long-term loans",1999
"OTCURLIAB","All other current liabilities, including excise and sales taxes, and accrued expenses",1999
"TOCRLIAB","Total current liabilities",1999
"LTBNKDEBT","Long-term debt, due in more than 1 year: Loans from banks",1999
"LTBNDDEBT","Long-term debt, due in more than 1 year: Bonds and debentures ¹",1999
"LTOTHDEBT","Long-term debt (due in more than 1 year): Other long-term loans",1999
"OTHNCLIAB","All other noncurrent liabilities, including deferred income taxes, capitalized leases, and minority stockholders’ interest in consolidated domestic corporations",1999
"TOTLIAB","Total liabilities",1999
"CAPSTOCK","Capital stock and other capital ² Capital stock and other capital (less treasury stock) ³",1999
"RETEARN","Retained earnings",1999
"CUMFORCUR","Cumulative foreign currency translation adjustment ¹",1999
"OTSEITEMS","Other stockholders’ equity items, including unearned compensation and ESOP debt guarantees ¹",1999
"TREASSTK","Treasury stock at cost ¹",1999
"STHLDEQUI","Stockholders’ equity",1999
"TLIABEQUI","Total Liabilities and Stockholders’ Equity",1999
"NETWKCAP","Net Working Capital: Excess of total current assets",1999
"SALES","Net sales, receipts, and operating revenues",2000
"DEPREC","Depreciation, depletion, and amortization of property, plant, and equipment",2000
"OTHERCOST","All other operating costs and expenses",2000
"OPERINC","Income (loss) from operations",2000
"INTEXP","Interest expense",2000
"DIVINC","Dividend income ¹",2000
"OTHNOPEXP","Other recurring nonoperating income (expense), including interest income, royalties, minority interest, etc. ² All other nonoperating income (expense) ³",2000
"NONRECUR","Nonrecurring items, including gain (loss) on sale of assets, restructuring costs, asset writedowns, disposal of business segments, etc. ¹",2000
"EQUITYINC","Net income (loss) of foreign branches and equity in earnings (losses) of domestic and foreign nonconsolidated subsidiaries and other investments accounted for by the equity method, net of foreign taxes ¹",2000
"NIBT","Income (loss) before income taxes",2000
"FEDTAXES","Provision for current and deferred domestic income taxes: Federal ² Provision for current and deferred domestic income taxes ³",2000
"OTHERTAX","Provision for current and deferred domestic income taxes: Other ¹",2000
"NIAT","Income (loss) after income taxes",2000
"EXTRAORD","Extraordinary gains (losses), net of taxes ¹",2000
"CUMACTG","Cumulative effect of accounting changes, net of taxes ¹",2000
"NIQUARTER","Net income (loss) for quarter ¹",2000
"DIVIDENDS","Cash dividends charged to retained earnings this quarter",2000
"NIRTINBUS","Net income retained in business",2000
"RETBEG","Retained earnings at beginning of quarter",2000
"OTHERCRDR","Other direct credits (charges) to retained earnings (net), including stock and other non-cash dividends, etc.",2000
"RETEND","Retained earnings at end of quarter",2000
"CASH","Cash and demand deposits in the U.S.",2000
"TIMEDEP","Time deposits in the U.S., including negotiable certificates of deposit",2000
"DEPOUTUS","Cash and deposits outside the U.S. ¹",2000
"TOTALCASH","Total cash on hand and in banks ² Total cash on hand and in U.S. banks ³",2000
"TREASSEC1","U.S. Treasury and Federal agency securities: Subject to agreements to sell ¹",2000
"TREASSEC2","U.S. Treasury and Federal agency securities: Other, due in 1 year or less ¹",2000
"COMMPAPER","Commercial and finance company paper of U.S. issuers ¹",2000
"STATESEC","State and local government securities, due in 1 year or less ¹",2000
"FOREGNSEC","Foreign securities, due in 1 year or less ¹",2000
"OTHSTINV","Other short-term financial investments ² Other short-term financial investments, including marketable and government securities, commercial paper, etc. ³",2000
"TOCASHSEC","Total cash, U.S. Government and other securities",2000
"RECUSGOVT","Trade receivables from U.S. Government ¹",2000
"ACCTRECEV","Other trade accounts and trade notes receivable (less allowance for doubtful accounts) ² Trade accounts and trade notes receivable (less allowance for doubtful accounts) ³",2000
"TOTRECEV","Total receivables ¹",2000
"INVENTORY","Inventories",2000
"OTHCURASS","All other current assets",2000
"TOCRASSET","Total current assets",2000
"FIXASSETS","Property, plant, and equipment",2000
"LAND","Land and mineral rights",2000
"ACCDEPREC","Accumulated depreciation, depletion, and amortization",2000
"NETPPE","Net property, plant, and equipment",2000
"TREASSEC3","U.S. Treasury and Federal agency securities, due in more than 1 year ¹",2000
"OTHNCASST","All other noncurrent assets, including investment in nonconsolidated entities, long-term investments, intangibles, etc.",2000
"TOTASSET","Total Assets",2000
"STBANK","Short-term debt, original maturity 1 year or less: Loans from banks",2000
"COMPAPER","Short-term debt, original maturity 1 year or less: Commercial paper ¹",2000
"STDEBTOTH","Short-term debt, original maturity 1 year or less: Other short-term loans ² Short-term debt, original maturity 1 year or less: Other short-term loans, including commercial paper ³",2000
"ADVUSGOVT","Advances and prepayments by the U.S. Government ¹",2000
"ACCTPAY","Trade accounts and trade notes payable",2000
"FEDTAXPAY","Income taxes accrued, prior and current years, net of payments: Federal ¹",2000
"OTHTAXPAY","Income taxes accrued, prior and current years, net of payments: Other ² Income taxes accrued, prior and current years, net of payments ³",2000
"INSTBANKS","Current portion of long-term debt, due in 1 year or less: Loans from banks",2000
"INSTBONDS","Current portion of long-term debt, due in 1 year or less: Bonds and debentures ¹",2000
"INSTOTHER","Current portion of long-term debt, due in 1 year or less: Other long-term loans",2000
"OTCURLIAB","All other current liabilities, including excise and sales taxes, and accrued expenses",2000
"TOCRLIAB","Total current liabilities",2000
"LTBNKDEBT","Long-term debt, due in more than 1 year: Loans from banks",2000
"LTBNDDEBT","Long-term debt, due in more than 1 year: Bonds and debentures ¹",2000
"LTOTHDEBT","Long-term debt (due in more than 1 year): Other long-term loans",2000
"OTHNCLIAB","All other noncurrent liabilities, including deferred income taxes, capitalized leases, and minority stockholders’ interest in consolidated domestic corporations",2000
"TOTLIAB","Total liabilities",2000
"CAPSTOCK","Capital stock and other capital ² Capital stock and other capital (less treasury stock) ³",2000
"RETEARN","Retained earnings",2000
"CUMFORCUR","Cumulative foreign currency translation adjustment ¹",2000
"OTSEITEMS","Other stockholders’ equity items, including unearned compensation and ESOP debt guarantees ¹",2000
"TREASSTK","Treasury stock at cost ¹",2000
"STHLDEQUI","Stockholders’ equity",2000
"TLIABEQUI","Total Liabilities and Stockholders’ Equity",2000
"NETWKCAP","Net Working Capital: Excess of total current assets",2000
"SALES","Net sales, receipts, and operating revenues",2001
"DEPREC","Depreciation, depletion, and amortization of property, plant, and equipment",2001
"OTHERCOST","All other operating costs and expenses",2001
"OPERINC","Income (loss) from operations",2001
"INTEXP","Interest expense",2001
"DIVINC","Dividend income ¹",2001
"OTHNOPEXP","Other recurring nonoperating income (expense), including interest income, royalties, minority interest, etc. ² All other nonoperating income (expense) ³",2001
"NONRECUR","Nonrecurring items, including gain (loss) on sale of assets, restructuring costs, asset writedowns, disposal of business segments, etc. ¹",2001
"EQUITYINC","Net income (loss) of foreign branches and equity in earnings (losses) of domestic and foreign nonconsolidated subsidiaries and other investments accounted for by the equity method, net of foreign taxes ¹",2001
"NIBT","Income (loss) before income taxes",2001
"FEDTAXES","Provision for current and deferred domestic income taxes: Federal ² Provision for current and deferred domestic income taxes ³",2001
"OTHERTAX","Provision for current and deferred domestic income taxes: Other ¹",2001
"NIAT","Income (loss) after income taxes",2001
"EXTRAORD","Extraordinary gains (losses), net of taxes ¹",2001
"CUMACTG","Cumulative effect of accounting changes, net of taxes ¹",2001
"NIQUARTER","Net income (loss) for quarter ¹",2001
"DIVIDENDS","Cash dividends charged to retained earnings this quarter",2001
"NIRTINBUS","Net income retained in business",2001
"RETBEG","Retained earnings at beginning of quarter",2001
"OTHERCRDR","Other direct credits (charges) to retained earnings (net), including stock and other non-cash dividends, etc.",2001
"RETEND","Retained earnings at end of quarter",2001
"CASH","Cash and demand deposits in the U.S.",2001
"TIMEDEP","Time deposits in the U.S., including negotiable certificates of deposit",2001
"DEPOUTUS","Cash and deposits outside the U.S. ¹",2001
"TOTALCASH","Total cash on hand and in banks ² Total cash on hand and in U.S. banks ³",2001
"TREASSEC1","U.S. Treasury and Federal agency securities: Subject to agreements to sell ¹",2001
"TREASSEC2","U.S. Treasury and Federal agency securities: Other, due in 1 year or less ¹",2001
"COMMPAPER","Commercial and finance company paper of U.S. issuers ¹",2001
"STATESEC","State and local government securities, due in 1 year or less ¹",2001
"FOREGNSEC","Foreign securities, due in 1 year or less ¹",2001
"OTHSTINV","Other short-term financial investments ² Other short-term financial investments, including marketable and government securities, commercial paper, etc. ³",2001
"TOCASHSEC","Total cash, U.S. Government and other securities",2001
"RECUSGOVT","Trade receivables from U.S. Government ¹",2001
"ACCTRECEV","Other trade accounts and trade notes receivable (less allowance for doubtful accounts) ² Trade accounts and trade notes receivable (less allowance for doubtful accounts) ³",2001
"TOTRECEV","Total receivables ¹",2001
"INVENTORY","Inventories",2001
"OTHCURASS","All other current assets",2001
"TOCRASSET","Total current assets",2001
"FIXASSETS","Property, plant, and equipment",2001
"LAND","Land and mineral rights",2001
"ACCDEPREC","Accumulated depreciation, depletion, and amortization",2001
"NETPPE","Net property, plant, and equipment",2001
"TREASSEC3","U.S. Treasury and Federal agency securities, due in more than 1 year ¹",2001
"OTHNCASST","All other noncurrent assets, including investment in nonconsolidated entities, long-term investments, intangibles, etc.",2001
"TOTASSET","Total Assets",2001
"STBANK","Short-term debt, original maturity 1 year or less: Loans from banks",2001
"COMPAPER","Short-term debt, original maturity 1 year or less: Commercial paper ¹",2001
"STDEBTOTH","Short-term debt, original maturity 1 year or less: Other short-term loans ² Short-term debt, original maturity 1 year or less: Other short-term loans, including commercial paper ³",2001
"ADVUSGOVT","Advances and prepayments by the U.S. Government ¹",2001
"ACCTPAY","Trade accounts and trade notes payable",2001
"FEDTAXPAY","Income taxes accrued, prior and current years, net of payments: Federal ¹",2001
"OTHTAXPAY","Income taxes accrued, prior and current years, net of payments: Other ² Income taxes accrued, prior and current years, net of payments ³",2001
"INSTBANKS","Current portion of long-term debt, due in 1 year or less: Loans from banks",2001
"INSTBONDS","Current portion of long-term debt, due in 1 year or less: Bonds and debentures ¹",2001
"INSTOTHER","Current portion of long-term debt, due in 1 year or less: Other long-term loans",2001
"OTCURLIAB","All other current liabilities, including excise and sales taxes, and accrued expenses",2001
"TOCRLIAB","Total current liabilities",2001
"LTBNKDEBT","Long-term debt, due in more than 1 year: Loans from banks",2001
"LTBNDDEBT","Long-term debt, due in more than 1 year: Bonds and debentures ¹",2001
"LTOTHDEBT","Long-term debt (due in more than 1 year): Other long-term loans",2001
"OTHNCLIAB","All other noncurrent liabilities, including deferred income taxes, capitalized leases, and minority stockholders’ interest in consolidated domestic corporations",2001
"TOTLIAB","Total liabilities",2001
"CAPSTOCK","Capital stock and other capital ² Capital stock and other capital (less treasury stock) ³",2001
"RETEARN","Retained earnings",2001
"CUMFORCUR","Cumulative foreign currency translation adjustment ¹",2001
"OTSEITEMS","Other stockholders’ equity items, including unearned compensation and ESOP debt guarantees ¹",2001
"TREASSTK","Treasury stock at cost ¹",2001
"STHLDEQUI","Stockholders’ equity",2001
"TLIABEQUI","Total Liabilities and Stockholders’ Equity",2001
"NETWKCAP","Net Working Capital: Excess of total current assets",2001
"SALES","Net sales, receipts, and operating revenues",2002
"DEPREC","Depreciation, depletion, and amortization of property, plant, and equipment",2002
"OTHERCOST","All other operating costs and expenses",2002
"OPERINC","Income (loss) from operations",2002
"INTEXP","Interest expense",2002
"DIVINC","Dividend income ¹",2002
"OTHNOPEXP","Other recurring nonoperating income (expense), including interest income, royalties, minority interest, etc. ² All other nonoperating income (expense) ³",2002
"NONRECUR","Nonrecurring items, including gain (loss) on sale of assets, restructuring costs, asset writedowns, disposal of business segments, etc. ¹",2002
"EQUITYINC","Net income (loss) of foreign branches and equity in earnings (losses) of domestic and foreign nonconsolidated subsidiaries and other investments accounted for by the equity method, net of foreign taxes ¹",2002
"NIBT","Income (loss) before income taxes",2002
"FEDTAXES","Provision for current and deferred domestic income taxes: Federal ² Provision for current and deferred domestic income taxes ³",2002
"OTHERTAX","Provision for current and deferred domestic income taxes: Other ¹",2002
"NIAT","Income (loss) after income taxes",2002
"EXTRAORD","Extraordinary gains (losses), net of taxes ¹",2002
"CUMACTG","Cumulative effect of accounting changes, net of taxes ¹",2002
"NIQUARTER","Net income (loss) for quarter ¹",2002
"DIVIDENDS","Cash dividends charged to retained earnings this quarter",2002
"NIRTINBUS","Net income retained in business",2002
"RETBEG","Retained earnings at beginning of quarter",2002
"OTHERCRDR","Other direct credits (charges) to retained earnings (net), including stock and other non-cash dividends, etc.",2002
"RETEND","Retained earnings at end of quarter",2002
"CASH","Cash and demand deposits in the U.S.",2002
"TIMEDEP","Time deposits in the U.S., including negotiable certificates of deposit",2002
"DEPOUTUS","Cash and deposits outside the U.S. ¹",2002
"TOTALCASH","Total cash on hand and in banks ² Total cash on hand and in U.S. banks ³",2002
"TREASSEC1","U.S. Treasury and Federal agency securities: Subject to agreements to sell ¹",2002
"TREASSEC2","U.S. Treasury and Federal agency securities: Other, due in 1 year or less ¹",2002
"COMMPAPER","Commercial and finance company paper of U.S. issuers ¹",2002
"STATESEC","State and local government securities, due in 1 year or less ¹",2002
"FOREGNSEC","Foreign securities, due in 1 year or less ¹",2002
"OTHSTINV","Other short-term financial investments ² Other short-term financial investments, including marketable and government securities, commercial paper, etc. ³",2002
"TOCASHSEC","Total cash, U.S. Government and other securities",2002
"RECUSGOVT","Trade receivables from U.S. Government ¹",2002
"ACCTRECEV","Other trade accounts and trade notes receivable (less allowance for doubtful accounts) ² Trade accounts and trade notes receivable (less allowance for doubtful accounts) ³",2002
"TOTRECEV","Total receivables ¹",2002
"INVENTORY","Inventories",2002
"OTHCURASS","All other current assets",2002
"TOCRASSET","Total current assets",2002
"FIXASSETS","Property, plant, and equipment",2002
"LAND","Land and mineral rights",2002
"ACCDEPREC","Accumulated depreciation, depletion, and amortization",2002
"NETPPE","Net property, plant, and equipment",2002
"TREASSEC3","U.S. Treasury and Federal agency securities, due in more than 1 year ¹",2002
"OTHNCASST","All other noncurrent assets, including investment in nonconsolidated entities, long-term investments, intangibles, etc.",2002
"TOTASSET","Total Assets",2002
"STBANK","Short-term debt, original maturity 1 year or less: Loans from banks",2002
"COMPAPER","Short-term debt, original maturity 1 year or less: Commercial paper ¹",2002
"STDEBTOTH","Short-term debt, original maturity 1 year or less: Other short-term loans ² Short-term debt, original maturity 1 year or less: Other short-term loans, including commercial paper ³",2002
"ADVUSGOVT","Advances and prepayments by the U.S. Government ¹",2002
"ACCTPAY","Trade accounts and trade notes payable",2002
"FEDTAXPAY","Income taxes accrued, prior and current years, net of payments: Federal ¹",2002
"OTHTAXPAY","Income taxes accrued, prior and current years, net of payments: Other ² Income taxes accrued, prior and current years, net of payments ³",2002
"INSTBANKS","Current portion of long-term debt, due in 1 year or less: Loans from banks",2002
"INSTBONDS","Current portion of long-term debt, due in 1 year or less: Bonds and debentures ¹",2002
"INSTOTHER","Current portion of long-term debt, due in 1 year or less: Other long-term loans",2002
"OTCURLIAB","All other current liabilities, including excise and sales taxes, and accrued expenses",2002
"TOCRLIAB","Total current liabilities",2002
"LTBNKDEBT","Long-term debt, due in more than 1 year: Loans from banks",2002
"LTBNDDEBT","Long-term debt, due in more than 1 year: Bonds and debentures ¹",2002
"LTOTHDEBT","Long-term debt (due in more than 1 year): Other long-term loans",2002
"OTHNCLIAB","All other noncurrent liabilities, including deferred income taxes, capitalized leases, and minority stockholders’ interest in consolidated domestic corporations",2002
"TOTLIAB","Total liabilities",2002
"CAPSTOCK","Capital stock and other capital ² Capital stock and other capital (less treasury stock) ³",2002
"RETEARN","Retained earnings",2002
"CUMFORCUR","Cumulative foreign currency translation adjustment ¹",2002
"OTSEITEMS","Other stockholders’ equity items, including unearned compensation and ESOP debt guarantees ¹",2002
"TREASSTK","Treasury stock at cost ¹",2002
"STHLDEQUI","Stockholders’ equity",2002
"TLIABEQUI","Total Liabilities and Stockholders’ Equity",2002
"NETWKCAP","Net Working Capital: Excess of total current assets",2002
"SALES","Net sales, receipts, and operating revenues",2003
"DEPREC","Depreciation, depletion, and amortization of property, plant, and equipment",2003
"OTHERCOST","All other operating costs and expenses",2003
"OPERINC","Income (loss) from operations",2003
"INTEXP","Interest expense",2003
"DIVINC","Dividend income ¹",2003
"OTHNOPEXP","Other recurring nonoperating income (expense), including interest income, royalties, minority interest, etc. ² All other nonoperating income (expense) ³",2003
"NONRECUR","Nonrecurring items, including gain (loss) on sale of assets, restructuring costs, asset writedowns, disposal of business segments, etc. ¹",2003
"EQUITYINC","Net income (loss) of foreign branches and equity in earnings (losses) of domestic and foreign nonconsolidated subsidiaries and other investments accounted for by the equity method, net of foreign taxes ¹",2003
"NIBT","Income (loss) before income taxes",2003
"FEDTAXES","Provision for current and deferred domestic income taxes: Federal ² Provision for current and deferred domestic income taxes ³",2003
"OTHERTAX","Provision for current and deferred domestic income taxes: Other ¹",2003
"NIAT","Income (loss) after income taxes",2003
"EXTRAORD","Extraordinary gains (losses), net of taxes ¹",2003
"CUMACTG","Cumulative effect of accounting changes, net of taxes ¹",2003
"NIQUARTER","Net income (loss) for quarter ¹",2003
"DIVIDENDS","Cash dividends charged to retained earnings this quarter",2003
"NIRTINBUS","Net income retained in business",2003
"RETBEG","Retained earnings at beginning of quarter",2003
"OTHERCRDR","Other direct credits (charges) to retained earnings (net), including stock and other non-cash dividends, etc.",2003
"RETEND","Retained earnings at end of quarter",2003
"CASH","Cash and demand deposits in the U.S.",2003
"TIMEDEP","Time deposits in the U.S., including negotiable certificates of deposit",2003
"DEPOUTUS","Cash and deposits outside the U.S. ¹",2003
"TOTALCASH","Total cash on hand and in banks ² Total cash on hand and in U.S. banks ³",2003
"TREASSEC1","U.S. Treasury and Federal agency securities: Subject to agreements to sell ¹",2003
"TREASSEC2","U.S. Treasury and Federal agency securities: Other, due in 1 year or less ¹",2003
"COMMPAPER","Commercial and finance company paper of U.S. issuers ¹",2003
"STATESEC","State and local government securities, due in 1 year or less ¹",2003
"FOREGNSEC","Foreign securities, due in 1 year or less ¹",2003
"OTHSTINV","Other short-term financial investments ² Other short-term financial investments, including marketable and government securities, commercial paper, etc. ³",2003
"TOCASHSEC","Total cash, U.S. Government and other securities",2003
"RECUSGOVT","Trade receivables from U.S. Government ¹",2003
"ACCTRECEV","Other trade accounts and trade notes receivable (less allowance for doubtful accounts) ² Trade accounts and trade notes receivable (less allowance for doubtful accounts) ³",2003
"TOTRECEV","Total receivables ¹",2003
"INVENTORY","Inventories",2003
"OTHCURASS","All other current assets",2003
"TOCRASSET","Total current assets",2003
"FIXASSETS","Property, plant, and equipment",2003
"LAND","Land and mineral rights",2003
"ACCDEPREC","Accumulated depreciation, depletion, and amortization",2003
"NETPPE","Net property, plant, and equipment",2003
"TREASSEC3","U.S. Treasury and Federal agency securities, due in more than 1 year ¹",2003
"OTHNCASST","All other noncurrent assets, including investment in nonconsolidated entities, long-term investments, intangibles, etc.",2003
"TOTASSET","Total Assets",2003
"STBANK","Short-term debt, original maturity 1 year or less: Loans from banks",2003
"COMPAPER","Short-term debt, original maturity 1 year or less: Commercial paper ¹",2003
"STDEBTOTH","Short-term debt, original maturity 1 year or less: Other short-term loans ² Short-term debt, original maturity 1 year or less: Other short-term loans, including commercial paper ³",2003
"ADVUSGOVT","Advances and prepayments by the U.S. Government ¹",2003
"ACCTPAY","Trade accounts and trade notes payable",2003
"FEDTAXPAY","Income taxes accrued, prior and current years, net of payments: Federal ¹",2003
"OTHTAXPAY","Income taxes accrued, prior and current years, net of payments: Other ² Income taxes accrued, prior and current years, net of payments ³",2003
"INSTBANKS","Current portion of long-term debt, due in 1 year or less: Loans from banks",2003
"INSTBONDS","Current portion of long-term debt, due in 1 year or less: Bonds and debentures ¹",2003
"INSTOTHER","Current portion of long-term debt, due in 1 year or less: Other long-term loans",2003
"OTCURLIAB","All other current liabilities, including excise and sales taxes, and accrued expenses",2003
"TOCRLIAB","Total current liabilities",2003
"LTBNKDEBT","Long-term debt, due in more than 1 year: Loans from banks",2003
"LTBNDDEBT","Long-term debt, due in more than 1 year: Bonds and debentures ¹",2003
"LTOTHDEBT","Long-term debt (due in more than 1 year): Other long-term loans",2003
"OTHNCLIAB","All other noncurrent liabilities, including deferred income taxes, capitalized leases, and minority stockholders’ interest in consolidated domestic corporations",2003
"TOTLIAB","Total liabilities",2003
"CAPSTOCK","Capital stock and other capital ² Capital stock and other capital (less treasury stock) ³",2003
"RETEARN","Retained earnings",2003
"CUMFORCUR","Cumulative foreign currency translation adjustment ¹",2003
"OTSEITEMS","Other stockholders’ equity items, including unearned compensation and ESOP debt guarantees ¹",2003
"TREASSTK","Treasury stock at cost ¹",2003
"STHLDEQUI","Stockholders’ equity",2003
"TLIABEQUI","Total Liabilities and Stockholders’ Equity",2003
"NETWKCAP","Net Working Capital: Excess of total current assets",2003
"SALES","Net sales, receipts, and operating revenues",2004
"DEPREC","Depreciation, depletion, and amortization of property, plant, and equipment",2004
"OTHERCOST","All other operating costs and expenses",2004
"OPERINC","Income (loss) from operations",2004
"INTEXP","Interest expense",2004
"DIVINC","Dividend income ¹",2004
"OTHNOPEXP","Other recurring nonoperating income (expense), including interest income, royalties, minority interest, etc. ² All other nonoperating income (expense) ³",2004
"NONRECUR","Nonrecurring items, including gain (loss) on sale of assets, restructuring costs, asset writedowns, disposal of business segments, etc. ¹",2004
"EQUITYINC","Net income (loss) of foreign branches and equity in earnings (losses) of domestic and foreign nonconsolidated subsidiaries and other investments accounted for by the equity method, net of foreign taxes ¹",2004
"NIBT","Income (loss) before income taxes",2004
"FEDTAXES","Provision for current and deferred domestic income taxes: Federal ² Provision for current and deferred domestic income taxes ³",2004
"OTHERTAX","Provision for current and deferred domestic income taxes: Other ¹",2004
"NIAT","Income (loss) after income taxes",2004
"EXTRAORD","Extraordinary gains (losses), net of taxes ¹",2004
"CUMACTG","Cumulative effect of accounting changes, net of taxes ¹",2004
"NIQUARTER","Net income (loss) for quarter ¹",2004
"DIVIDENDS","Cash dividends charged to retained earnings this quarter",2004
"NIRTINBUS","Net income retained in business",2004
"RETBEG","Retained earnings at beginning of quarter",2004
"OTHERCRDR","Other direct credits (charges) to retained earnings (net), including stock and other non-cash dividends, etc.",2004
"RETEND","Retained earnings at end of quarter",2004
"CASH","Cash and demand deposits in the U.S.",2004
"TIMEDEP","Time deposits in the U.S., including negotiable certificates of deposit",2004
"DEPOUTUS","Cash and deposits outside the U.S. ¹",2004
"TOTALCASH","Total cash on hand and in banks ² Total cash on hand and in U.S. banks ³",2004
"TREASSEC1","U.S. Treasury and Federal agency securities: Subject to agreements to sell ¹",2004
"TREASSEC2","U.S. Treasury and Federal agency securities: Other, due in 1 year or less ¹",2004
"COMMPAPER","Commercial and finance company paper of U.S. issuers ¹",2004
"STATESEC","State and local government securities, due in 1 year or less ¹",2004
"FOREGNSEC","Foreign securities, due in 1 year or less ¹",2004
"OTHSTINV","Other short-term financial investments ² Other short-term financial investments, including marketable and government securities, commercial paper, etc. ³",2004
"TOCASHSEC","Total cash, U.S. Government and other securities",2004
"RECUSGOVT","Trade receivables from U.S. Government ¹",2004
"ACCTRECEV","Other trade accounts and trade notes receivable (less allowance for doubtful accounts) ² Trade accounts and trade notes receivable (less allowance for doubtful accounts) ³",2004
"TOTRECEV","Total receivables ¹",2004
"INVENTORY","Inventories",2004
"OTHCURASS","All other current assets",2004
"TOCRASSET","Total current assets",2004
"FIXASSETS","Property, plant, and equipment",2004
"LAND","Land and mineral rights",2004
"ACCDEPREC","Accumulated depreciation, depletion, and amortization",2004
"NETPPE","Net property, plant, and equipment",2004
"TREASSEC3","U.S. Treasury and Federal agency securities, due in more than 1 year ¹",2004
"OTHNCASST","All other noncurrent assets, including investment in nonconsolidated entities, long-term investments, intangibles, etc.",2004
"TOTASSET","Total Assets",2004
"STBANK","Short-term debt, original maturity 1 year or less: Loans from banks",2004
"COMPAPER","Short-term debt, original maturity 1 year or less: Commercial paper ¹",2004
"STDEBTOTH","Short-term debt, original maturity 1 year or less: Other short-term loans ² Short-term debt, original maturity 1 year or less: Other short-term loans, including commercial paper ³",2004
"ADVUSGOVT","Advances and prepayments by the U.S. Government ¹",2004
"ACCTPAY","Trade accounts and trade notes payable",2004
"FEDTAXPAY","Income taxes accrued, prior and current years, net of payments: Federal ¹",2004
"OTHTAXPAY","Income taxes accrued, prior and current years, net of payments: Other ² Income taxes accrued, prior and current years, net of payments ³",2004
"INSTBANKS","Current portion of long-term debt, due in 1 year or less: Loans from banks",2004
"INSTBONDS","Current portion of long-term debt, due in 1 year or less: Bonds and debentures ¹",2004
"INSTOTHER","Current portion of long-term debt, due in 1 year or less: Other long-term loans",2004
"OTCURLIAB","All other current liabilities, including excise and sales taxes, and accrued expenses",2004
"TOCRLIAB","Total current liabilities",2004
"LTBNKDEBT","Long-term debt, due in more than 1 year: Loans from banks",2004
"LTBNDDEBT","Long-term debt, due in more than 1 year: Bonds and debentures ¹",2004
"LTOTHDEBT","Long-term debt (due in more than 1 year): Other long-term loans",2004
"OTHNCLIAB","All other noncurrent liabilities, including deferred income taxes, capitalized leases, and minority stockholders’ interest in consolidated domestic corporations",2004
"TOTLIAB","Total liabilities",2004
"CAPSTOCK","Capital stock and other capital ² Capital stock and other capital (less treasury stock) ³",2004
"RETEARN","Retained earnings",2004
"CUMFORCUR","Cumulative foreign currency translation adjustment ¹",2004
"OTSEITEMS","Other stockholders’ equity items, including unearned compensation and ESOP debt guarantees ¹",2004
"TREASSTK","Treasury stock at cost ¹",2004
"STHLDEQUI","Stockholders’ equity",2004
"TLIABEQUI","Total Liabilities and Stockholders’ Equity",2004
"NETWKCAP","Net Working Capital: Excess of total current assets",2004
"SALES","Net sales, receipts, and operating revenues",2005
"DEPREC","Depreciation, depletion, and amortization of property, plant, and equipment",2005
"OTHERCOST","All other operating costs and expenses",2005
"OPERINC","Income (loss) from operations",2005
"INTEXP","Interest expense",2005
"DIVINC","Dividend income ¹",2005
"OTHNOPEXP","Other recurring nonoperating income (expense), including interest income, royalties, minority interest, etc. ² All other nonoperating income (expense) ³",2005
"NONRECUR","Nonrecurring items, including gain (loss) on sale of assets, restructuring costs, asset writedowns, disposal of business segments, etc. ¹",2005
"EQUITYINC","Net income (loss) of foreign branches and equity in earnings (losses) of domestic and foreign nonconsolidated subsidiaries and other investments accounted for by the equity method, net of foreign taxes ¹",2005
"NIBT","Income (loss) before income taxes",2005
"FEDTAXES","Provision for current and deferred domestic income taxes: Federal ² Provision for current and deferred domestic income taxes ³",2005
"OTHERTAX","Provision for current and deferred domestic income taxes: Other ¹",2005
"NIAT","Income (loss) after income taxes",2005
"EXTRAORD","Extraordinary gains (losses), net of taxes ¹",2005
"CUMACTG","Cumulative effect of accounting changes, net of taxes ¹",2005
"NIQUARTER","Net income (loss) for quarter ¹",2005
"DIVIDENDS","Cash dividends charged to retained earnings this quarter",2005
"NIRTINBUS","Net income retained in business",2005
"RETBEG","Retained earnings at beginning of quarter",2005
"OTHERCRDR","Other direct credits (charges) to retained earnings (net), including stock and other non-cash dividends, etc.",2005
"RETEND","Retained earnings at end of quarter",2005
"CASH","Cash and demand deposits in the U.S.",2005
"TIMEDEP","Time deposits in the U.S., including negotiable certificates of deposit",2005
"DEPOUTUS","Cash and deposits outside the U.S. ¹",2005
"TOTALCASH","Total cash on hand and in banks ² Total cash on hand and in U.S. banks ³",2005
"TREASSEC1","U.S. Treasury and Federal agency securities: Subject to agreements to sell ¹",2005
"TREASSEC2","U.S. Treasury and Federal agency securities: Other, due in 1 year or less ¹",2005
"COMMPAPER","Commercial and finance company paper of U.S. issuers ¹",2005
"STATESEC","State and local government securities, due in 1 year or less ¹",2005
"FOREGNSEC","Foreign securities, due in 1 year or less ¹",2005
"OTHSTINV","Other short-term financial investments ² Other short-term financial investments, including marketable and government securities, commercial paper, etc. ³",2005
"TOCASHSEC","Total cash, U.S. Government and other securities",2005
"RECUSGOVT","Trade receivables from U.S. Government ¹",2005
"ACCTRECEV","Other trade accounts and trade notes receivable (less allowance for doubtful accounts) ² Trade accounts and trade notes receivable (less allowance for doubtful accounts) ³",2005
"TOTRECEV","Total receivables ¹",2005
"INVENTORY","Inventories",2005
"OTHCURASS","All other current assets",2005
"TOCRASSET","Total current assets",2005
"FIXASSETS","Property, plant, and equipment",2005
"LAND","Land and mineral rights",2005
"ACCDEPREC","Accumulated depreciation, depletion, and amortization",2005
"NETPPE","Net property, plant, and equipment",2005
"TREASSEC3","U.S. Treasury and Federal agency securities, due in more than 1 year ¹",2005
"OTHNCASST","All other noncurrent assets, including investment in nonconsolidated entities, long-term investments, intangibles, etc.",2005
"TOTASSET","Total Assets",2005
"STBANK","Short-term debt, original maturity 1 year or less: Loans from banks",2005
"COMPAPER","Short-term debt, original maturity 1 year or less: Commercial paper ¹",2005
"STDEBTOTH","Short-term debt, original maturity 1 year or less: Other short-term loans ² Short-term debt, original maturity 1 year or less: Other short-term loans, including commercial paper ³",2005
"ADVUSGOVT","Advances and prepayments by the U.S. Government ¹",2005
"ACCTPAY","Trade accounts and trade notes payable",2005
"FEDTAXPAY","Income taxes accrued, prior and current years, net of payments: Federal ¹",2005
"OTHTAXPAY","Income taxes accrued, prior and current years, net of payments: Other ² Income taxes accrued, prior and current years, net of payments ³",2005
"INSTBANKS","Current portion of long-term debt, due in 1 year or less: Loans from banks",2005
"INSTBONDS","Current portion of long-term debt, due in 1 year or less: Bonds and debentures ¹",2005
"INSTOTHER","Current portion of long-term debt, due in 1 year or less: Other long-term loans",2005
"OTCURLIAB","All other current liabilities, including excise and sales taxes, and accrued expenses",2005
"TOCRLIAB","Total current liabilities",2005
"LTBNKDEBT","Long-term debt, due in more than 1 year: Loans from banks",2005
"LTBNDDEBT","Long-term debt, due in more than 1 year: Bonds and debentures ¹",2005
"LTOTHDEBT","Long-term debt (due in more than 1 year): Other long-term loans",2005
"OTHNCLIAB","All other noncurrent liabilities, including deferred income taxes, capitalized leases, and minority stockholders’ interest in consolidated domestic corporations",2005
"TOTLIAB","Total liabilities",2005
"CAPSTOCK","Capital stock and other capital ² Capital stock and other capital (less treasury stock) ³",2005
"RETEARN","Retained earnings",2005
"CUMFORCUR","Cumulative foreign currency translation adjustment ¹",2005
"OTSEITEMS","Other stockholders’ equity items, including unearned compensation and ESOP debt guarantees ¹",2005
"TREASSTK","Treasury stock at cost ¹",2005
"STHLDEQUI","Stockholders’ equity",2005
"TLIABEQUI","Total Liabilities and Stockholders’ Equity",2005
"NETWKCAP","Net Working Capital: Excess of total current assets",2005
"SALES","Net sales, receipts, and operating revenues",2006
"DEPREC","Depreciation, depletion, and amortization of property, plant, and equipment",2006
"OTHERCOST","All other operating costs and expenses",2006
"OPERINC","Income (loss) from operations",2006
"INTEXP","Interest expense",2006
"DIVINC","Dividend income ¹",2006
"OTHNOPEXP","Other recurring nonoperating income (expense), including interest income, royalties, minority interest, etc. ² All other nonoperating income (expense) ³",2006
"NONRECUR","Nonrecurring items, including gain (loss) on sale of assets, restructuring costs, asset writedowns, disposal of business segments, etc. ¹",2006
"EQUITYINC","Net income (loss) of foreign branches and equity in earnings (losses) of domestic and foreign nonconsolidated subsidiaries and other investments accounted for by the equity method, net of foreign taxes ¹",2006
"NIBT","Income (loss) before income taxes",2006
"FEDTAXES","Provision for current and deferred domestic income taxes: Federal ² Provision for current and deferred domestic income taxes ³",2006
"OTHERTAX","Provision for current and deferred domestic income taxes: Other ¹",2006
"NIAT","Income (loss) after income taxes",2006
"EXTRAORD","Extraordinary gains (losses), net of taxes ¹",2006
"CUMACTG","Cumulative effect of accounting changes, net of taxes ¹",2006
"NIQUARTER","Net income (loss) for quarter ¹",2006
"DIVIDENDS","Cash dividends charged to retained earnings this quarter",2006
"NIRTINBUS","Net income retained in business",2006
"RETBEG","Retained earnings at beginning of quarter",2006
"OTHERCRDR","Other direct credits (charges) to retained earnings (net), including stock and other non-cash dividends, etc.",2006
"RETEND","Retained earnings at end of quarter",2006
"CASH","Cash and demand deposits in the U.S.",2006
"TIMEDEP","Time deposits in the U.S., including negotiable certificates of deposit",2006
"DEPOUTUS","Cash and deposits outside the U.S. ¹",2006
"TOTALCASH","Total cash on hand and in banks ² Total cash on hand and in U.S. banks ³",2006
"TREASSEC1","U.S. Treasury and Federal agency securities: Subject to agreements to sell ¹",2006
"TREASSEC2","U.S. Treasury and Federal agency securities: Other, due in 1 year or less ¹",2006
"COMMPAPER","Commercial and finance company paper of U.S. issuers ¹",2006
"STATESEC","State and local government securities, due in 1 year or less ¹",2006
"FOREGNSEC","Foreign securities, due in 1 year or less ¹",2006
"OTHSTINV","Other short-term financial investments ² Other short-term financial investments, including marketable and government securities, commercial paper, etc. ³",2006
"TOCASHSEC","Total cash, U.S. Government and other securities",2006
"RECUSGOVT","Trade receivables from U.S. Government ¹",2006
"ACCTRECEV","Other trade accounts and trade notes receivable (less allowance for doubtful accounts) ² Trade accounts and trade notes receivable (less allowance for doubtful accounts) ³",2006
"TOTRECEV","Total receivables ¹",2006
"INVENTORY","Inventories",2006
"OTHCURASS","All other current assets",2006
"TOCRASSET","Total current assets",2006
"FIXASSETS","Property, plant, and equipment",2006
"LAND","Land and mineral rights",2006
"ACCDEPREC","Accumulated depreciation, depletion, and amortization",2006
"NETPPE","Net property, plant, and equipment",2006
"TREASSEC3","U.S. Treasury and Federal agency securities, due in more than 1 year ¹",2006
"OTHNCASST","All other noncurrent assets, including investment in nonconsolidated entities, long-term investments, intangibles, etc.",2006
"TOTASSET","Total Assets",2006
"STBANK","Short-term debt, original maturity 1 year or less: Loans from banks",2006
"COMPAPER","Short-term debt, original maturity 1 year or less: Commercial paper ¹",2006
"STDEBTOTH","Short-term debt, original maturity 1 year or less: Other short-term loans ² Short-term debt, original maturity 1 year or less: Other short-term loans, including commercial paper ³",2006
"ADVUSGOVT","Advances and prepayments by the U.S. Government ¹",2006
"ACCTPAY","Trade accounts and trade notes payable",2006
"FEDTAXPAY","Income taxes accrued, prior and current years, net of payments: Federal ¹",2006
"OTHTAXPAY","Income taxes accrued, prior and current years, net of payments: Other ² Income taxes accrued, prior and current years, net of payments ³",2006
"INSTBANKS","Current portion of long-term debt, due in 1 year or less: Loans from banks",2006
"INSTBONDS","Current portion of long-term debt, due in 1 year or less: Bonds and debentures ¹",2006
"INSTOTHER","Current portion of long-term debt, due in 1 year or less: Other long-term loans",2006
"OTCURLIAB","All other current liabilities, including excise and sales taxes, and accrued expenses",2006
"TOCRLIAB","Total current liabilities",2006
"LTBNKDEBT","Long-term debt, due in more than 1 year: Loans from banks",2006
"LTBNDDEBT","Long-term debt, due in more than 1 year: Bonds and debentures ¹",2006
"LTOTHDEBT","Long-term debt (due in more than 1 year): Other long-term loans",2006
"OTHNCLIAB","All other noncurrent liabilities, including deferred income taxes, capitalized leases, and minority stockholders’ interest in consolidated domestic corporations",2006
"TOTLIAB","Total liabilities",2006
"CAPSTOCK","Capital stock and other capital ² Capital stock and other capital (less treasury stock) ³",2006
"RETEARN","Retained earnings",2006
"CUMFORCUR","Cumulative foreign currency translation adjustment ¹",2006
"OTSEITEMS","Other stockholders’ equity items, including unearned compensation and ESOP debt guarantees ¹",2006
"TREASSTK","Treasury stock at cost ¹",2006
"STHLDEQUI","Stockholders’ equity",2006
"TLIABEQUI","Total Liabilities and Stockholders’ Equity",2006
"NETWKCAP","Net Working Capital: Excess of total current assets",2006
"SALES","Net sales, receipts, and operating revenues",2007
"DEPREC","Depreciation, depletion, and amortization of property, plant, and equipment",2007
"OTHERCOST","All other operating costs and expenses",2007
"OPERINC","Income (loss) from operations",2007
"INTEXP","Interest expense",2007
"DIVINC","Dividend income ¹",2007
"OTHNOPEXP","Other recurring nonoperating income (expense), including interest income, royalties, minority interest, etc. ² All other nonoperating income (expense) ³",2007
"NONRECUR","Nonrecurring items, including gain (loss) on sale of assets, restructuring costs, asset writedowns, disposal of business segments, etc. ¹",2007
"EQUITYINC","Net income (loss) of foreign branches and equity in earnings (losses) of domestic and foreign nonconsolidated subsidiaries and other investments accounted for by the equity method, net of foreign taxes ¹",2007
"NIBT","Income (loss) before income taxes",2007
"FEDTAXES","Provision for current and deferred domestic income taxes: Federal ² Provision for current and deferred domestic income taxes ³",2007
"OTHERTAX","Provision for current and deferred domestic income taxes: Other ¹",2007
"NIAT","Income (loss) after income taxes",2007
"EXTRAORD","Extraordinary gains (losses), net of taxes ¹",2007
"CUMACTG","Cumulative effect of accounting changes, net of taxes ¹",2007
"NIQUARTER","Net income (loss) for quarter ¹",2007
"DIVIDENDS","Cash dividends charged to retained earnings this quarter",2007
"NIRTINBUS","Net income retained in business",2007
"RETBEG","Retained earnings at beginning of quarter",2007
"OTHERCRDR","Other direct credits (charges) to retained earnings (net), including stock and other non-cash dividends, etc.",2007
"RETEND","Retained earnings at end of quarter",2007
"CASH","Cash and demand deposits in the U.S.",2007
"TIMEDEP","Time deposits in the U.S., including negotiable certificates of deposit",2007
"DEPOUTUS","Cash and deposits outside the U.S. ¹",2007
"TOTALCASH","Total cash on hand and in banks ² Total cash on hand and in U.S. banks ³",2007
"TREASSEC1","U.S. Treasury and Federal agency securities: Subject to agreements to sell ¹",2007
"TREASSEC2","U.S. Treasury and Federal agency securities: Other, due in 1 year or less ¹",2007
"COMMPAPER","Commercial and finance company paper of U.S. issuers ¹",2007
"STATESEC","State and local government securities, due in 1 year or less ¹",2007
"FOREGNSEC","Foreign securities, due in 1 year or less ¹",2007
"OTHSTINV","Other short-term financial investments ² Other short-term financial investments, including marketable and government securities, commercial paper, etc. ³",2007
"TOCASHSEC","Total cash, U.S. Government and other securities",2007
"RECUSGOVT","Trade receivables from U.S. Government ¹",2007
"ACCTRECEV","Other trade accounts and trade notes receivable (less allowance for doubtful accounts) ² Trade accounts and trade notes receivable (less allowance for doubtful accounts) ³",2007
"TOTRECEV","Total receivables ¹",2007
"INVENTORY","Inventories",2007
"OTHCURASS","All other current assets",2007
"TOCRASSET","Total current assets",2007
"FIXASSETS","Property, plant, and equipment",2007
"LAND","Land and mineral rights",2007
"ACCDEPREC","Accumulated depreciation, depletion, and amortization",2007
"NETPPE","Net property, plant, and equipment",2007
"TREASSEC3","U.S. Treasury and Federal agency securities, due in more than 1 year ¹",2007
"OTHNCASST","All other noncurrent assets, including investment in nonconsolidated entities, long-term investments, intangibles, etc.",2007
"TOTASSET","Total Assets",2007
"STBANK","Short-term debt, original maturity 1 year or less: Loans from banks",2007
"COMPAPER","Short-term debt, original maturity 1 year or less: Commercial paper ¹",2007
"STDEBTOTH","Short-term debt, original maturity 1 year or less: Other short-term loans ² Short-term debt, original maturity 1 year or less: Other short-term loans, including commercial paper ³",2007
"ADVUSGOVT","Advances and prepayments by the U.S. Government ¹",2007
"ACCTPAY","Trade accounts and trade notes payable",2007
"FEDTAXPAY","Income taxes accrued, prior and current years, net of payments: Federal ¹",2007
"OTHTAXPAY","Income taxes accrued, prior and current years, net of payments: Other ² Income taxes accrued, prior and current years, net of payments ³",2007
"INSTBANKS","Current portion of long-term debt, due in 1 year or less: Loans from banks",2007
"INSTBONDS","Current portion of long-term debt, due in 1 year or less: Bonds and debentures ¹",2007
"INSTOTHER","Current portion of long-term debt, due in 1 year or less: Other long-term loans",2007
"OTCURLIAB","All other current liabilities, including excise and sales taxes, and accrued expenses",2007
"TOCRLIAB","Total current liabilities",2007
"LTBNKDEBT","Long-term debt, due in more than 1 year: Loans from banks",2007
"LTBNDDEBT","Long-term debt, due in more than 1 year: Bonds and debentures ¹",2007
"LTOTHDEBT","Long-term debt (due in more than 1 year): Other long-term loans",2007
"OTHNCLIAB","All other noncurrent liabilities, including deferred income taxes, capitalized leases, and minority stockholders’ interest in consolidated domestic corporations",2007
"TOTLIAB","Total liabilities",2007
"CAPSTOCK","Capital stock and other capital ² Capital stock and other capital (less treasury stock) ³",2007
"RETEARN","Retained earnings",2007
"CUMFORCUR","Cumulative foreign currency translation adjustment ¹",2007
"OTSEITEMS","Other stockholders’ equity items, including unearned compensation and ESOP debt guarantees ¹",2007
"TREASSTK","Treasury stock at cost ¹",2007
"STHLDEQUI","Stockholders’ equity",2007
"TLIABEQUI","Total Liabilities and Stockholders’ Equity",2007
"NETWKCAP","Net Working Capital: Excess of total current assets",2007
"SALES","Net sales, receipts, and operating revenues",2008
"DEPREC","Depreciation, depletion, and amortization of property, plant, and equipment",2008
"OTHERCOST","All other operating costs and expenses",2008
"OPERINC","Income (loss) from operations",2008
"INTEXP","Interest expense",2008
"DIVINC","Dividend income ¹",2008
"OTHNOPEXP","Other recurring nonoperating income (expense), including interest income, royalties, minority interest, etc. ² All other nonoperating income (expense) ³",2008
"NONRECUR","Nonrecurring items, including gain (loss) on sale of assets, restructuring costs, asset writedowns, disposal of business segments, etc. ¹",2008
"EQUITYINC","Net income (loss) of foreign branches and equity in earnings (losses) of domestic and foreign nonconsolidated subsidiaries and other investments accounted for by the equity method, net of foreign taxes ¹",2008
"NIBT","Income (loss) before income taxes",2008
"FEDTAXES","Provision for current and deferred domestic income taxes: Federal ² Provision for current and deferred domestic income taxes ³",2008
"OTHERTAX","Provision for current and deferred domestic income taxes: Other ¹",2008
"NIAT","Income (loss) after income taxes",2008
"EXTRAORD","Extraordinary gains (losses), net of taxes ¹",2008
"CUMACTG","Cumulative effect of accounting changes, net of taxes ¹",2008
"NIQUARTER","Net income (loss) for quarter ¹",2008
"DIVIDENDS","Cash dividends charged to retained earnings this quarter",2008
"NIRTINBUS","Net income retained in business",2008
"RETBEG","Retained earnings at beginning of quarter",2008
"OTHERCRDR","Other direct credits (charges) to retained earnings (net), including stock and other non-cash dividends, etc.",2008
"RETEND","Retained earnings at end of quarter",2008
"CASH","Cash and demand deposits in the U.S.",2008
"TIMEDEP","Time deposits in the U.S., including negotiable certificates of deposit",2008
"DEPOUTUS","Cash and deposits outside the U.S. ¹",2008
"TOTALCASH","Total cash on hand and in banks ² Total cash on hand and in U.S. banks ³",2008
"TREASSEC1","U.S. Treasury and Federal agency securities: Subject to agreements to sell ¹",2008
"TREASSEC2","U.S. Treasury and Federal agency securities: Other, due in 1 year or less ¹",2008
"COMMPAPER","Commercial and finance company paper of U.S. issuers ¹",2008
"STATESEC","State and local government securities, due in 1 year or less ¹",2008
"FOREGNSEC","Foreign securities, due in 1 year or less ¹",2008
"OTHSTINV","Other short-term financial investments ² Other short-term financial investments, including marketable and government securities, commercial paper, etc. ³",2008
"TOCASHSEC","Total cash, U.S. Government and other securities",2008
"RECUSGOVT","Trade receivables from U.S. Government ¹",2008
"ACCTRECEV","Other trade accounts and trade notes receivable (less allowance for doubtful accounts) ² Trade accounts and trade notes receivable (less allowance for doubtful accounts) ³",2008
"TOTRECEV","Total receivables ¹",2008
"INVENTORY","Inventories",2008
"OTHCURASS","All other current assets",2008
"TOCRASSET","Total current assets",2008
"FIXASSETS","Property, plant, and equipment",2008
"LAND","Land and mineral rights",2008
"ACCDEPREC","Accumulated depreciation, depletion, and amortization",2008
"NETPPE","Net property, plant, and equipment",2008
"TREASSEC3","U.S. Treasury and Federal agency securities, due in more than 1 year ¹",2008
"OTHNCASST","All other noncurrent assets, including investment in nonconsolidated entities, long-term investments, intangibles, etc.",2008
"TOTASSET","Total Assets",2008
"STBANK","Short-term debt, original maturity 1 year or less: Loans from banks",2008
"COMPAPER","Short-term debt, original maturity 1 year or less: Commercial paper ¹",2008
"STDEBTOTH","Short-term debt, original maturity 1 year or less: Other short-term loans ² Short-term debt, original maturity 1 year or less: Other short-term loans, including commercial paper ³",2008
"ADVUSGOVT","Advances and prepayments by the U.S. Government ¹",2008
"ACCTPAY","Trade accounts and trade notes payable",2008
"FEDTAXPAY","Income taxes accrued, prior and current years, net of payments: Federal ¹",2008
"OTHTAXPAY","Income taxes accrued, prior and current years, net of payments: Other ² Income taxes accrued, prior and current years, net of payments ³",2008
"INSTBANKS","Current portion of long-term debt, due in 1 year or less: Loans from banks",2008
"INSTBONDS","Current portion of long-term debt, due in 1 year or less: Bonds and debentures ¹",2008
"INSTOTHER","Current portion of long-term debt, due in 1 year or less: Other long-term loans",2008
"OTCURLIAB","All other current liabilities, including excise and sales taxes, and accrued expenses",2008
"TOCRLIAB","Total current liabilities",2008
"LTBNKDEBT","Long-term debt, due in more than 1 year: Loans from banks",2008
"LTBNDDEBT","Long-term debt, due in more than 1 year: Bonds and debentures ¹",2008
"LTOTHDEBT","Long-term debt (due in more than 1 year): Other long-term loans",2008
"OTHNCLIAB","All other noncurrent liabilities, including deferred income taxes, capitalized leases, and minority stockholders’ interest in consolidated domestic corporations",2008
"TOTLIAB","Total liabilities",2008
"CAPSTOCK","Capital stock and other capital ² Capital stock and other capital (less treasury stock) ³",2008
"RETEARN","Retained earnings",2008
"CUMFORCUR","Cumulative foreign currency translation adjustment ¹",2008
"OTSEITEMS","Other stockholders’ equity items, including unearned compensation and ESOP debt guarantees ¹",2008
"TREASSTK","Treasury stock at cost ¹",2008
"STHLDEQUI","Stockholders’ equity",2008
"TLIABEQUI","Total Liabilities and Stockholders’ Equity",2008
"NETWKCAP","Net Working Capital: Excess of total current assets",2008
"SALES","Net sales, receipts, and operating revenues",2009
"DEPREC","Depreciation, depletion, and amortization of property, plant, and equipment",2009
"OTHERCOST","All other operating costs and expenses",2009
"OPERINC","Income (loss) from operations",2009
"INTEXP","Interest expense",2009
"DIVINC","Dividend income ¹",2009
"OTHNOPEXP","Other recurring nonoperating income (expense), including interest income, royalties, minority interest, etc. ² All other nonoperating income (expense) ³",2009
"NONRECUR","Nonrecurring items, including gain (loss) on sale of assets, restructuring costs, asset writedowns, disposal of business segments, etc. ¹",2009
"EQUITYINC","Net income (loss) of foreign branches and equity in earnings (losses) of domestic and foreign nonconsolidated subsidiaries and other investments accounted for by the equity method, net of foreign taxes ¹",2009
"NIBT","Income (loss) before income taxes",2009
"FEDTAXES","Provision for current and deferred domestic income taxes: Federal ² Provision for current and deferred domestic income taxes ³",2009
"OTHERTAX","Provision for current and deferred domestic income taxes: Other ¹",2009
"NIAT","Income (loss) after income taxes",2009
"EXTRAORD","Extraordinary gains (losses), net of taxes ¹",2009
"CUMACTG","Cumulative effect of accounting changes, net of taxes ¹",2009
"NIQUARTER","Net income (loss) for quarter ¹",2009
"DIVIDENDS","Cash dividends charged to retained earnings this quarter",2009
"NIRTINBUS","Net income retained in business",2009
"RETBEG","Retained earnings at beginning of quarter",2009
"OTHERCRDR","Other direct credits (charges) to retained earnings (net), including stock and other non-cash dividends, etc.",2009
"RETEND","Retained earnings at end of quarter",2009
"CASH","Cash and demand deposits in the U.S.",2009
"TIMEDEP","Time deposits in the U.S., including negotiable certificates of deposit",2009
"DEPOUTUS","Cash and deposits outside the U.S. ¹",2009
"TOTALCASH","Total cash on hand and in banks ² Total cash on hand and in U.S. banks ³",2009
"TREASSEC1","U.S. Treasury and Federal agency securities: Subject to agreements to sell ¹",2009
"TREASSEC2","U.S. Treasury and Federal agency securities: Other, due in 1 year or less ¹",2009
"COMMPAPER","Commercial and finance company paper of U.S. issuers ¹",2009
"STATESEC","State and local government securities, due in 1 year or less ¹",2009
"FOREGNSEC","Foreign securities, due in 1 year or less ¹",2009
"OTHSTINV","Other short-term financial investments ² Other short-term financial investments, including marketable and government securities, commercial paper, etc. ³",2009
"TOCASHSEC","Total cash, U.S. Government and other securities",2009
"RECUSGOVT","Trade receivables from U.S. Government ¹",2009
"ACCTRECEV","Other trade accounts and trade notes receivable (less allowance for doubtful accounts) ² Trade accounts and trade notes receivable (less allowance for doubtful accounts) ³",2009
"TOTRECEV","Total receivables ¹",2009
"INVENTORY","Inventories",2009
"OTHCURASS","All other current assets",2009
"TOCRASSET","Total current assets",2009
"FIXASSETS","Property, plant, and equipment",2009
"LAND","Land and mineral rights",2009
"ACCDEPREC","Accumulated depreciation, depletion, and amortization",2009
"NETPPE","Net property, plant, and equipment",2009
"TREASSEC3","U.S. Treasury and Federal agency securities, due in more than 1 year ¹",2009
"OTHNCASST","All other noncurrent assets, including investment in nonconsolidated entities, long-term investments, intangibles, etc.",2009
"TOTASSET","Total Assets",2009
"STBANK","Short-term debt, original maturity 1 year or less: Loans from banks",2009
"COMPAPER","Short-term debt, original maturity 1 year or less: Commercial paper ¹",2009
"STDEBTOTH","Short-term debt, original maturity 1 year or less: Other short-term loans ² Short-term debt, original maturity 1 year or less: Other short-term loans, including commercial paper ³",2009
"ADVUSGOVT","Advances and prepayments by the U.S. Government ¹",2009
"ACCTPAY","Trade accounts and trade notes payable",2009
"FEDTAXPAY","Income taxes accrued, prior and current years, net of payments: Federal ¹",2009
"OTHTAXPAY","Income taxes accrued, prior and current years, net of payments: Other ² Income taxes accrued, prior and current years, net of payments ³",2009
"INSTBANKS","Current portion of long-term debt, due in 1 year or less: Loans from banks",2009
"INSTBONDS","Current portion of long-term debt, due in 1 year or less: Bonds and debentures ¹",2009
"INSTOTHER","Current portion of long-term debt, due in 1 year or less: Other long-term loans",2009
"OTCURLIAB","All other current liabilities, including excise and sales taxes, and accrued expenses",2009
"TOCRLIAB","Total current liabilities",2009
"LTBNKDEBT","Long-term debt, due in more than 1 year: Loans from banks",2009
"LTBNDDEBT","Long-term debt, due in more than 1 year: Bonds and debentures ¹",2009
"LTOTHDEBT","Long-term debt (due in more than 1 year): Other long-term loans",2009
"OTHNCLIAB","All other noncurrent liabilities, including deferred income taxes, capitalized leases, and minority stockholders’ interest in consolidated domestic corporations",2009
"TOTLIAB","Total liabilities",2009
"CAPSTOCK","Capital stock and other capital ² Capital stock and other capital (less treasury stock) ³",2009
"RETEARN","Retained earnings",2009
"CUMFORCUR","Cumulative foreign currency translation adjustment ¹",2009
"OTSEITEMS","Other stockholders’ equity items, including unearned compensation and ESOP debt guarantees ¹",2009
"TREASSTK","Treasury stock at cost ¹",2009
"STHLDEQUI","Stockholders’ equity",2009
"TLIABEQUI","Total Liabilities and Stockholders’ Equity",2009
"NETWKCAP","Net Working Capital: Excess of total current assets",2009
"SALES","Net sales, receipts, and operating revenues",2010
"DEPREC","Depreciation, depletion, and amortization of property, plant, and equipment",2010
"OTHERCOST","All other operating costs and expenses",2010
"OPERINC","Income (loss) from operations",2010
"INTEXP","Interest expense",2010
"DIVINC","Dividend income ¹",2010
"OTHNOPEXP","Other recurring nonoperating income (expense), including interest income, royalties, minority interest, etc. ² All other nonoperating income (expense) ³",2010
"NONRECUR","Nonrecurring items, including gain (loss) on sale of assets, restructuring costs, asset writedowns, disposal of business segments, etc. ¹",2010
"EQUITYINC","Net income (loss) of foreign branches and equity in earnings (losses) of domestic and foreign nonconsolidated subsidiaries and other investments accounted for by the equity method, net of foreign taxes ¹",2010
"NIBT","Income (loss) before income taxes",2010
"FEDTAXES","Provision for current and deferred domestic income taxes: Federal ² Provision for current and deferred domestic income taxes ³",2010
"OTHERTAX","Provision for current and deferred domestic income taxes: Other ¹",2010
"NIAT","Income (loss) after income taxes",2010
"EXTRAORD","Extraordinary gains (losses), net of taxes ¹",2010
"CUMACTG","Cumulative effect of accounting changes, net of taxes ¹",2010
"NIQUARTER","Net income (loss) for quarter ¹",2010
"DIVIDENDS","Cash dividends charged to retained earnings this quarter",2010
"NIRTINBUS","Net income retained in business",2010
"RETBEG","Retained earnings at beginning of quarter",2010
"OTHERCRDR","Other direct credits (charges) to retained earnings (net), including stock and other non-cash dividends, etc.",2010
"RETEND","Retained earnings at end of quarter",2010
"CASH","Cash and demand deposits in the U.S.",2010
"TIMEDEP","Time deposits in the U.S., including negotiable certificates of deposit",2010
"DEPOUTUS","Cash and deposits outside the U.S. ¹",2010
"TOTALCASH","Total cash on hand and in banks ² Total cash on hand and in U.S. banks ³",2010
"TREASSEC1","U.S. Treasury and Federal agency securities: Subject to agreements to sell ¹",2010
"TREASSEC2","U.S. Treasury and Federal agency securities: Other, due in 1 year or less ¹",2010
"COMMPAPER","Commercial and finance company paper of U.S. issuers ¹",2010
"STATESEC","State and local government securities, due in 1 year or less ¹",2010
"FOREGNSEC","Foreign securities, due in 1 year or less ¹",2010
"OTHSTINV","Other short-term financial investments ² Other short-term financial investments, including marketable and government securities, commercial paper, etc. ³",2010
"TOCASHSEC","Total cash, U.S. Government and other securities",2010
"RECUSGOVT","Trade receivables from U.S. Government ¹",2010
"ACCTRECEV","Other trade accounts and trade notes receivable (less allowance for doubtful accounts) ² Trade accounts and trade notes receivable (less allowance for doubtful accounts) ³",2010
"TOTRECEV","Total receivables ¹",2010
"INVENTORY","Inventories",2010
"OTHCURASS","All other current assets",2010
"TOCRASSET","Total current assets",2010
"FIXASSETS","Property, plant, and equipment",2010
"LAND","Land and mineral rights",2010
"ACCDEPREC","Accumulated depreciation, depletion, and amortization",2010
"NETPPE","Net property, plant, and equipment",2010
"TREASSEC3","U.S. Treasury and Federal agency securities, due in more than 1 year ¹",2010
"OTHNCASST","All other noncurrent assets, including investment in nonconsolidated entities, long-term investments, intangibles, etc.",2010
"TOTASSET","Total Assets",2010
"STBANK","Short-term debt, original maturity 1 year or less: Loans from banks",2010
"COMPAPER","Short-term debt, original maturity 1 year or less: Commercial paper ¹",2010
"STDEBTOTH","Short-term debt, original maturity 1 year or less: Other short-term loans ² Short-term debt, original maturity 1 year or less: Other short-term loans, including commercial paper ³",2010
"ADVUSGOVT","Advances and prepayments by the U.S. Government ¹",2010
"ACCTPAY","Trade accounts and trade notes payable",2010
"FEDTAXPAY","Income taxes accrued, prior and current years, net of payments: Federal ¹",2010
"OTHTAXPAY","Income taxes accrued, prior and current years, net of payments: Other ² Income taxes accrued, prior and current years, net of payments ³",2010
"INSTBANKS","Current portion of long-term debt, due in 1 year or less: Loans from banks",2010
"INSTBONDS","Current portion of long-term debt, due in 1 year or less: Bonds and debentures ¹",2010
"INSTOTHER","Current portion of long-term debt, due in 1 year or less: Other long-term loans",2010
"OTCURLIAB","All other current liabilities, including excise and sales taxes, and accrued expenses",2010
"TOCRLIAB","Total current liabilities",2010
"LTBNKDEBT","Long-term debt, due in more than 1 year: Loans from banks",2010
"LTBNDDEBT","Long-term debt, due in more than 1 year: Bonds and debentures ¹",2010
"LTOTHDEBT","Long-term debt (due in more than 1 year): Other long-term loans",2010
"OTHNCLIAB","All other noncurrent liabilities, including deferred income taxes, capitalized leases, and minority stockholders’ interest in consolidated domestic corporations",2010
"TOTLIAB","Total liabilities",2010
"CAPSTOCK","Capital stock and other capital ² Capital stock and other capital (less treasury stock) ³",2010
"RETEARN","Retained earnings",2010
"CUMFORCUR","Cumulative foreign currency translation adjustment ¹",2010
"OTSEITEMS","Other stockholders’ equity items, including unearned compensation and ESOP debt guarantees ¹",2010
"TREASSTK","Treasury stock at cost ¹",2010
"STHLDEQUI","Stockholders’ equity",2010
"TLIABEQUI","Total Liabilities and Stockholders’ Equity",2010
"NETWKCAP","Net Working Capital: Excess of total current assets",2010
"SALES","Net sales, receipts, and operating revenues",2011
"DEPREC","Depreciation, depletion, and amortization of property, plant, and equipment",2011
"OTHERCOST","All other operating costs and expenses",2011
"OPERINC","Income (loss) from operations",2011
"INTEXP","Interest expense",2011
"DIVINC","Dividend income ¹",2011
"OTHNOPEXP","Other recurring nonoperating income (expense), including interest income, royalties, minority interest, etc. ² All other nonoperating income (expense) ³",2011
"NONRECUR","Nonrecurring items, including gain (loss) on sale of assets, restructuring costs, asset writedowns, disposal of business segments, etc. ¹",2011
"EQUITYINC","Net income (loss) of foreign branches and equity in earnings (losses) of domestic and foreign nonconsolidated subsidiaries and other investments accounted for by the equity method, net of foreign taxes ¹",2011
"NIBT","Income (loss) before income taxes",2011
"FEDTAXES","Provision for current and deferred domestic income taxes: Federal ² Provision for current and deferred domestic income taxes ³",2011
"OTHERTAX","Provision for current and deferred domestic income taxes: Other ¹",2011
"NIAT","Income (loss) after income taxes",2011
"EXTRAORD","Extraordinary gains (losses), net of taxes ¹",2011
"CUMACTG","Cumulative effect of accounting changes, net of taxes ¹",2011
"NIQUARTER","Net income (loss) for quarter ¹",2011
"DIVIDENDS","Cash dividends charged to retained earnings this quarter",2011
"NIRTINBUS","Net income retained in business",2011
"RETBEG","Retained earnings at beginning of quarter",2011
"OTHERCRDR","Other direct credits (charges) to retained earnings (net), including stock and other non-cash dividends, etc.",2011
"RETEND","Retained earnings at end of quarter",2011
"CASH","Cash and demand deposits in the U.S.",2011
"TIMEDEP","Time deposits in the U.S., including negotiable certificates of deposit",2011
"DEPOUTUS","Cash and deposits outside the U.S. ¹",2011
"TOTALCASH","Total cash on hand and in banks ² Total cash on hand and in U.S. banks ³",2011
"TREASSEC1","U.S. Treasury and Federal agency securities: Subject to agreements to sell ¹",2011
"TREASSEC2","U.S. Treasury and Federal agency securities: Other, due in 1 year or less ¹",2011
"COMMPAPER","Commercial and finance company paper of U.S. issuers ¹",2011
"STATESEC","State and local government securities, due in 1 year or less ¹",2011
"FOREGNSEC","Foreign securities, due in 1 year or less ¹",2011
"OTHSTINV","Other short-term financial investments ² Other short-term financial investments, including marketable and government securities, commercial paper, etc. ³",2011
"TOCASHSEC","Total cash, U.S. Government and other securities",2011
"RECUSGOVT","Trade receivables from U.S. Government ¹",2011
"ACCTRECEV","Other trade accounts and trade notes receivable (less allowance for doubtful accounts) ² Trade accounts and trade notes receivable (less allowance for doubtful accounts) ³",2011
"TOTRECEV","Total receivables ¹",2011
"INVENTORY","Inventories",2011
"OTHCURASS","All other current assets",2011
"TOCRASSET","Total current assets",2011
"FIXASSETS","Property, plant, and equipment",2011
"LAND","Land and mineral rights",2011
"ACCDEPREC","Accumulated depreciation, depletion, and amortization",2011
"NETPPE","Net property, plant, and equipment",2011
"TREASSEC3","U.S. Treasury and Federal agency securities, due in more than 1 year ¹",2011
"OTHNCASST","All other noncurrent assets, including investment in nonconsolidated entities, long-term investments, intangibles, etc.",2011
"TOTASSET","Total Assets",2011
"STBANK","Short-term debt, original maturity 1 year or less: Loans from banks",2011
"COMPAPER","Short-term debt, original maturity 1 year or less: Commercial paper ¹",2011
"STDEBTOTH","Short-term debt, original maturity 1 year or less: Other short-term loans ² Short-term debt, original maturity 1 year or less: Other short-term loans, including commercial paper ³",2011
"ADVUSGOVT","Advances and prepayments by the U.S. Government ¹",2011
"ACCTPAY","Trade accounts and trade notes payable",2011
"FEDTAXPAY","Income taxes accrued, prior and current years, net of payments: Federal ¹",2011
"OTHTAXPAY","Income taxes accrued, prior and current years, net of payments: Other ² Income taxes accrued, prior and current years, net of payments ³",2011
"INSTBANKS","Current portion of long-term debt, due in 1 year or less: Loans from banks",2011
"INSTBONDS","Current portion of long-term debt, due in 1 year or less: Bonds and debentures ¹",2011
"INSTOTHER","Current portion of long-term debt, due in 1 year or less: Other long-term loans",2011
"OTCURLIAB","All other current liabilities, including excise and sales taxes, and accrued expenses",2011
"TOCRLIAB","Total current liabilities",2011
"LTBNKDEBT","Long-term debt, due in more than 1 year: Loans from banks",2011
"LTBNDDEBT","Long-term debt, due in more than 1 year: Bonds and debentures ¹",2011
"LTOTHDEBT","Long-term debt (due in more than 1 year): Other long-term loans",2011
"OTHNCLIAB","All other noncurrent liabilities, including deferred income taxes, capitalized leases, and minority stockholders’ interest in consolidated domestic corporations",2011
"TOTLIAB","Total liabilities",2011
"CAPSTOCK","Capital stock and other capital ² Capital stock and other capital (less treasury stock) ³",2011
"RETEARN","Retained earnings",2011
"CUMFORCUR","Cumulative foreign currency translation adjustment ¹",2011
"OTSEITEMS","Other stockholders’ equity items, including unearned compensation and ESOP debt guarantees ¹",2011
"TREASSTK","Treasury stock at cost ¹",2011
"STHLDEQUI","Stockholders’ equity",2011
"TLIABEQUI","Total Liabilities and Stockholders’ Equity",2011
"NETWKCAP","Net Working Capital: Excess of total current assets",2011
"SALES","Net sales, receipts, and operating revenues",2012
"DEPREC","Depreciation, depletion, and amortization of property, plant, and equipment",2012
"OTHERCOST","All other operating costs and expenses",2012
"OPERINC","Income (loss) from operations",2012
"INTEXP","Interest expense",2012
"DIVINC","Dividend income ¹",2012
"OTHNOPEXP","Other recurring nonoperating income (expense), including interest income, royalties, minority interest, etc. ² All other nonoperating income (expense) ³",2012
"NONRECUR","Nonrecurring items, including gain (loss) on sale of assets, restructuring costs, asset writedowns, disposal of business segments, etc. ¹",2012
"EQUITYINC","Net income (loss) of foreign branches and equity in earnings (losses) of domestic and foreign nonconsolidated subsidiaries and other investments accounted for by the equity method, net of foreign taxes ¹",2012
"NIBT","Income (loss) before income taxes",2012
"FEDTAXES","Provision for current and deferred domestic income taxes: Federal ² Provision for current and deferred domestic income taxes ³",2012
"OTHERTAX","Provision for current and deferred domestic income taxes: Other ¹",2012
"NIAT","Income (loss) after income taxes",2012
"EXTRAORD","Extraordinary gains (losses), net of taxes ¹",2012
"CUMACTG","Cumulative effect of accounting changes, net of taxes ¹",2012
"NIQUARTER","Net income (loss) for quarter ¹",2012
"DIVIDENDS","Cash dividends charged to retained earnings this quarter",2012
"NIRTINBUS","Net income retained in business",2012
"RETBEG","Retained earnings at beginning of quarter",2012
"OTHERCRDR","Other direct credits (charges) to retained earnings (net), including stock and other non-cash dividends, etc.",2012
"RETEND","Retained earnings at end of quarter",2012
"CASH","Cash and demand deposits in the U.S.",2012
"TIMEDEP","Time deposits in the U.S., including negotiable certificates of deposit",2012
"DEPOUTUS","Cash and deposits outside the U.S. ¹",2012
"TOTALCASH","Total cash on hand and in banks ² Total cash on hand and in U.S. banks ³",2012
"TREASSEC1","U.S. Treasury and Federal agency securities: Subject to agreements to sell ¹",2012
"TREASSEC2","U.S. Treasury and Federal agency securities: Other, due in 1 year or less ¹",2012
"COMMPAPER","Commercial and finance company paper of U.S. issuers ¹",2012
"STATESEC","State and local government securities, due in 1 year or less ¹",2012
"FOREGNSEC","Foreign securities, due in 1 year or less ¹",2012
"OTHSTINV","Other short-term financial investments ² Other short-term financial investments, including marketable and government securities, commercial paper, etc. ³",2012
"TOCASHSEC","Total cash, U.S. Government and other securities",2012
"RECUSGOVT","Trade receivables from U.S. Government ¹",2012
"ACCTRECEV","Other trade accounts and trade notes receivable (less allowance for doubtful accounts) ² Trade accounts and trade notes receivable (less allowance for doubtful accounts) ³",2012
"TOTRECEV","Total receivables ¹",2012
"INVENTORY","Inventories",2012
"OTHCURASS","All other current assets",2012
"TOCRASSET","Total current assets",2012
"FIXASSETS","Property, plant, and equipment",2012
"LAND","Land and mineral rights",2012
"ACCDEPREC","Accumulated depreciation, depletion, and amortization",2012
"NETPPE","Net property, plant, and equipment",2012
"TREASSEC3","U.S. Treasury and Federal agency securities, due in more than 1 year ¹",2012
"OTHNCASST","All other noncurrent assets, including investment in nonconsolidated entities, long-term investments, intangibles, etc.",2012
"TOTASSET","Total Assets",2012
"STBANK","Short-term debt, original maturity 1 year or less: Loans from banks",2012
"COMPAPER","Short-term debt, original maturity 1 year or less: Commercial paper ¹",2012
"STDEBTOTH","Short-term debt, original maturity 1 year or less: Other short-term loans ² Short-term debt, original maturity 1 year or less: Other short-term loans, including commercial paper ³",2012
"ADVUSGOVT","Advances and prepayments by the U.S. Government ¹",2012
"ACCTPAY","Trade accounts and trade notes payable",2012
"FEDTAXPAY","Income taxes accrued, prior and current years, net of payments: Federal ¹",2012
"OTHTAXPAY","Income taxes accrued, prior and current years, net of payments: Other ² Income taxes accrued, prior and current years, net of payments ³",2012
"INSTBANKS","Current portion of long-term debt, due in 1 year or less: Loans from banks",2012
"INSTBONDS","Current portion of long-term debt, due in 1 year or less: Bonds and debentures ¹",2012
"INSTOTHER","Current portion of long-term debt, due in 1 year or less: Other long-term loans",2012
"OTCURLIAB","All other current liabilities, including excise and sales taxes, and accrued expenses",2012
"TOCRLIAB","Total current liabilities",2012
"LTBNKDEBT","Long-term debt, due in more than 1 year: Loans from banks",2012
"LTBNDDEBT","Long-term debt, due in more than 1 year: Bonds and debentures ¹",2012
"LTOTHDEBT","Long-term debt (due in more than 1 year): Other long-term loans",2012
"OTHNCLIAB","All other noncurrent liabilities, including deferred income taxes, capitalized leases, and minority stockholders’ interest in consolidated domestic corporations",2012
"TOTLIAB","Total liabilities",2012
"CAPSTOCK","Capital stock and other capital ² Capital stock and other capital (less treasury stock) ³",2012
"RETEARN","Retained earnings",2012
"CUMFORCUR","Cumulative foreign currency translation adjustment ¹",2012
"OTSEITEMS","Other stockholders’ equity items, including unearned compensation and ESOP debt guarantees ¹",2012
"TREASSTK","Treasury stock at cost ¹",2012
"STHLDEQUI","Stockholders’ equity",2012
"TLIABEQUI","Total Liabilities and Stockholders’ Equity",2012
"NETWKCAP","Net Working Capital: Excess of total current assets",2012
"SALES","Net sales, receipts, and operating revenues",2013
"DEPREC","Depreciation, depletion, and amortization of property, plant, and equipment",2013
"OTHERCOST","All other operating costs and expenses",2013
"OPERINC","Income (loss) from operations",2013
"INTEXP","Interest expense",2013
"DIVINC","Dividend income ¹",2013
"OTHNOPEXP","Other recurring nonoperating income (expense), including interest income, royalties, minority interest, etc. ² All other nonoperating income (expense) ³",2013
"NONRECUR","Nonrecurring items, including gain (loss) on sale of assets, restructuring costs, asset writedowns, disposal of business segments, etc. ¹",2013
"EQUITYINC","Net income (loss) of foreign branches and equity in earnings (losses) of domestic and foreign nonconsolidated subsidiaries and other investments accounted for by the equity method, net of foreign taxes ¹",2013
"NIBT","Income (loss) before income taxes",2013
"FEDTAXES","Provision for current and deferred domestic income taxes: Federal ² Provision for current and deferred domestic income taxes ³",2013
"OTHERTAX","Provision for current and deferred domestic income taxes: Other ¹",2013
"NIAT","Income (loss) after income taxes",2013
"EXTRAORD","Extraordinary gains (losses), net of taxes ¹",2013
"CUMACTG","Cumulative effect of accounting changes, net of taxes ¹",2013
"NIQUARTER","Net income (loss) for quarter ¹",2013
"DIVIDENDS","Cash dividends charged to retained earnings this quarter",2013
"NIRTINBUS","Net income retained in business",2013
"RETBEG","Retained earnings at beginning of quarter",2013
"OTHERCRDR","Other direct credits (charges) to retained earnings (net), including stock and other non-cash dividends, etc.",2013
"RETEND","Retained earnings at end of quarter",2013
"CASH","Cash and demand deposits in the U.S.",2013
"TIMEDEP","Time deposits in the U.S., including negotiable certificates of deposit",2013
"DEPOUTUS","Cash and deposits outside the U.S. ¹",2013
"TOTALCASH","Total cash on hand and in banks ² Total cash on hand and in U.S. banks ³",2013
"TREASSEC1","U.S. Treasury and Federal agency securities: Subject to agreements to sell ¹",2013
"TREASSEC2","U.S. Treasury and Federal agency securities: Other, due in 1 year or less ¹",2013
"COMMPAPER","Commercial and finance company paper of U.S. issuers ¹",2013
"STATESEC","State and local government securities, due in 1 year or less ¹",2013
"FOREGNSEC","Foreign securities, due in 1 year or less ¹",2013
"OTHSTINV","Other short-term financial investments ² Other short-term financial investments, including marketable and government securities, commercial paper, etc. ³",2013
"TOCASHSEC","Total cash, U.S. Government and other securities",2013
"RECUSGOVT","Trade receivables from U.S. Government ¹",2013
"ACCTRECEV","Other trade accounts and trade notes receivable (less allowance for doubtful accounts) ² Trade accounts and trade notes receivable (less allowance for doubtful accounts) ³",2013
"TOTRECEV","Total receivables ¹",2013
"INVENTORY","Inventories",2013
"OTHCURASS","All other current assets",2013
"TOCRASSET","Total current assets",2013
"FIXASSETS","Property, plant, and equipment",2013
"LAND","Land and mineral rights",2013
"ACCDEPREC","Accumulated depreciation, depletion, and amortization",2013
"NETPPE","Net property, plant, and equipment",2013
"TREASSEC3","U.S. Treasury and Federal agency securities, due in more than 1 year ¹",2013
"OTHNCASST","All other noncurrent assets, including investment in nonconsolidated entities, long-term investments, intangibles, etc.",2013
"TOTASSET","Total Assets",2013
"STBANK","Short-term debt, original maturity 1 year or less: Loans from banks",2013
"COMPAPER","Short-term debt, original maturity 1 year or less: Commercial paper ¹",2013
"STDEBTOTH","Short-term debt, original maturity 1 year or less: Other short-term loans ² Short-term debt, original maturity 1 year or less: Other short-term loans, including commercial paper ³",2013
"ADVUSGOVT","Advances and prepayments by the U.S. Government ¹",2013
"ACCTPAY","Trade accounts and trade notes payable",2013
"FEDTAXPAY","Income taxes accrued, prior and current years, net of payments: Federal ¹",2013
"OTHTAXPAY","Income taxes accrued, prior and current years, net of payments: Other ² Income taxes accrued, prior and current years, net of payments ³",2013
"INSTBANKS","Current portion of long-term debt, due in 1 year or less: Loans from banks",2013
"INSTBONDS","Current portion of long-term debt, due in 1 year or less: Bonds and debentures ¹",2013
"INSTOTHER","Current portion of long-term debt, due in 1 year or less: Other long-term loans",2013
"OTCURLIAB","All other current liabilities, including excise and sales taxes, and accrued expenses",2013
"TOCRLIAB","Total current liabilities",2013
"LTBNKDEBT","Long-term debt, due in more than 1 year: Loans from banks",2013
"LTBNDDEBT","Long-term debt, due in more than 1 year: Bonds and debentures ¹",2013
"LTOTHDEBT","Long-term debt (due in more than 1 year): Other long-term loans",2013
"OTHNCLIAB","All other noncurrent liabilities, including deferred income taxes, capitalized leases, and minority stockholders’ interest in consolidated domestic corporations",2013
"TOTLIAB","Total liabilities",2013
"CAPSTOCK","Capital stock and other capital ² Capital stock and other capital (less treasury stock) ³",2013
"RETEARN","Retained earnings",2013
"CUMFORCUR","Cumulative foreign currency translation adjustment ¹",2013
"OTSEITEMS","Other stockholders’ equity items, including unearned compensation and ESOP debt guarantees ¹",2013
"TREASSTK","Treasury stock at cost ¹",2013
"STHLDEQUI","Stockholders’ equity",2013
"TLIABEQUI","Total Liabilities and Stockholders’ Equity",2013
"NETWKCAP","Net Working Capital: Excess of total current assets",2013
"SALES","Net sales, receipts, and operating revenues",2014
"DEPREC","Depreciation, depletion, and amortization of property, plant, and equipment",2014
"OTHERCOST","All other operating costs and expenses",2014
"OPERINC","Income (loss) from operations",2014
"INTEXP","Interest expense",2014
"DIVINC","Dividend income ¹",2014
"OTHNOPEXP","Other recurring nonoperating income (expense), including interest income, royalties, minority interest, etc. ² All other nonoperating income (expense) ³",2014
"NONRECUR","Nonrecurring items, including gain (loss) on sale of assets, restructuring costs, asset writedowns, disposal of business segments, etc. ¹",2014
"EQUITYINC","Net income (loss) of foreign branches and equity in earnings (losses) of domestic and foreign nonconsolidated subsidiaries and other investments accounted for by the equity method, net of foreign taxes ¹",2014
"NIBT","Income (loss) before income taxes",2014
"FEDTAXES","Provision for current and deferred domestic income taxes: Federal ² Provision for current and deferred domestic income taxes ³",2014
"OTHERTAX","Provision for current and deferred domestic income taxes: Other ¹",2014
"NIAT","Income (loss) after income taxes",2014
"EXTRAORD","Extraordinary gains (losses), net of taxes ¹",2014
"CUMACTG","Cumulative effect of accounting changes, net of taxes ¹",2014
"NIQUARTER","Net income (loss) for quarter ¹",2014
"DIVIDENDS","Cash dividends charged to retained earnings this quarter",2014
"NIRTINBUS","Net income retained in business",2014
"RETBEG","Retained earnings at beginning of quarter",2014
"OTHERCRDR","Other direct credits (charges) to retained earnings (net), including stock and other non-cash dividends, etc.",2014
"RETEND","Retained earnings at end of quarter",2014
"CASH","Cash and demand deposits in the U.S.",2014
"TIMEDEP","Time deposits in the U.S., including negotiable certificates of deposit",2014
"DEPOUTUS","Cash and deposits outside the U.S. ¹",2014
"TOTALCASH","Total cash on hand and in banks ² Total cash on hand and in U.S. banks ³",2014
"TREASSEC1","U.S. Treasury and Federal agency securities: Subject to agreements to sell ¹",2014
"TREASSEC2","U.S. Treasury and Federal agency securities: Other, due in 1 year or less ¹",2014
"COMMPAPER","Commercial and finance company paper of U.S. issuers ¹",2014
"STATESEC","State and local government securities, due in 1 year or less ¹",2014
"FOREGNSEC","Foreign securities, due in 1 year or less ¹",2014
"OTHSTINV","Other short-term financial investments ² Other short-term financial investments, including marketable and government securities, commercial paper, etc. ³",2014
"TOCASHSEC","Total cash, U.S. Government and other securities",2014
"RECUSGOVT","Trade receivables from U.S. Government ¹",2014
"ACCTRECEV","Other trade accounts and trade notes receivable (less allowance for doubtful accounts) ² Trade accounts and trade notes receivable (less allowance for doubtful accounts) ³",2014
"TOTRECEV","Total receivables ¹",2014
"INVENTORY","Inventories",2014
"OTHCURASS","All other current assets",2014
"TOCRASSET","Total current assets",2014
"FIXASSETS","Property, plant, and equipment",2014
"LAND","Land and mineral rights",2014
"ACCDEPREC","Accumulated depreciation, depletion, and amortization",2014
"NETPPE","Net property, plant, and equipment",2014
"TREASSEC3","U.S. Treasury and Federal agency securities, due in more than 1 year ¹",2014
"OTHNCASST","All other noncurrent assets, including investment in nonconsolidated entities, long-term investments, intangibles, etc.",2014
"TOTASSET","Total Assets",2014
"STBANK","Short-term debt, original maturity 1 year or less: Loans from banks",2014
"COMPAPER","Short-term debt, original maturity 1 year or less: Commercial paper ¹",2014
"STDEBTOTH","Short-term debt, original maturity 1 year or less: Other short-term loans ² Short-term debt, original maturity 1 year or less: Other short-term loans, including commercial paper ³",2014
"ADVUSGOVT","Advances and prepayments by the U.S. Government ¹",2014
"ACCTPAY","Trade accounts and trade notes payable",2014
"FEDTAXPAY","Income taxes accrued, prior and current years, net of payments: Federal ¹",2014
"OTHTAXPAY","Income taxes accrued, prior and current years, net of payments: Other ² Income taxes accrued, prior and current years, net of payments ³",2014
"INSTBANKS","Current portion of long-term debt, due in 1 year or less: Loans from banks",2014
"INSTBONDS","Current portion of long-term debt, due in 1 year or less: Bonds and debentures ¹",2014
"INSTOTHER","Current portion of long-term debt, due in 1 year or less: Other long-term loans",2014
"OTCURLIAB","All other current liabilities, including excise and sales taxes, and accrued expenses",2014
"TOCRLIAB","Total current liabilities",2014
"LTBNKDEBT","Long-term debt, due in more than 1 year: Loans from banks",2014
"LTBNDDEBT","Long-term debt, due in more than 1 year: Bonds and debentures ¹",2014
"LTOTHDEBT","Long-term debt (due in more than 1 year): Other long-term loans",2014
"OTHNCLIAB","All other noncurrent liabilities, including deferred income taxes, capitalized leases, and minority stockholders’ interest in consolidated domestic corporations",2014
"TOTLIAB","Total liabilities",2014
"CAPSTOCK","Capital stock and other capital ² Capital stock and other capital (less treasury stock) ³",2014
"RETEARN","Retained earnings",2014
"CUMFORCUR","Cumulative foreign currency translation adjustment ¹",2014
"OTSEITEMS","Other stockholders’ equity items, including unearned compensation and ESOP debt guarantees ¹",2014
"TREASSTK","Treasury stock at cost ¹",2014
"STHLDEQUI","Stockholders’ equity",2014
"TLIABEQUI","Total Liabilities and Stockholders’ Equity",2014
"NETWKCAP","Net Working Capital: Excess of total current assets",2014
"SALES","Net sales, receipts, and operating revenues",2015
"DEPREC","Depreciation, depletion, and amortization of property, plant, and equipment",2015
"OTHERCOST","All other operating costs and expenses",2015
"OPERINC","Income (loss) from operations",2015
"INTEXP","Interest expense",2015
"DIVINC","Dividend income ¹",2015
"OTHNOPEXP","Other recurring nonoperating income (expense), including interest income, royalties, minority interest, etc. ² All other nonoperating income (expense) ³",2015
"NONRECUR","Nonrecurring items, including gain (loss) on sale of assets, restructuring costs, asset writedowns, disposal of business segments, etc. ¹",2015
"EQUITYINC","Net income (loss) of foreign branches and equity in earnings (losses) of domestic and foreign nonconsolidated subsidiaries and other investments accounted for by the equity method, net of foreign taxes ¹",2015
"NIBT","Income (loss) before income taxes",2015
"FEDTAXES","Provision for current and deferred domestic income taxes: Federal ² Provision for current and deferred domestic income taxes ³",2015
"OTHERTAX","Provision for current and deferred domestic income taxes: Other ¹",2015
"NIAT","Income (loss) after income taxes",2015
"EXTRAORD","Extraordinary gains (losses), net of taxes ¹",2015
"CUMACTG","Cumulative effect of accounting changes, net of taxes ¹",2015
"NIQUARTER","Net income (loss) for quarter ¹",2015
"DIVIDENDS","Cash dividends charged to retained earnings this quarter",2015
"NIRTINBUS","Net income retained in business",2015
"RETBEG","Retained earnings at beginning of quarter",2015
"OTHERCRDR","Other direct credits (charges) to retained earnings (net), including stock and other non-cash dividends, etc.",2015
"RETEND","Retained earnings at end of quarter",2015
"CASH","Cash and demand deposits in the U.S.",2015
"TIMEDEP","Time deposits in the U.S., including negotiable certificates of deposit",2015
"DEPOUTUS","Cash and deposits outside the U.S. ¹",2015
"TOTALCASH","Total cash on hand and in banks ² Total cash on hand and in U.S. banks ³",2015
"TREASSEC1","U.S. Treasury and Federal agency securities: Subject to agreements to sell ¹",2015
"TREASSEC2","U.S. Treasury and Federal agency securities: Other, due in 1 year or less ¹",2015
"COMMPAPER","Commercial and finance company paper of U.S. issuers ¹",2015
"STATESEC","State and local government securities, due in 1 year or less ¹",2015
"FOREGNSEC","Foreign securities, due in 1 year or less ¹",2015
"OTHSTINV","Other short-term financial investments ² Other short-term financial investments, including marketable and government securities, commercial paper, etc. ³",2015
"TOCASHSEC","Total cash, U.S. Government and other securities",2015
"RECUSGOVT","Trade receivables from U.S. Government ¹",2015
"ACCTRECEV","Other trade accounts and trade notes receivable (less allowance for doubtful accounts) ² Trade accounts and trade notes receivable (less allowance for doubtful accounts) ³",2015
"TOTRECEV","Total receivables ¹",2015
"INVENTORY","Inventories",2015
"OTHCURASS","All other current assets",2015
"TOCRASSET","Total current assets",2015
"FIXASSETS","Property, plant, and equipment",2015
"LAND","Land and mineral rights",2015
"ACCDEPREC","Accumulated depreciation, depletion, and amortization",2015
"NETPPE","Net property, plant, and equipment",2015
"TREASSEC3","U.S. Treasury and Federal agency securities, due in more than 1 year ¹",2015
"OTHNCASST","All other noncurrent assets, including investment in nonconsolidated entities, long-term investments, intangibles, etc.",2015
"TOTASSET","Total Assets",2015
"STBANK","Short-term debt, original maturity 1 year or less: Loans from banks",2015
"COMPAPER","Short-term debt, original maturity 1 year or less: Commercial paper ¹",2015
"STDEBTOTH","Short-term debt, original maturity 1 year or less: Other short-term loans ² Short-term debt, original maturity 1 year or less: Other short-term loans, including commercial paper ³",2015
"ADVUSGOVT","Advances and prepayments by the U.S. Government ¹",2015
"ACCTPAY","Trade accounts and trade notes payable",2015
"FEDTAXPAY","Income taxes accrued, prior and current years, net of payments: Federal ¹",2015
"OTHTAXPAY","Income taxes accrued, prior and current years, net of payments: Other ² Income taxes accrued, prior and current years, net of payments ³",2015
"INSTBANKS","Current portion of long-term debt, due in 1 year or less: Loans from banks",2015
"INSTBONDS","Current portion of long-term debt, due in 1 year or less: Bonds and debentures ¹",2015
"INSTOTHER","Current portion of long-term debt, due in 1 year or less: Other long-term loans",2015
"OTCURLIAB","All other current liabilities, including excise and sales taxes, and accrued expenses",2015
"TOCRLIAB","Total current liabilities",2015
"LTBNKDEBT","Long-term debt, due in more than 1 year: Loans from banks",2015
"LTBNDDEBT","Long-term debt, due in more than 1 year: Bonds and debentures ¹",2015
"LTOTHDEBT","Long-term debt (due in more than 1 year): Other long-term loans",2015
"OTHNCLIAB","All other noncurrent liabilities, including deferred income taxes, capitalized leases, and minority stockholders’ interest in consolidated domestic corporations",2015
"TOTLIAB","Total liabilities",2015
"CAPSTOCK","Capital stock and other capital ² Capital stock and other capital (less treasury stock) ³",2015
"RETEARN","Retained earnings",2015
"CUMFORCUR","Cumulative foreign currency translation adjustment ¹",2015
"OTSEITEMS","Other stockholders’ equity items, including unearned compensation and ESOP debt guarantees ¹",2015
"TREASSTK","Treasury stock at cost ¹",2015
"STHLDEQUI","Stockholders’ equity",2015
"TLIABEQUI","Total Liabilities and Stockholders’ Equity",2015
"NETWKCAP","Net Working Capital: Excess of total current assets",2015
"SALES","Net sales, receipts, and operating revenues",2016
"DEPREC","Depreciation, depletion, and amortization of property, plant, and equipment",2016
"OTHERCOST","All other operating costs and expenses",2016
"OPERINC","Income (loss) from operations",2016
"INTEXP","Interest expense",2016
"DIVINC","Dividend income ¹",2016
"OTHNOPEXP","Other recurring nonoperating income (expense), including interest income, royalties, minority interest, etc. ² All other nonoperating income (expense) ³",2016
"NONRECUR","Nonrecurring items, including gain (loss) on sale of assets, restructuring costs, asset writedowns, disposal of business segments, etc. ¹",2016
"EQUITYINC","Net income (loss) of foreign branches and equity in earnings (losses) of domestic and foreign nonconsolidated subsidiaries and other investments accounted for by the equity method, net of foreign taxes ¹",2016
"NIBT","Income (loss) before income taxes",2016
"FEDTAXES","Provision for current and deferred domestic income taxes: Federal ² Provision for current and deferred domestic income taxes ³",2016
"OTHERTAX","Provision for current and deferred domestic income taxes: Other ¹",2016
"NIAT","Income (loss) after income taxes",2016
"EXTRAORD","Extraordinary gains (losses), net of taxes ¹",2016
"CUMACTG","Cumulative effect of accounting changes, net of taxes ¹",2016
"NIQUARTER","Net income (loss) for quarter ¹",2016
"DIVIDENDS","Cash dividends charged to retained earnings this quarter",2016
"NIRTINBUS","Net income retained in business",2016
"RETBEG","Retained earnings at beginning of quarter",2016
"OTHERCRDR","Other direct credits (charges) to retained earnings (net), including stock and other non-cash dividends, etc.",2016
"RETEND","Retained earnings at end of quarter",2016
"CASH","Cash and demand deposits in the U.S.",2016
"TIMEDEP","Time deposits in the U.S., including negotiable certificates of deposit",2016
"DEPOUTUS","Cash and deposits outside the U.S. ¹",2016
"TOTALCASH","Total cash on hand and in banks ² Total cash on hand and in U.S. banks ³",2016
"TREASSEC1","U.S. Treasury and Federal agency securities: Subject to agreements to sell ¹",2016
"TREASSEC2","U.S. Treasury and Federal agency securities: Other, due in 1 year or less ¹",2016
"COMMPAPER","Commercial and finance company paper of U.S. issuers ¹",2016
"STATESEC","State and local government securities, due in 1 year or less ¹",2016
"FOREGNSEC","Foreign securities, due in 1 year or less ¹",2016
"OTHSTINV","Other short-term financial investments ² Other short-term financial investments, including marketable and government securities, commercial paper, etc. ³",2016
"TOCASHSEC","Total cash, U.S. Government and other securities",2016
"RECUSGOVT","Trade receivables from U.S. Government ¹",2016
"ACCTRECEV","Other trade accounts and trade notes receivable (less allowance for doubtful accounts) ² Trade accounts and trade notes receivable (less allowance for doubtful accounts) ³",2016
"TOTRECEV","Total receivables ¹",2016
"INVENTORY","Inventories",2016
"OTHCURASS","All other current assets",2016
"TOCRASSET","Total current assets",2016
"FIXASSETS","Property, plant, and equipment",2016
"LAND","Land and mineral rights",2016
"ACCDEPREC","Accumulated depreciation, depletion, and amortization",2016
"NETPPE","Net property, plant, and equipment",2016
"TREASSEC3","U.S. Treasury and Federal agency securities, due in more than 1 year ¹",2016
"OTHNCASST","All other noncurrent assets, including investment in nonconsolidated entities, long-term investments, intangibles, etc.",2016
"TOTASSET","Total Assets",2016
"STBANK","Short-term debt, original maturity 1 year or less: Loans from banks",2016
"COMPAPER","Short-term debt, original maturity 1 year or less: Commercial paper ¹",2016
"STDEBTOTH","Short-term debt, original maturity 1 year or less: Other short-term loans ² Short-term debt, original maturity 1 year or less: Other short-term loans, including commercial paper ³",2016
"ADVUSGOVT","Advances and prepayments by the U.S. Government ¹",2016
"ACCTPAY","Trade accounts and trade notes payable",2016
"FEDTAXPAY","Income taxes accrued, prior and current years, net of payments: Federal ¹",2016
"OTHTAXPAY","Income taxes accrued, prior and current years, net of payments: Other ² Income taxes accrued, prior and current years, net of payments ³",2016
"INSTBANKS","Current portion of long-term debt, due in 1 year or less: Loans from banks",2016
"INSTBONDS","Current portion of long-term debt, due in 1 year or less: Bonds and debentures ¹",2016
"INSTOTHER","Current portion of long-term debt, due in 1 year or less: Other long-term loans",2016
"OTCURLIAB","All other current liabilities, including excise and sales taxes, and accrued expenses",2016
"TOCRLIAB","Total current liabilities",2016
"LTBNKDEBT","Long-term debt, due in more than 1 year: Loans from banks",2016
"LTBNDDEBT","Long-term debt, due in more than 1 year: Bonds and debentures ¹",2016
"LTOTHDEBT","Long-term debt (due in more than 1 year): Other long-term loans",2016
"OTHNCLIAB","All other noncurrent liabilities, including deferred income taxes, capitalized leases, and minority stockholders’ interest in consolidated domestic corporations",2016
"TOTLIAB","Total liabilities",2016
"CAPSTOCK","Capital stock and other capital ² Capital stock and other capital (less treasury stock) ³",2016
"RETEARN","Retained earnings",2016
"CUMFORCUR","Cumulative foreign currency translation adjustment ¹",2016
"OTSEITEMS","Other stockholders’ equity items, including unearned compensation and ESOP debt guarantees ¹",2016
"TREASSTK","Treasury stock at cost ¹",2016
"STHLDEQUI","Stockholders’ equity",2016
"TLIABEQUI","Total Liabilities and Stockholders’ Equity",2016
"NETWKCAP","Net Working Capital: Excess of total current assets",2016
"SALES","Net sales, receipts, and operating revenues",2017
"DEPREC","Depreciation, depletion, and amortization of property, plant, and equipment",2017
"OTHERCOST","All other operating costs and expenses",2017
"OPERINC","Income (loss) from operations",2017
"INTEXP","Interest expense",2017
"DIVINC","Dividend income ¹",2017
"OTHNOPEXP","Other recurring nonoperating income (expense), including interest income, royalties, minority interest, etc. ² All other nonoperating income (expense) ³",2017
"NONRECUR","Nonrecurring items, including gain (loss) on sale of assets, restructuring costs, asset writedowns, disposal of business segments, etc. ¹",2017
"EQUITYINC","Net income (loss) of foreign branches and equity in earnings (losses) of domestic and foreign nonconsolidated subsidiaries and other investments accounted for by the equity method, net of foreign taxes ¹",2017
"NIBT","Income (loss) before income taxes",2017
"FEDTAXES","Provision for current and deferred domestic income taxes: Federal ² Provision for current and deferred domestic income taxes ³",2017
"OTHERTAX","Provision for current and deferred domestic income taxes: Other ¹",2017
"NIAT","Income (loss) after income taxes",2017
"EXTRAORD","Extraordinary gains (losses), net of taxes ¹",2017
"CUMACTG","Cumulative effect of accounting changes, net of taxes ¹",2017
"NIQUARTER","Net income (loss) for quarter ¹",2017
"DIVIDENDS","Cash dividends charged to retained earnings this quarter",2017
"NIRTINBUS","Net income retained in business",2017
"RETBEG","Retained earnings at beginning of quarter",2017
"OTHERCRDR","Other direct credits (charges) to retained earnings (net), including stock and other non-cash dividends, etc.",2017
"RETEND","Retained earnings at end of quarter",2017
"CASH","Cash and demand deposits in the U.S.",2017
"TIMEDEP","Time deposits in the U.S., including negotiable certificates of deposit",2017
"DEPOUTUS","Cash and deposits outside the U.S. ¹",2017
"TOTALCASH","Total cash on hand and in banks ² Total cash on hand and in U.S. banks ³",2017
"TREASSEC1","U.S. Treasury and Federal agency securities: Subject to agreements to sell ¹",2017
"TREASSEC2","U.S. Treasury and Federal agency securities: Other, due in 1 year or less ¹",2017
"COMMPAPER","Commercial and finance company paper of U.S. issuers ¹",2017
"STATESEC","State and local government securities, due in 1 year or less ¹",2017
"FOREGNSEC","Foreign securities, due in 1 year or less ¹",2017
"OTHSTINV","Other short-term financial investments ² Other short-term financial investments, including marketable and government securities, commercial paper, etc. ³",2017
"TOCASHSEC","Total cash, U.S. Government and other securities",2017
"RECUSGOVT","Trade receivables from U.S. Government ¹",2017
"ACCTRECEV","Other trade accounts and trade notes receivable (less allowance for doubtful accounts) ² Trade accounts and trade notes receivable (less allowance for doubtful accounts) ³",2017
"TOTRECEV","Total receivables ¹",2017
"INVENTORY","Inventories",2017
"OTHCURASS","All other current assets",2017
"TOCRASSET","Total current assets",2017
"FIXASSETS","Property, plant, and equipment",2017
"LAND","Land and mineral rights",2017
"ACCDEPREC","Accumulated depreciation, depletion, and amortization",2017
"NETPPE","Net property, plant, and equipment",2017
"TREASSEC3","U.S. Treasury and Federal agency securities, due in more than 1 year ¹",2017
"OTHNCASST","All other noncurrent assets, including investment in nonconsolidated entities, long-term investments, intangibles, etc.",2017
"TOTASSET","Total Assets",2017
"STBANK","Short-term debt, original maturity 1 year or less: Loans from banks",2017
"COMPAPER","Short-term debt, original maturity 1 year or less: Commercial paper ¹",2017
"STDEBTOTH","Short-term debt, original maturity 1 year or less: Other short-term loans ² Short-term debt, original maturity 1 year or less: Other short-term loans, including commercial paper ³",2017
"ADVUSGOVT","Advances and prepayments by the U.S. Government ¹",2017
"ACCTPAY","Trade accounts and trade notes payable",2017
"FEDTAXPAY","Income taxes accrued, prior and current years, net of payments: Federal ¹",2017
"OTHTAXPAY","Income taxes accrued, prior and current years, net of payments: Other ² Income taxes accrued, prior and current years, net of payments ³",2017
"INSTBANKS","Current portion of long-term debt, due in 1 year or less: Loans from banks",2017
"INSTBONDS","Current portion of long-term debt, due in 1 year or less: Bonds and debentures ¹",2017
"INSTOTHER","Current portion of long-term debt, due in 1 year or less: Other long-term loans",2017
"OTCURLIAB","All other current liabilities, including excise and sales taxes, and accrued expenses",2017
"TOCRLIAB","Total current liabilities",2017
"LTBNKDEBT","Long-term debt, due in more than 1 year: Loans from banks",2017
"LTBNDDEBT","Long-term debt, due in more than 1 year: Bonds and debentures ¹",2017
"LTOTHDEBT","Long-term debt (due in more than 1 year): Other long-term loans",2017
"OTHNCLIAB","All other noncurrent liabilities, including deferred income taxes, capitalized leases, and minority stockholders’ interest in consolidated domestic corporations",2017
"TOTLIAB","Total liabilities",2017
"CAPSTOCK","Capital stock and other capital ² Capital stock and other capital (less treasury stock) ³",2017
"RETEARN","Retained earnings",2017
"CUMFORCUR","Cumulative foreign currency translation adjustment ¹",2017
"OTSEITEMS","Other stockholders’ equity items, including unearned compensation and ESOP debt guarantees ¹",2017
"TREASSTK","Treasury stock at cost ¹",2017
"STHLDEQUI","Stockholders’ equity",2017
"TLIABEQUI","Total Liabilities and Stockholders’ Equity",2017
"NETWKCAP","Net Working Capital: Excess of total current assets",2017
"SALES","Net sales, receipts, and operating revenues",2018
"DEPREC","Depreciation, depletion, and amortization of property, plant, and equipment",2018
"OTHERCOST","All other operating costs and expenses",2018
"OPERINC","Income (loss) from operations",2018
"INTEXP","Interest expense",2018
"DIVINC","Dividend income ¹",2018
"OTHNOPEXP","Other recurring nonoperating income (expense), including interest income, royalties, minority interest, etc. ² All other nonoperating income (expense) ³",2018
"NONRECUR","Nonrecurring items, including gain (loss) on sale of assets, restructuring costs, asset writedowns, disposal of business segments, etc. ¹",2018
"EQUITYINC","Net income (loss) of foreign branches and equity in earnings (losses) of domestic and foreign nonconsolidated subsidiaries and other investments accounted for by the equity method, net of foreign taxes ¹",2018
"NIBT","Income (loss) before income taxes",2018
"FEDTAXES","Provision for current and deferred domestic income taxes: Federal ² Provision for current and deferred domestic income taxes ³",2018
"OTHERTAX","Provision for current and deferred domestic income taxes: Other ¹",2018
"NIAT","Income (loss) after income taxes",2018
"EXTRAORD","Extraordinary gains (losses), net of taxes ¹",2018
"CUMACTG","Cumulative effect of accounting changes, net of taxes ¹",2018
"NIQUARTER","Net income (loss) for quarter ¹",2018
"DIVIDENDS","Cash dividends charged to retained earnings this quarter",2018
"NIRTINBUS","Net income retained in business",2018
"RETBEG","Retained earnings at beginning of quarter",2018
"OTHERCRDR","Other direct credits (charges) to retained earnings (net), including stock and other non-cash dividends, etc.",2018
"RETEND","Retained earnings at end of quarter",2018
"CASH","Cash and demand deposits in the U.S.",2018
"TIMEDEP","Time deposits in the U.S., including negotiable certificates of deposit",2018
"DEPOUTUS","Cash and deposits outside the U.S. ¹",2018
"TOTALCASH","Total cash on hand and in banks ² Total cash on hand and in U.S. banks ³",2018
"TREASSEC1","U.S. Treasury and Federal agency securities: Subject to agreements to sell ¹",2018
"TREASSEC2","U.S. Treasury and Federal agency securities: Other, due in 1 year or less ¹",2018
"COMMPAPER","Commercial and finance company paper of U.S. issuers ¹",2018
"STATESEC","State and local government securities, due in 1 year or less ¹",2018
"FOREGNSEC","Foreign securities, due in 1 year or less ¹",2018
"OTHSTINV","Other short-term financial investments ² Other short-term financial investments, including marketable and government securities, commercial paper, etc. ³",2018
"TOCASHSEC","Total cash, U.S. Government and other securities",2018
"RECUSGOVT","Trade receivables from U.S. Government ¹",2018
"ACCTRECEV","Other trade accounts and trade notes receivable (less allowance for doubtful accounts) ² Trade accounts and trade notes receivable (less allowance for doubtful accounts) ³",2018
"TOTRECEV","Total receivables ¹",2018
"INVENTORY","Inventories",2018
"OTHCURASS","All other current assets",2018
"TOCRASSET","Total current assets",2018
"FIXASSETS","Property, plant, and equipment",2018
"LAND","Land and mineral rights",2018
"ACCDEPREC","Accumulated depreciation, depletion, and amortization",2018
"NETPPE","Net property, plant, and equipment",2018
"TREASSEC3","U.S. Treasury and Federal agency securities, due in more than 1 year ¹",2018
"OTHNCASST","All other noncurrent assets, including investment in nonconsolidated entities, long-term investments, intangibles, etc.",2018
"TOTASSET","Total Assets",2018
"STBANK","Short-term debt, original maturity 1 year or less: Loans from banks",2018
"COMPAPER","Short-term debt, original maturity 1 year or less: Commercial paper ¹",2018
"STDEBTOTH","Short-term debt, original maturity 1 year or less: Other short-term loans ² Short-term debt, original maturity 1 year or less: Other short-term loans, including commercial paper ³",2018
"ADVUSGOVT","Advances and prepayments by the U.S. Government ¹",2018
"ACCTPAY","Trade accounts and trade notes payable",2018
"FEDTAXPAY","Income taxes accrued, prior and current years, net of payments: Federal ¹",2018
"OTHTAXPAY","Income taxes accrued, prior and current years, net of payments: Other ² Income taxes accrued, prior and current years, net of payments ³",2018
"INSTBANKS","Current portion of long-term debt, due in 1 year or less: Loans from banks",2018
"INSTBONDS","Current portion of long-term debt, due in 1 year or less: Bonds and debentures ¹",2018
"INSTOTHER","Current portion of long-term debt, due in 1 year or less: Other long-term loans",2018
"OTCURLIAB","All other current liabilities, including excise and sales taxes, and accrued expenses",2018
"TOCRLIAB","Total current liabilities",2018
"LTBNKDEBT","Long-term debt, due in more than 1 year: Loans from banks",2018
"LTBNDDEBT","Long-term debt, due in more than 1 year: Bonds and debentures ¹",2018
"LTOTHDEBT","Long-term debt (due in more than 1 year): Other long-term loans",2018
"OTHNCLIAB","All other noncurrent liabilities, including deferred income taxes, capitalized leases, and minority stockholders’ interest in consolidated domestic corporations",2018
"TOTLIAB","Total liabilities",2018
"CAPSTOCK","Capital stock and other capital ² Capital stock and other capital (less treasury stock) ³",2018
"RETEARN","Retained earnings",2018
"CUMFORCUR","Cumulative foreign currency translation adjustment ¹",2018
"OTSEITEMS","Other stockholders’ equity items, including unearned compensation and ESOP debt guarantees ¹",2018
"TREASSTK","Treasury stock at cost ¹",2018
"STHLDEQUI","Stockholders’ equity",2018
"TLIABEQUI","Total Liabilities and Stockholders’ Equity",2018
"NETWKCAP","Net Working Capital: Excess of total current assets",2018
"SALES","Net sales, receipts, and operating revenues",2019
"DEPREC","Depreciation, depletion, and amortization of property, plant, and equipment",2019
"OTHERCOST","All other operating costs and expenses",2019
"OPERINC","Income (loss) from operations",2019
"INTEXP","Interest expense",2019
"DIVINC","Dividend income ¹",2019
"OTHNOPEXP","Other recurring nonoperating income (expense), including interest income, royalties, minority interest, etc. ² All other nonoperating income (expense) ³",2019
"NONRECUR","Nonrecurring items, including gain (loss) on sale of assets, restructuring costs, asset writedowns, disposal of business segments, etc. ¹",2019
"EQUITYINC","Net income (loss) of foreign branches and equity in earnings (losses) of domestic and foreign nonconsolidated subsidiaries and other investments accounted for by the equity method, net of foreign taxes ¹",2019
"NIBT","Income (loss) before income taxes",2019
"FEDTAXES","Provision for current and deferred domestic income taxes: Federal ² Provision for current and deferred domestic income taxes ³",2019
"OTHERTAX","Provision for current and deferred domestic income taxes: Other ¹",2019
"NIAT","Income (loss) after income taxes",2019
"EXTRAORD","Extraordinary gains (losses), net of taxes ¹",2019
"CUMACTG","Cumulative effect of accounting changes, net of taxes ¹",2019
"NIQUARTER","Net income (loss) for quarter ¹",2019
"DIVIDENDS","Cash dividends charged to retained earnings this quarter",2019
"NIRTINBUS","Net income retained in business",2019
"RETBEG","Retained earnings at beginning of quarter",2019
"OTHERCRDR","Other direct credits (charges) to retained earnings (net), including stock and other non-cash dividends, etc.",2019
"RETEND","Retained earnings at end of quarter",2019
"CASH","Cash and demand deposits in the U.S.",2019
"TIMEDEP","Time deposits in the U.S., including negotiable certificates of deposit",2019
"DEPOUTUS","Cash and deposits outside the U.S. ¹",2019
"TOTALCASH","Total cash on hand and in banks ² Total cash on hand and in U.S. banks ³",2019
"TREASSEC1","U.S. Treasury and Federal agency securities: Subject to agreements to sell ¹",2019
"TREASSEC2","U.S. Treasury and Federal agency securities: Other, due in 1 year or less ¹",2019
"COMMPAPER","Commercial and finance company paper of U.S. issuers ¹",2019
"STATESEC","State and local government securities, due in 1 year or less ¹",2019
"FOREGNSEC","Foreign securities, due in 1 year or less ¹",2019
"OTHSTINV","Other short-term financial investments ² Other short-term financial investments, including marketable and government securities, commercial paper, etc. ³",2019
"TOCASHSEC","Total cash, U.S. Government and other securities",2019
"RECUSGOVT","Trade receivables from U.S. Government ¹",2019
"ACCTRECEV","Other trade accounts and trade notes receivable (less allowance for doubtful accounts) ² Trade accounts and trade notes receivable (less allowance for doubtful accounts) ³",2019
"TOTRECEV","Total receivables ¹",2019
"INVENTORY","Inventories",2019
"OTHCURASS","All other current assets",2019
"TOCRASSET","Total current assets",2019
"FIXASSETS","Property, plant, and equipment",2019
"LAND","Land and mineral rights",2019
"ACCDEPREC","Accumulated depreciation, depletion, and amortization",2019
"NETPPE","Net property, plant, and equipment",2019
"TREASSEC3","U.S. Treasury and Federal agency securities, due in more than 1 year ¹",2019
"OTHNCASST","All other noncurrent assets, including investment in nonconsolidated entities, long-term investments, intangibles, etc.",2019
"TOTASSET","Total Assets",2019
"STBANK","Short-term debt, original maturity 1 year or less: Loans from banks",2019
"COMPAPER","Short-term debt, original maturity 1 year or less: Commercial paper ¹",2019
"STDEBTOTH","Short-term debt, original maturity 1 year or less: Other short-term loans ² Short-term debt, original maturity 1 year or less: Other short-term loans, including commercial paper ³",2019
"ADVUSGOVT","Advances and prepayments by the U.S. Government ¹",2019
"ACCTPAY","Trade accounts and trade notes payable",2019
"FEDTAXPAY","Income taxes accrued, prior and current years, net of payments: Federal ¹",2019
"OTHTAXPAY","Income taxes accrued, prior and current years, net of payments: Other ² Income taxes accrued, prior and current years, net of payments ³",2019
"INSTBANKS","Current portion of long-term debt, due in 1 year or less: Loans from banks",2019
"INSTBONDS","Current portion of long-term debt, due in 1 year or less: Bonds and debentures ¹",2019
"INSTOTHER","Current portion of long-term debt, due in 1 year or less: Other long-term loans",2019
"OTCURLIAB","All other current liabilities, including excise and sales taxes, and accrued expenses",2019
"TOCRLIAB","Total current liabilities",2019
"LTBNKDEBT","Long-term debt, due in more than 1 year: Loans from banks",2019
"LTBNDDEBT","Long-term debt, due in more than 1 year: Bonds and debentures ¹",2019
"LTOTHDEBT","Long-term debt (due in more than 1 year): Other long-term loans",2019
"OTHNCLIAB","All other noncurrent liabilities, including deferred income taxes, capitalized leases, and minority stockholders’ interest in consolidated domestic corporations",2019
"TOTLIAB","Total liabilities",2019
"CAPSTOCK","Capital stock and other capital ² Capital stock and other capital (less treasury stock) ³",2019
"RETEARN","Retained earnings",2019
"CUMFORCUR","Cumulative foreign currency translation adjustment ¹",2019
"OTSEITEMS","Other stockholders’ equity items, including unearned compensation and ESOP debt guarantees ¹",2019
"TREASSTK","Treasury stock at cost ¹",2019
"STHLDEQUI","Stockholders’ equity",2019
"TLIABEQUI","Total Liabilities and Stockholders’ Equity",2019
"NETWKCAP","Net Working Capital: Excess of total current assets",2019
"SALES","Net sales, receipts, and operating revenues",2020
"DEPREC","Depreciation, depletion, and amortization of property, plant, and equipment",2020
"OTHERCOST","All other operating costs and expenses",2020
"OPERINC","Income (loss) from operations",2020
"INTEXP","Interest expense",2020
"DIVINC","Dividend income ¹",2020
"OTHNOPEXP","Other recurring nonoperating income (expense), including interest income, royalties, minority interest, etc. ² All other nonoperating income (expense) ³",2020
"NONRECUR","Nonrecurring items, including gain (loss) on sale of assets, restructuring costs, asset writedowns, disposal of business segments, etc. ¹",2020
"EQUITYINC","Net income (loss) of foreign branches and equity in earnings (losses) of domestic and foreign nonconsolidated subsidiaries and other investments accounted for by the equity method, net of foreign taxes ¹",2020
"NIBT","Income (loss) before income taxes",2020
"FEDTAXES","Provision for current and deferred domestic income taxes: Federal ² Provision for current and deferred domestic income taxes ³",2020
"OTHERTAX","Provision for current and deferred domestic income taxes: Other ¹",2020
"NIAT","Income (loss) after income taxes",2020
"EXTRAORD","Extraordinary gains (losses), net of taxes ¹",2020
"CUMACTG","Cumulative effect of accounting changes, net of taxes ¹",2020
"NIQUARTER","Net income (loss) for quarter ¹",2020
"DIVIDENDS","Cash dividends charged to retained earnings this quarter",2020
"NIRTINBUS","Net income retained in business",2020
"RETBEG","Retained earnings at beginning of quarter",2020
"OTHERCRDR","Other direct credits (charges) to retained earnings (net), including stock and other non-cash dividends, etc.",2020
"RETEND","Retained earnings at end of quarter",2020
"CASH","Cash and demand deposits in the U.S.",2020
"TIMEDEP","Time deposits in the U.S., including negotiable certificates of deposit",2020
"DEPOUTUS","Cash and deposits outside the U.S. ¹",2020
"TOTALCASH","Total cash on hand and in banks ² Total cash on hand and in U.S. banks ³",2020
"TREASSEC1","U.S. Treasury and Federal agency securities: Subject to agreements to sell ¹",2020
"TREASSEC2","U.S. Treasury and Federal agency securities: Other, due in 1 year or less ¹",2020
"COMMPAPER","Commercial and finance company paper of U.S. issuers ¹",2020
"STATESEC","State and local government securities, due in 1 year or less ¹",2020
"FOREGNSEC","Foreign securities, due in 1 year or less ¹",2020
"OTHSTINV","Other short-term financial investments ² Other short-term financial investments, including marketable and government securities, commercial paper, etc. ³",2020
"TOCASHSEC","Total cash, U.S. Government and other securities",2020
"RECUSGOVT","Trade receivables from U.S. Government ¹",2020
"ACCTRECEV","Other trade accounts and trade notes receivable (less allowance for doubtful accounts) ² Trade accounts and trade notes receivable (less allowance for doubtful accounts) ³",2020
"TOTRECEV","Total receivables ¹",2020
"INVENTORY","Inventories",2020
"OTHCURASS","All other current assets",2020
"TOCRASSET","Total current assets",2020
"FIXASSETS","Property, plant, and equipment",2020
"LAND","Land and mineral rights",2020
"ACCDEPREC","Accumulated depreciation, depletion, and amortization",2020
"NETPPE","Net property, plant, and equipment",2020
"TREASSEC3","U.S. Treasury and Federal agency securities, due in more than 1 year ¹",2020
"OTHNCASST","All other noncurrent assets, including investment in nonconsolidated entities, long-term investments, intangibles, etc.",2020
"TOTASSET","Total Assets",2020
"STBANK","Short-term debt, original maturity 1 year or less: Loans from banks",2020
"COMPAPER","Short-term debt, original maturity 1 year or less: Commercial paper ¹",2020
"STDEBTOTH","Short-term debt, original maturity 1 year or less: Other short-term loans ² Short-term debt, original maturity 1 year or less: Other short-term loans, including commercial paper ³",2020
"ADVUSGOVT","Advances and prepayments by the U.S. Government ¹",2020
"ACCTPAY","Trade accounts and trade notes payable",2020
"FEDTAXPAY","Income taxes accrued, prior and current years, net of payments: Federal ¹",2020
"OTHTAXPAY","Income taxes accrued, prior and current years, net of payments: Other ² Income taxes accrued, prior and current years, net of payments ³",2020
"INSTBANKS","Current portion of long-term debt, due in 1 year or less: Loans from banks",2020
"INSTBONDS","Current portion of long-term debt, due in 1 year or less: Bonds and debentures ¹",2020
"INSTOTHER","Current portion of long-term debt, due in 1 year or less: Other long-term loans",2020
"OTCURLIAB","All other current liabilities, including excise and sales taxes, and accrued expenses",2020
"TOCRLIAB","Total current liabilities",2020
"LTBNKDEBT","Long-term debt, due in more than 1 year: Loans from banks",2020
"LTBNDDEBT","Long-term debt, due in more than 1 year: Bonds and debentures ¹",2020
"LTOTHDEBT","Long-term debt (due in more than 1 year): Other long-term loans",2020
"OTHNCLIAB","All other noncurrent liabilities, including deferred income taxes, capitalized leases, and minority stockholders’ interest in consolidated domestic corporations",2020
"TOTLIAB","Total liabilities",2020
"CAPSTOCK","Capital stock and other capital ² Capital stock and other capital (less treasury stock) ³",2020
"RETEARN","Retained earnings",2020
"CUMFORCUR","Cumulative foreign currency translation adjustment ¹",2020
"OTSEITEMS","Other stockholders’ equity items, including unearned compensation and ESOP debt guarantees ¹",2020
"TREASSTK","Treasury stock at cost ¹",2020
"STHLDEQUI","Stockholders’ equity",2020
"TLIABEQUI","Total Liabilities and Stockholders’ Equity",2020
"NETWKCAP","Net Working Capital: Excess of total current assets",2020
"SALES","Net sales, receipts, and operating revenues",2021
"DEPREC","Depreciation, depletion, and amortization of property, plant, and equipment",2021
"OTHERCOST","All other operating costs and expenses",2021
"OPERINC","Income (loss) from operations",2021
"INTEXP","Interest expense",2021
"DIVINC","Dividend income ¹",2021
"OTHNOPEXP","Other recurring nonoperating income (expense), including interest income, royalties, minority interest, etc. ² All other nonoperating income (expense) ³",2021
"NONRECUR","Nonrecurring items, including gain (loss) on sale of assets, restructuring costs, asset writedowns, disposal of business segments, etc. ¹",2021
"EQUITYINC","Net income (loss) of foreign branches and equity in earnings (losses) of domestic and foreign nonconsolidated subsidiaries and other investments accounted for by the equity method, net of foreign taxes ¹",2021
"NIBT","Income (loss) before income taxes",2021
"FEDTAXES","Provision for current and deferred domestic income taxes: Federal ² Provision for current and deferred domestic income taxes ³",2021
"OTHERTAX","Provision for current and deferred domestic income taxes: Other ¹",2021
"NIAT","Income (loss) after income taxes",2021
"EXTRAORD","Extraordinary gains (losses), net of taxes ¹",2021
"CUMACTG","Cumulative effect of accounting changes, net of taxes ¹",2021
"NIQUARTER","Net income (loss) for quarter ¹",2021
"DIVIDENDS","Cash dividends charged to retained earnings this quarter",2021
"NIRTINBUS","Net income retained in business",2021
"RETBEG","Retained earnings at beginning of quarter",2021
"OTHERCRDR","Other direct credits (charges) to retained earnings (net), including stock and other non-cash dividends, etc.",2021
"RETEND","Retained earnings at end of quarter",2021
"CASH","Cash and demand deposits in the U.S.",2021
"TIMEDEP","Time deposits in the U.S., including negotiable certificates of deposit",2021
"DEPOUTUS","Cash and deposits outside the U.S. ¹",2021
"TOTALCASH","Total cash on hand and in banks ² Total cash on hand and in U.S. banks ³",2021
"TREASSEC1","U.S. Treasury and Federal agency securities: Subject to agreements to sell ¹",2021
"TREASSEC2","U.S. Treasury and Federal agency securities: Other, due in 1 year or less ¹",2021
"COMMPAPER","Commercial and finance company paper of U.S. issuers ¹",2021
"STATESEC","State and local government securities, due in 1 year or less ¹",2021
"FOREGNSEC","Foreign securities, due in 1 year or less ¹",2021
"OTHSTINV","Other short-term financial investments ² Other short-term financial investments, including marketable and government securities, commercial paper, etc. ³",2021
"TOCASHSEC","Total cash, U.S. Government and other securities",2021
"RECUSGOVT","Trade receivables from U.S. Government ¹",2021
"ACCTRECEV","Other trade accounts and trade notes receivable (less allowance for doubtful accounts) ² Trade accounts and trade notes receivable (less allowance for doubtful accounts) ³",2021
"TOTRECEV","Total receivables ¹",2021
"INVENTORY","Inventories",2021
"OTHCURASS","All other current assets",2021
"TOCRASSET","Total current assets",2021
"FIXASSETS","Property, plant, and equipment",2021
"LAND","Land and mineral rights",2021
"ACCDEPREC","Accumulated depreciation, depletion, and amortization",2021
"NETPPE","Net property, plant, and equipment",2021
"TREASSEC3","U.S. Treasury and Federal agency securities, due in more than 1 year ¹",2021
"OTHNCASST","All other noncurrent assets, including investment in nonconsolidated entities, long-term investments, intangibles, etc.",2021
"TOTASSET","Total Assets",2021
"STBANK","Short-term debt, original maturity 1 year or less: Loans from banks",2021
"COMPAPER","Short-term debt, original maturity 1 year or less: Commercial paper ¹",2021
"STDEBTOTH","Short-term debt, original maturity 1 year or less: Other short-term loans ² Short-term debt, original maturity 1 year or less: Other short-term loans, including commercial paper ³",2021
"ADVUSGOVT","Advances and prepayments by the U.S. Government ¹",2021
"ACCTPAY","Trade accounts and trade notes payable",2021
"FEDTAXPAY","Income taxes accrued, prior and current years, net of payments: Federal ¹",2021
"OTHTAXPAY","Income taxes accrued, prior and current years, net of payments: Other ² Income taxes accrued, prior and current years, net of payments ³",2021
"INSTBANKS","Current portion of long-term debt, due in 1 year or less: Loans from banks",2021
"INSTBONDS","Current portion of long-term debt, due in 1 year or less: Bonds and debentures ¹",2021
"INSTOTHER","Current portion of long-term debt, due in 1 year or less: Other long-term loans",2021
"OTCURLIAB","All other current liabilities, including excise and sales taxes, and accrued expenses",2021
"TOCRLIAB","Total current liabilities",2021
"LTBNKDEBT","Long-term debt, due in more than 1 year: Loans from banks",2021
"LTBNDDEBT","Long-term debt, due in more than 1 year: Bonds and debentures ¹",2021
"LTOTHDEBT","Long-term debt (due in more than 1 year): Other long-term loans",2021
"OTHNCLIAB","All other noncurrent liabilities, including deferred income taxes, capitalized leases, and minority stockholders’ interest in consolidated domestic corporations",2021
"TOTLIAB","Total liabilities",2021
"CAPSTOCK","Capital stock and other capital ² Capital stock and other capital (less treasury stock) ³",2021
"RETEARN","Retained earnings",2021
"CUMFORCUR","Cumulative foreign currency translation adjustment ¹",2021
"OTSEITEMS","Other stockholders’ equity items, including unearned compensation and ESOP debt guarantees ¹",2021
"TREASSTK","Treasury stock at cost ¹",2021
"STHLDEQUI","Stockholders’ equity",2021
"TLIABEQUI","Total Liabilities and Stockholders’ Equity",2021
"NETWKCAP","Net Working Capital: Excess of total current assets",2021
"SALES","Net sales, receipts, and operating revenues",2022
"DEPREC","Depreciation, depletion, and amortization of property, plant, and equipment",2022
"OTHERCOST","All other operating costs and expenses",2022
"OPERINC","Income (loss) from operations",2022
"INTEXP","Interest expense",2022
"DIVINC","Dividend income ¹",2022
"OTHNOPEXP","Other recurring nonoperating income (expense), including interest income, royalties, minority interest, etc. ² All other nonoperating income (expense) ³",2022
"NONRECUR","Nonrecurring items, including gain (loss) on sale of assets, restructuring costs, asset writedowns, disposal of business segments, etc. ¹",2022
"EQUITYINC","Net income (loss) of foreign branches and equity in earnings (losses) of domestic and foreign nonconsolidated subsidiaries and other investments accounted for by the equity method, net of foreign taxes ¹",2022
"NIBT","Income (loss) before income taxes",2022
"FEDTAXES","Provision for current and deferred domestic income taxes: Federal ² Provision for current and deferred domestic income taxes ³",2022
"OTHERTAX","Provision for current and deferred domestic income taxes: Other ¹",2022
"NIAT","Income (loss) after income taxes",2022
"EXTRAORD","Extraordinary gains (losses), net of taxes ¹",2022
"CUMACTG","Cumulative effect of accounting changes, net of taxes ¹",2022
"NIQUARTER","Net income (loss) for quarter ¹",2022
"DIVIDENDS","Cash dividends charged to retained earnings this quarter",2022
"NIRTINBUS","Net income retained in business",2022
"RETBEG","Retained earnings at beginning of quarter",2022
"OTHERCRDR","Other direct credits (charges) to retained earnings (net), including stock and other non-cash dividends, etc.",2022
"RETEND","Retained earnings at end of quarter",2022
"CASH","Cash and demand deposits in the U.S.",2022
"TIMEDEP","Time deposits in the U.S., including negotiable certificates of deposit",2022
"DEPOUTUS","Cash and deposits outside the U.S. ¹",2022
"TOTALCASH","Total cash on hand and in banks ² Total cash on hand and in U.S. banks ³",2022
"TREASSEC1","U.S. Treasury and Federal agency securities: Subject to agreements to sell ¹",2022
"TREASSEC2","U.S. Treasury and Federal agency securities: Other, due in 1 year or less ¹",2022
"COMMPAPER","Commercial and finance company paper of U.S. issuers ¹",2022
"STATESEC","State and local government securities, due in 1 year or less ¹",2022
"FOREGNSEC","Foreign securities, due in 1 year or less ¹",2022
"OTHSTINV","Other short-term financial investments ² Other short-term financial investments, including marketable and government securities, commercial paper, etc. ³",2022
"TOCASHSEC","Total cash, U.S. Government and other securities",2022
"RECUSGOVT","Trade receivables from U.S. Government ¹",2022
"ACCTRECEV","Other trade accounts and trade notes receivable (less allowance for doubtful accounts) ² Trade accounts and trade notes receivable (less allowance for doubtful accounts) ³",2022
"TOTRECEV","Total receivables ¹",2022
"INVENTORY","Inventories",2022
"OTHCURASS","All other current assets",2022
"TOCRASSET","Total current assets",2022
"FIXASSETS","Property, plant, and equipment",2022
"LAND","Land and mineral rights",2022
"ACCDEPREC","Accumulated depreciation, depletion, and amortization",2022
"NETPPE","Net property, plant, and equipment",2022
"TREASSEC3","U.S. Treasury and Federal agency securities, due in more than 1 year ¹",2022
"OTHNCASST","All other noncurrent assets, including investment in nonconsolidated entities, long-term investments, intangibles, etc.",2022
"TOTASSET","Total Assets",2022
"STBANK","Short-term debt, original maturity 1 year or less: Loans from banks",2022
"COMPAPER","Short-term debt, original maturity 1 year or less: Commercial paper ¹",2022
"STDEBTOTH","Short-term debt, original maturity 1 year or less: Other short-term loans ² Short-term debt, original maturity 1 year or less: Other short-term loans, including commercial paper ³",2022
"ADVUSGOVT","Advances and prepayments by the U.S. Government ¹",2022
"ACCTPAY","Trade accounts and trade notes payable",2022
"FEDTAXPAY","Income taxes accrued, prior and current years, net of payments: Federal ¹",2022
"OTHTAXPAY","Income taxes accrued, prior and current years, net of payments: Other ² Income taxes accrued, prior and current years, net of payments ³",2022
"INSTBANKS","Current portion of long-term debt, due in 1 year or less: Loans from banks",2022
"INSTBONDS","Current portion of long-term debt, due in 1 year or less: Bonds and debentures ¹",2022
"INSTOTHER","Current portion of long-term debt, due in 1 year or less: Other long-term loans",2022
"OTCURLIAB","All other current liabilities, including excise and sales taxes, and accrued expenses",2022
"TOCRLIAB","Total current liabilities",2022
"LTBNKDEBT","Long-term debt, due in more than 1 year: Loans from banks",2022
"LTBNDDEBT","Long-term debt, due in more than 1 year: Bonds and debentures ¹",2022
"LTOTHDEBT","Long-term debt (due in more than 1 year): Other long-term loans",2022
"OTHNCLIAB","All other noncurrent liabilities, including deferred income taxes, capitalized leases, and minority stockholders’ interest in consolidated domestic corporations",2022
"TOTLIAB","Total liabilities",2022
"CAPSTOCK","Capital stock and other capital ² Capital stock and other capital (less treasury stock) ³",2022
"RETEARN","Retained earnings",2022
"CUMFORCUR","Cumulative foreign currency translation adjustment ¹",2022
"OTSEITEMS","Other stockholders’ equity items, including unearned compensation and ESOP debt guarantees ¹",2022
"TREASSTK","Treasury stock at cost ¹",2022
"STHLDEQUI","Stockholders’ equity",2022
"TLIABEQUI","Total Liabilities and Stockholders’ Equity",2022
"NETWKCAP","Net Working Capital: Excess of total current assets",2022
"SALES","Net sales, receipts, and operating revenues",2023
"DEPREC","Depreciation, depletion, and amortization of property, plant, and equipment",2023
"OTHERCOST","All other operating costs and expenses",2023
"OPERINC","Income (loss) from operations",2023
"INTEXP","Interest expense",2023
"DIVINC","Dividend income ¹",2023
"OTHNOPEXP","Other recurring nonoperating income (expense), including interest income, royalties, minority interest, etc. ² All other nonoperating income (expense) ³",2023
"NONRECUR","Nonrecurring items, including gain (loss) on sale of assets, restructuring costs, asset writedowns, disposal of business segments, etc. ¹",2023
"EQUITYINC","Net income (loss) of foreign branches and equity in earnings (losses) of domestic and foreign nonconsolidated subsidiaries and other investments accounted for by the equity method, net of foreign taxes ¹",2023
"NIBT","Income (loss) before income taxes",2023
"FEDTAXES","Provision for current and deferred domestic income taxes: Federal ² Provision for current and deferred domestic income taxes ³",2023
"OTHERTAX","Provision for current and deferred domestic income taxes: Other ¹",2023
"NIAT","Income (loss) after income taxes",2023
"EXTRAORD","Extraordinary gains (losses), net of taxes ¹",2023
"CUMACTG","Cumulative effect of accounting changes, net of taxes ¹",2023
"NIQUARTER","Net income (loss) for quarter ¹",2023
"DIVIDENDS","Cash dividends charged to retained earnings this quarter",2023
"NIRTINBUS","Net income retained in business",2023
"RETBEG","Retained earnings at beginning of quarter",2023
"OTHERCRDR","Other direct credits (charges) to retained earnings (net), including stock and other non-cash dividends, etc.",2023
"RETEND","Retained earnings at end of quarter",2023
"CASH","Cash and demand deposits in the U.S.",2023
"TIMEDEP","Time deposits in the U.S., including negotiable certificates of deposit",2023
"DEPOUTUS","Cash and deposits outside the U.S. ¹",2023
"TOTALCASH","Total cash on hand and in banks ² Total cash on hand and in U.S. banks ³",2023
"TREASSEC1","U.S. Treasury and Federal agency securities: Subject to agreements to sell ¹",2023
"TREASSEC2","U.S. Treasury and Federal agency securities: Other, due in 1 year or less ¹",2023
"COMMPAPER","Commercial and finance company paper of U.S. issuers ¹",2023
"STATESEC","State and local government securities, due in 1 year or less ¹",2023
"FOREGNSEC","Foreign securities, due in 1 year or less ¹",2023
"OTHSTINV","Other short-term financial investments ² Other short-term financial investments, including marketable and government securities, commercial paper, etc. ³",2023
"TOCASHSEC","Total cash, U.S. Government and other securities",2023
"RECUSGOVT","Trade receivables from U.S. Government ¹",2023
"ACCTRECEV","Other trade accounts and trade notes receivable (less allowance for doubtful accounts) ² Trade accounts and trade notes receivable (less allowance for doubtful accounts) ³",2023
"TOTRECEV","Total receivables ¹",2023
"INVENTORY","Inventories",2023
"OTHCURASS","All other current assets",2023
"TOCRASSET","Total current assets",2023
"FIXASSETS","Property, plant, and equipment",2023
"LAND","Land and mineral rights",2023
"ACCDEPREC","Accumulated depreciation, depletion, and amortization",2023
"NETPPE","Net property, plant, and equipment",2023
"TREASSEC3","U.S. Treasury and Federal agency securities, due in more than 1 year ¹",2023
"OTHNCASST","All other noncurrent assets, including investment in nonconsolidated entities, long-term investments, intangibles, etc.",2023
"TOTASSET","Total Assets",2023
"STBANK","Short-term debt, original maturity 1 year or less: Loans from banks",2023
"COMPAPER","Short-term debt, original maturity 1 year or less: Commercial paper ¹",2023
"STDEBTOTH","Short-term debt, original maturity 1 year or less: Other short-term loans ² Short-term debt, original maturity 1 year or less: Other short-term loans, including commercial paper ³",2023
"ADVUSGOVT","Advances and prepayments by the U.S. Government ¹",2023
"ACCTPAY","Trade accounts and trade notes payable",2023
"FEDTAXPAY","Income taxes accrued, prior and current years, net of payments: Federal ¹",2023
"OTHTAXPAY","Income taxes accrued, prior and current years, net of payments: Other ² Income taxes accrued, prior and current years, net of payments ³",2023
"INSTBANKS","Current portion of long-term debt, due in 1 year or less: Loans from banks",2023
"INSTBONDS","Current portion of long-term debt, due in 1 year or less: Bonds and debentures ¹",2023
"INSTOTHER","Current portion of long-term debt, due in 1 year or less: Other long-term loans",2023
"OTCURLIAB","All other current liabilities, including excise and sales taxes, and accrued expenses",2023
"TOCRLIAB","Total current liabilities",2023
"LTBNKDEBT","Long-term debt, due in more than 1 year: Loans from banks",2023
"LTBNDDEBT","Long-term debt, due in more than 1 year: Bonds and debentures ¹",2023
"LTOTHDEBT","Long-term debt (due in more than 1 year): Other long-term loans",2023
"OTHNCLIAB","All other noncurrent liabilities, including deferred income taxes, capitalized leases, and minority stockholders’ interest in consolidated domestic corporations",2023
"TOTLIAB","Total liabilities",2023
"CAPSTOCK","Capital stock and other capital ² Capital stock and other capital (less treasury stock) ³",2023
"RETEARN","Retained earnings",2023
"CUMFORCUR","Cumulative foreign currency translation adjustment ¹",2023
"OTSEITEMS","Other stockholders’ equity items, including unearned compensation and ESOP debt guarantees ¹",2023
"TREASSTK","Treasury stock at cost ¹",2023
"STHLDEQUI","Stockholders’ equity",2023
"TLIABEQUI","Total Liabilities and Stockholders’ Equity",2023
"NETWKCAP","Net Working Capital: Excess of total current assets",2023
"SALES","Net sales, receipts, and operating revenues",2024
"DEPREC","Depreciation, depletion, and amortization of property, plant, and equipment",2024
"OTHERCOST","All other operating costs and expenses",2024
"OPERINC","Income (loss) from operations",2024
"INTEXP","Interest expense",2024
"DIVINC","Dividend income ¹",2024
"OTHNOPEXP","Other recurring nonoperating income (expense), including interest income, royalties, minority interest, etc. ² All other nonoperating income (expense) ³",2024
"NONRECUR","Nonrecurring items, including gain (loss) on sale of assets, restructuring costs, asset writedowns, disposal of business segments, etc. ¹",2024
"EQUITYINC","Net income (loss) of foreign branches and equity in earnings (losses) of domestic and foreign nonconsolidated subsidiaries and other investments accounted for by the equity method, net of foreign taxes ¹",2024
"NIBT","Income (loss) before income taxes",2024
"FEDTAXES","Provision for current and deferred domestic income taxes: Federal ² Provision for current and deferred domestic income taxes ³",2024
"OTHERTAX","Provision for current and deferred domestic income taxes: Other ¹",2024
"NIAT","Income (loss) after income taxes",2024
"EXTRAORD","Extraordinary gains (losses), net of taxes ¹",2024
"CUMACTG","Cumulative effect of accounting changes, net of taxes ¹",2024
"NIQUARTER","Net income (loss) for quarter ¹",2024
"DIVIDENDS","Cash dividends charged to retained earnings this quarter",2024
"NIRTINBUS","Net income retained in business",2024
"RETBEG","Retained earnings at beginning of quarter",2024
"OTHERCRDR","Other direct credits (charges) to retained earnings (net), including stock and other non-cash dividends, etc.",2024
"RETEND","Retained earnings at end of quarter",2024
"CASH","Cash and demand deposits in the U.S.",2024
"TIMEDEP","Time deposits in the U.S., including negotiable certificates of deposit",2024
"DEPOUTUS","Cash and deposits outside the U.S. ¹",2024
"TOTALCASH","Total cash on hand and in banks ² Total cash on hand and in U.S. banks ³",2024
"TREASSEC1","U.S. Treasury and Federal agency securities: Subject to agreements to sell ¹",2024
"TREASSEC2","U.S. Treasury and Federal agency securities: Other, due in 1 year or less ¹",2024
"COMMPAPER","Commercial and finance company paper of U.S. issuers ¹",2024
"STATESEC","State and local government securities, due in 1 year or less ¹",2024
"FOREGNSEC","Foreign securities, due in 1 year or less ¹",2024
"OTHSTINV","Other short-term financial investments ² Other short-term financial investments, including marketable and government securities, commercial paper, etc. ³",2024
"TOCASHSEC","Total cash, U.S. Government and other securities",2024
"RECUSGOVT","Trade receivables from U.S. Government ¹",2024
"ACCTRECEV","Other trade accounts and trade notes receivable (less allowance for doubtful accounts) ² Trade accounts and trade notes receivable (less allowance for doubtful accounts) ³",2024
"TOTRECEV","Total receivables ¹",2024
"INVENTORY","Inventories",2024
"OTHCURASS","All other current assets",2024
"TOCRASSET","Total current assets",2024
"FIXASSETS","Property, plant, and equipment",2024
"LAND","Land and mineral rights",2024
"ACCDEPREC","Accumulated depreciation, depletion, and amortization",2024
"NETPPE","Net property, plant, and equipment",2024
"TREASSEC3","U.S. Treasury and Federal agency securities, due in more than 1 year ¹",2024
"OTHNCASST","All other noncurrent assets, including investment in nonconsolidated entities, long-term investments, intangibles, etc.",2024
"TOTASSET","Total Assets",2024
"STBANK","Short-term debt, original maturity 1 year or less: Loans from banks",2024
"COMPAPER","Short-term debt, original maturity 1 year or less: Commercial paper ¹",2024
"STDEBTOTH","Short-term debt, original maturity 1 year or less: Other short-term loans ² Short-term debt, original maturity 1 year or less: Other short-term loans, including commercial paper ³",2024
"ADVUSGOVT","Advances and prepayments by the U.S. Government ¹",2024
"ACCTPAY","Trade accounts and trade notes payable",2024
"FEDTAXPAY","Income taxes accrued, prior and current years, net of payments: Federal ¹",2024
"OTHTAXPAY","Income taxes accrued, prior and current years, net of payments: Other ² Income taxes accrued, prior and current years, net of payments ³",2024
"INSTBANKS","Current portion of long-term debt, due in 1 year or less: Loans from banks",2024
"INSTBONDS","Current portion of long-term debt, due in 1 year or less: Bonds and debentures ¹",2024
"INSTOTHER","Current portion of long-term debt, due in 1 year or less: Other long-term loans",2024
"OTCURLIAB","All other current liabilities, including excise and sales taxes, and accrued expenses",2024
"TOCRLIAB","Total current liabilities",2024
"LTBNKDEBT","Long-term debt, due in more than 1 year: Loans from banks",2024
"LTBNDDEBT","Long-term debt, due in more than 1 year: Bonds and debentures ¹",2024
"LTOTHDEBT","Long-term debt (due in more than 1 year): Other long-term loans",2024
"OTHNCLIAB","All other noncurrent liabilities, including deferred income taxes, capitalized leases, and minority stockholders’ interest in consolidated domestic corporations",2024
"TOTLIAB","Total liabilities",2024
"CAPSTOCK","Capital stock and other capital ² Capital stock and other capital (less treasury stock) ³",2024
"RETEARN","Retained earnings",2024
"CUMFORCUR","Cumulative foreign currency translation adjustment ¹",2024
"OTSEITEMS","Other stockholders’ equity items, including unearned compensation and ESOP debt guarantees ¹",2024
"TREASSTK","Treasury stock at cost ¹",2024
"STHLDEQUI","Stockholders’ equity",2024
"TLIABEQUI","Total Liabilities and Stockholders’ Equity",2024
"NETWKCAP","Net Working Capital: Excess of total current assets",2024
"SALES","Net sales, receipts, and operating revenues",2025
"DEPREC","Depreciation, depletion, and amortization of property, plant, and equipment",2025
"OTHERCOST","All other operating costs and expenses",2025
"OPERINC","Income (loss) from operations",2025
"INTEXP","Interest expense",2025
"DIVINC","Dividend income ¹",2025
"OTHNOPEXP","Other recurring nonoperating income (expense), including interest income, royalties, minority interest, etc. ² All other nonoperating income (expense) ³",2025
"NONRECUR","Nonrecurring items, including gain (loss) on sale of assets, restructuring costs, asset writedowns, disposal of business segments, etc. ¹",2025
"EQUITYINC","Net income (loss) of foreign branches and equity in earnings (losses) of domestic and foreign nonconsolidated subsidiaries and other investments accounted for by the equity method, net of foreign taxes ¹",2025
"NIBT","Income (loss) before income taxes",2025
"FEDTAXES","Provision for current and deferred domestic income taxes: Federal ² Provision for current and deferred domestic income taxes ³",2025
"OTHERTAX","Provision for current and deferred domestic income taxes: Other ¹",2025
"NIAT","Income (loss) after income taxes",2025
"EXTRAORD","Extraordinary gains (losses), net of taxes ¹",2025
"CUMACTG","Cumulative effect of accounting changes, net of taxes ¹",2025
"NIQUARTER","Net income (loss) for quarter ¹",2025
"DIVIDENDS","Cash dividends charged to retained earnings this quarter",2025
"NIRTINBUS","Net income retained in business",2025
"RETBEG","Retained earnings at beginning of quarter",2025
"OTHERCRDR","Other direct credits (charges) to retained earnings (net), including stock and other non-cash dividends, etc.",2025
"RETEND","Retained earnings at end of quarter",2025
"CASH","Cash and demand deposits in the U.S.",2025
"TIMEDEP","Time deposits in the U.S., including negotiable certificates of deposit",2025
"DEPOUTUS","Cash and deposits outside the U.S. ¹",2025
"TOTALCASH","Total cash on hand and in banks ² Total cash on hand and in U.S. banks ³",2025
"TREASSEC1","U.S. Treasury and Federal agency securities: Subject to agreements to sell ¹",2025
"TREASSEC2","U.S. Treasury and Federal agency securities: Other, due in 1 year or less ¹",2025
"COMMPAPER","Commercial and finance company paper of U.S. issuers ¹",2025
"STATESEC","State and local government securities, due in 1 year or less ¹",2025
"FOREGNSEC","Foreign securities, due in 1 year or less ¹",2025
"OTHSTINV","Other short-term financial investments ² Other short-term financial investments, including marketable and government securities, commercial paper, etc. ³",2025
"TOCASHSEC","Total cash, U.S. Government and other securities",2025
"RECUSGOVT","Trade receivables from U.S. Government ¹",2025
"ACCTRECEV","Other trade accounts and trade notes receivable (less allowance for doubtful accounts) ² Trade accounts and trade notes receivable (less allowance for doubtful accounts) ³",2025
"TOTRECEV","Total receivables ¹",2025
"INVENTORY","Inventories",2025
"OTHCURASS","All other current assets",2025
"TOCRASSET","Total current assets",2025
"FIXASSETS","Property, plant, and equipment",2025
"LAND","Land and mineral rights",2025
"ACCDEPREC","Accumulated depreciation, depletion, and amortization",2025
"NETPPE","Net property, plant, and equipment",2025
"TREASSEC3","U.S. Treasury and Federal agency securities, due in more than 1 year ¹",2025
"OTHNCASST","All other noncurrent assets, including investment in nonconsolidated entities, long-term investments, intangibles, etc.",2025
"TOTASSET","Total Assets",2025
"STBANK","Short-term debt, original maturity 1 year or less: Loans from banks",2025
"COMPAPER","Short-term debt, original maturity 1 year or less: Commercial paper ¹",2025
"STDEBTOTH","Short-term debt, original maturity 1 year or less: Other short-term loans ² Short-term debt, original maturity 1 year or less: Other short-term loans, including commercial paper ³",2025
"ADVUSGOVT","Advances and prepayments by the U.S. Government ¹",2025
"ACCTPAY","Trade accounts and trade notes payable",2025
"FEDTAXPAY","Income taxes accrued, prior and current years, net of payments: Federal ¹",2025
"OTHTAXPAY","Income taxes accrued, prior and current years, net of payments: Other ² Income taxes accrued, prior and current years, net of payments ³",2025
"INSTBANKS","Current portion of long-term debt, due in 1 year or less: Loans from banks",2025
"INSTBONDS","Current portion of long-term debt, due in 1 year or less: Bonds and debentures ¹",2025
"INSTOTHER","Current portion of long-term debt, due in 1 year or less: Other long-term loans",2025
"OTCURLIAB","All other current liabilities, including excise and sales taxes, and accrued expenses",2025
"TOCRLIAB","Total current liabilities",2025
"LTBNKDEBT","Long-term debt, due in more than 1 year: Loans from banks",2025
"LTBNDDEBT","Long-term debt, due in more than 1 year: Bonds and debentures ¹",2025
"LTOTHDEBT","Long-term debt (due in more than 1 year): Other long-term loans",2025
"OTHNCLIAB","All other noncurrent liabilities, including deferred income taxes, capitalized leases, and minority stockholders’ interest in consolidated domestic corporations",2025
"TOTLIAB","Total liabilities",2025
"CAPSTOCK","Capital stock and other capital ² Capital stock and other capital (less treasury stock) ³",2025
"RETEARN","Retained earnings",2025
"CUMFORCUR","Cumulative foreign currency translation adjustment ¹",2025
"OTSEITEMS","Other stockholders’ equity items, including unearned compensation and ESOP debt guarantees ¹",2025
"TREASSTK","Treasury stock at cost ¹",2025
"STHLDEQUI","Stockholders’ equity",2025
"TLIABEQUI","Total Liabilities and Stockholders’ Equity",2025
"NETWKCAP","Net Working Capital: Excess of total current assets",2025
