"columns","QFR_industry_code","QFR_industry_title","standard_industry_code","year","standard_code_type"
"B","20","Food","2011 - 2099",1947,"SIC_1987"
"C","21","Tobacco manufactures","2111 - 2141",1947,"SIC_1987"
"D","22","Textile Mill Products","2211 - 2299",1947,"SIC_1987"
"E","23","Apparel and finished textiles","2311 - 2399",1947,"SIC_1987"
"F","24","Lumber and Wood Products, except Furniture","2411 - 2499",1947,"SIC_1987"
"G","25","Furniture and Fixtures","2511 - 2599",1947,"SIC_1987"
"H","26","Paper and Allied Products","2611 - 2679",1947,"SIC_1987"
"I","27","Printing and Publishing, except newspapers","2721 - 2796",1947,"SIC_1987"
"J","28","Chemicals and Allied Products","2812 - 2899",1947,"SIC_1987"
"K","29","Products of Petroleum and coal","2911 - 2999",1947,"SIC_1987"
"L","30","Rubber Products","3011 - 3089",1947,"SIC_1987"
"M","31","Leather and Leather Products","3111 - 3199",1947,"SIC_1987"
"N","32","Stone, Clay, and Glass Products","3211 - 3299",1947,"SIC_1987"
"O","34","Fabricated Metal Products","3411 - 3499",1947,"SIC_1987"
"P","35","Machinery","3511 - 3599",1947,"SIC_1987"
"Q","36","Electrical Machinery","3612 - 3699",1947,"SIC_1987"
"R","37","Transportation Equipment(except motor vehicles and parts)","3711 - 3799",1947,"SIC_1987"
"S","37.100000000000001","Motor Vehicles and parts","3711 - 3716",1947,"SIC_1987"
"T","38","Instruments; photographic & optical goods;watches & clocks","3812 - 3873",1947,"SIC_1987"
"U","39","Miscellaneous manufacturing including ordnance","3911 - 3999",1947,"SIC_1987"
"V - AA","20.-39.","All Manufacturing, except newspapers","2011 - 3999",1947,"SIC_1987"
"AB","33.1-33.2","Primary Iron and Steel industries","3312 - 3325, 3398 - 3399",1947,"SIC_1987"
"AC","33.5-33.6","Primary non-ferrous Metals","3331 - 3369",1947,"SIC_1987"
"B","20","Food","2011 - 2099",1948,"SIC_1987"
"C","21","Tobacco manufactures","2111 - 2141",1948,"SIC_1987"
"D","22","Textile Mill Products","2211 - 2299",1948,"SIC_1987"
"E","23","Apparel and finished textiles","2311 - 2399",1948,"SIC_1987"
"F","24","Lumber and Wood Products, except Furniture","2411 - 2499",1948,"SIC_1987"
"G","25","Furniture and Fixtures","2511 - 2599",1948,"SIC_1987"
"H","26","Paper and Allied Products","2611 - 2679",1948,"SIC_1987"
"I","27","Printing and Publishing, except newspapers","2721 - 2796",1948,"SIC_1987"
"J","28","Chemicals and Allied Products","2812 - 2899",1948,"SIC_1987"
"K","29","Products of Petroleum and coal","2911 - 2999",1948,"SIC_1987"
"L","30","Rubber Products","3011 - 3089",1948,"SIC_1987"
"M","31","Leather and Leather Products","3111 - 3199",1948,"SIC_1987"
"N","32","Stone, Clay, and Glass Products","3211 - 3299",1948,"SIC_1987"
"O","34","Fabricated Metal Products","3411 - 3499",1948,"SIC_1987"
"P","35","Machinery","3511 - 3599",1948,"SIC_1987"
"Q","36","Electrical Machinery","3612 - 3699",1948,"SIC_1987"
"R","37","Transportation Equipment(except motor vehicles and parts)","3720 - 3799",1948,"SIC_1987"
"S","37.100000000000001","Motor Vehicles and parts","3711 - 3716",1948,"SIC_1987"
"T","38","Instruments; photographic & optical goods;watches & clocks","3812 - 3873",1948,"SIC_1987"
"U","39","Miscellaneous manufacturing including ordnance","3911 - 3999",1948,"SIC_1987"
"V - AA","20.-39.","All Manufacturing, except newspapers","2011 - 3999",1948,"SIC_1987"
"AB","33.1-33.2","Primary Iron and Steel industries","3312 - 3325, 3398 - 3399",1948,"SIC_1987"
"AC","33.5-33.6","Primary non-ferrous Metals","3331 - 3369",1948,"SIC_1987"
"B","20","Food","2011 - 2099",1949,"SIC_1987"
"C","21","Tobacco manufactures","2111 - 2141",1949,"SIC_1987"
"D","22","Textile Mill Products","2211 - 2299",1949,"SIC_1987"
"E","23","Apparel and finished textiles","2311 - 2399",1949,"SIC_1987"
"F","24","Lumber and Wood Products, except Furniture","2411 - 2499",1949,"SIC_1987"
"G","25","Furniture and Fixtures","2511 - 2599",1949,"SIC_1987"
"H","26","Paper and Allied Products","2611 - 2679",1949,"SIC_1987"
"I","27","Printing and Publishing, except newspapers","2721 - 2796",1949,"SIC_1987"
"J","28","Chemicals and Allied Products","2812 - 2899",1949,"SIC_1987"
"K","29","Products of Petroleum and coal","2911 - 2999",1949,"SIC_1987"
"L","30","Rubber Products","3011 - 3089",1949,"SIC_1987"
"M","31","Leather and Leather Products","3111 - 3199",1949,"SIC_1987"
"N","32","Stone, Clay, and Glass Products","3211 - 3299",1949,"SIC_1987"
"O","34","Fabricated Metal Products","3411 - 3499",1949,"SIC_1987"
"P","35","Machinery","3511 - 3599",1949,"SIC_1987"
"Q","36","Electrical Machinery","3612 - 3699",1949,"SIC_1987"
"R","37","Transportation Equipment(except motor vehicles and parts)","3711 - 3799",1949,"SIC_1987"
"S","37.100000000000001","Motor Vehicles and parts","3711 - 3716",1949,"SIC_1987"
"T","38","Instruments; photographic & optical goods;watches & clocks","3812 - 3873",1949,"SIC_1987"
"U","39","Miscellaneous manufacturing including ordnance","3911 - 3999",1949,"SIC_1987"
"V - AA","20.-39.","All Manufacturing, except newspapers","2011 - 3999",1949,"SIC_1987"
"AB","33.1-33.2","Primary Iron and Steel industries","3312 - 3325, 3398 - 3399",1949,"SIC_1987"
"AC","33.5-33.6","Primary non-ferrous Metals","3331 - 3369",1949,"SIC_1987"
"B","20","Food","2011 - 2099",1950,"SIC_1987"
"C","21","Tobacco manufactures","2111 - 2141",1950,"SIC_1987"
"D","22","Textile Mill Products","2211 - 2299",1950,"SIC_1987"
"E","23","Apparel and finished textiles","2311 - 2399",1950,"SIC_1987"
"F","24","Lumber and Wood Products, except Furniture","2411 - 2499",1950,"SIC_1987"
"G","25","Furniture and Fixtures","2511 - 2599",1950,"SIC_1987"
"H","26","Paper and Allied Products","2611 - 2679",1950,"SIC_1987"
"I","27","Printing and Publishing, except newspapers","2721 - 2796",1950,"SIC_1987"
"J","28","Chemicals and Allied Products","2812 - 2899",1950,"SIC_1987"
"K","29","Products of Petroleum and coal","2911 - 2999",1950,"SIC_1987"
"L","291","Petroleum Refining","2911",1950,"SIC_1987"
"M","30","Rubber Products","3011 - 3089",1950,"SIC_1987"
"N","31","Leather and Leather Products","3111 - 3199",1950,"SIC_1987"
"O","32","Stone, Clay, and Glass Products","3211 - 3299",1950,"SIC_1987"
"P","34","Fabricated Metal Products","3411 - 3499",1950,"SIC_1987"
"Q","35","Machinery","3511 - 3599",1950,"SIC_1987"
"R","36","Electrical Machinery","3612 - 3699",1950,"SIC_1987"
"S","37","Transportation Equipment(except motor vehicles and parts)","3711 - 3799",1950,"SIC_1987"
"T","37.100000000000001","Motor Vehicles and parts","3711 - 3716",1950,"SIC_1987"
"U","38","Instruments; photographic & optical goods;watches & clocks","3812 - 3873",1950,"SIC_1987"
"V","39","Miscellaneous manufacturing including ordnance","3911 - 3999",1950,"SIC_1987"
"W - AB","20.-39.","All Manufacturing, except newspapers","2011 - 3999",1950,"SIC_1987"
"AC","33.1-33.2","Primary Iron and Steel industries","3312 - 3325, 3398 - 3399",1950,"SIC_1987"
"AD","33.5-33.6","Primary non-ferrous Metals","3331 - 3369",1950,"SIC_1987"
"B","20","Food and Kindred Products","2011 - 2099",1951,"SIC_1987"
"C","2082-5","Alcoholic beverages","2082 - 2085",1951,"SIC_1987"
"D","21","Tobacco Products","2111 - 2141",1951,"SIC_1987"
"E","22","Textile Mill Products","2211 - 2299",1951,"SIC_1987"
"F","23","Apparel and Other Finished Products","2311 - 2399",1951,"SIC_1987"
"G","24","Lumber and Wood Products, except Furniture","2411 - 2499",1951,"SIC_1987"
"H","25","Furniture and Fixtures","2511 - 2599",1951,"SIC_1987"
"I","26","Paper and Allied Products","2611 - 2679",1951,"SIC_1987"
"J","27","Printing and Publishing, except newspapers","2721 - 2796",1951,"SIC_1987"
"K","28","Chemicals and Allied Products","2812 - 2899",1951,"SIC_1987"
"L","29","Petroleum Refining and related Industries","2911 - 2999",1951,"SIC_1987"
"M","291","Petroleum Refining","2911",1951,"SIC_1987"
"N","30","Rubber and Misc. Plastics Products","3011 - 3089",1951,"SIC_1987"
"O","31","Leather and Leather Products","3111 - 3199",1951,"SIC_1987"
"P","32","Stone, Clay, and Glass Products","3211 - 3299",1951,"SIC_1987"
"Q","33","Primary Metal Industries","3312 - 3399",1951,"SIC_1987"
"R","34","Fabricated Metal Products","3411 - 3499",1951,"SIC_1987"
"S","35","Machinery, Except Electrical","3511 - 3599",1951,"SIC_1987"
"T","36","Electrical and Electronic Equipment","3612 - 3699",1951,"SIC_1987"
"U","37","Transportation Equipment","3711 - 3799",1951,"SIC_1987"
"V","37.100000000000001","Motor Vehicles and Equipment","3711 - 3716",1951,"SIC_1987"
"W","38","Instruments and Related Products","3812 - 3873",1951,"SIC_1987"
"X","39","Miscellaneous Manufacturing","3911 - 3999",1951,"SIC_1987"
"Y - AH","20.-39.","All Manufacturing, except newspapers","2011 - 3999",1951,"SIC_1987"
"AI","33.1-33.2","Iron and Steel","3312 - 3325, 3398 - 3399",1951,"SIC_1987"
"AJ","33.5-33.6","Nonferrous Metals","3331 - 3369",1951,"SIC_1987"
"B","20","Food","2011 - 2099",1952,"SIC_1987"
"C","21","Tobacco Manufactures","2111 - 2141",1952,"SIC_1987"
"D","22","Textile Mill Products","2211 - 2299",1952,"SIC_1987"
"E","23","Apparel & Finished Textiles","2311 - 2399",1952,"SIC_1987"
"F","24","Lumber & Wood Products","2411 - 2499",1952,"SIC_1987"
"G","25","Furniture & Fixtures","2511 - 2599",1952,"SIC_1987"
"H","26","Paper & Allied Products","2611 - 2679",1952,"SIC_1987"
"I","27","Printing & Publishing, (Except Newspapers)","2721 - 2796",1952,"SIC_1987"
"J","28","Chemicals & Allied Products","2812 - 2899",1952,"SIC_1987"
"K","29","Products of Petroleum & Coal (Except Petroleum Refining)","2912 - 2999",1952,"SIC_1987"
"L","291","Petroleum Refining","2911",1952,"SIC_1987"
"M","30","Rubber Products","3011 - 3089",1952,"SIC_1987"
"N","31","Leather & Leather Products","3111 - 3199",1952,"SIC_1987"
"O","32","Stone, Clay, & Glass Products","3211 - 3299",1952,"SIC_1987"
"P","34","Fabricated Metal Products","3411 - 3499",1952,"SIC_1987"
"Q","35","Machinery, Except Electrical","3511 - 3599",1952,"SIC_1987"
"R","36","Electrical Machinery, Equipment, & Supplies","3612 - 3699",1952,"SIC_1987"
"S","37","Transportation Equipment (except motor vehicles & parts)","3717 - 3799",1952,"SIC_1987"
"T","37.100000000000001","Motor Vehicles & Equipment","3711 - 3716",1952,"SIC_1987"
"U","38","Instruments & Related Products","3812 - 3873",1952,"SIC_1987"
"V","39","Miscellaneous Manufacturing (Including Ordnance)","3911 - 3999",1952,"SIC_1987"
"W - AD","20.-39.","All Manufacturing, (Except Newspapers)","2011 - 3999",1952,"SIC_1987"
"AE","33.1-33.2","Primary Iron & Steel Industries","3312 - 3325, 3398 - 3399",1952,"SIC_1987"
"AF","33.5-33.6","Primary Nonferrous Metals","3331 - 3369",1952,"SIC_1987"
"B","20","Food","2011 - 2099",1953,"SIC_1987"
"C","21","Tobacco Manufactures","2111 - 2141",1953,"SIC_1987"
"D","22","Textile Mill Products","2211 - 2299",1953,"SIC_1987"
"E","23","Apparel & Finished Textiles","2311 - 2399",1953,"SIC_1987"
"F","24","Lumber & Wood Products","2411 - 2499",1953,"SIC_1987"
"G","25","Furniture & Fixtures","2511 - 2599",1953,"SIC_1987"
"H","26","Paper & Allied Products","2611 - 2679",1953,"SIC_1987"
"I","27","Printing & Publishing, (Except Newspapers)","2721 - 2796",1953,"SIC_1987"
"J","28","Chemicals & Allied Products","2812 - 2899",1953,"SIC_1987"
"K","29","Products of Petroleum & Coal (Except Petroleum Refining)","2912 - 2999",1953,"SIC_1987"
"L","291","Petroleum Refining","2911",1953,"SIC_1987"
"M","30","Rubber Products","3011 - 3089",1953,"SIC_1987"
"N","31","Leather & Leather Products","3111 - 3199",1953,"SIC_1987"
"O","32","Stone, Clay, & Glass Products","3211 - 3299",1953,"SIC_1987"
"P","34","Fabricated Metal Products","3411 - 3499",1953,"SIC_1987"
"Q","35","Machinery, Except Electrical","3511 - 3599",1953,"SIC_1987"
"R","36","Electrical Machinery, Equipment, & Supplies","3612 - 3699",1953,"SIC_1987"
"S","37","Transportation Equipment (except motor vehicles & parts)","3717 - 3799",1953,"SIC_1987"
"T","37.100000000000001","Motor Vehicles & Equipment","3711 - 3716",1953,"SIC_1987"
"U","38","Instruments & Related Products","3812 - 3873",1953,"SIC_1987"
"V","39","Miscellaneous Manufacturing (Including Ordnance)","3911 - 3999",1953,"SIC_1987"
"W - AD","20.-39.","All Manufacturing, (Except Newspapers)","2011 - 3999",1953,"SIC_1987"
"AE","33.1-33.2","Primary Iron & Steel Industries","3312 - 3325, 3398 - 3399",1953,"SIC_1987"
"AF","33.5-33.6","Primary Nonferrous Metals","3331 - 3369",1953,"SIC_1987"
"B","20","Food and Kindred Products","2011 - 2099",1954,"SIC_1987"
"C","21","Tobacco Products","2111 - 2141",1954,"SIC_1987"
"D","22","Textile Mill Products","2211 - 2299",1954,"SIC_1987"
"E","23","Apparel and Other Finished Products","2311 - 2399",1954,"SIC_1987"
"F","24","Lumber and Wood Products, (Except Furniture)","2411 - 2499",1954,"SIC_1987"
"G","25","Furniture and Fixtures","2511 - 2599",1954,"SIC_1987"
"H","26","Paper and Allied Products","2611 - 2679",1954,"SIC_1987"
"I","27","Printing and Publishing, (Except Newspapers)","2721 - 2796",1954,"SIC_1987"
"J","28","Chemicals and Allied Products","2812 - 2899",1954,"SIC_1987"
"K","29","Products of Petroleum and Coal (Except Petroleum Refining)","2912 - 2999",1954,"SIC_1987"
"L","291","Petroleum Refining","2911",1954,"SIC_1987"
"M","30","Rubber Products","3011 - 3089",1954,"SIC_1987"
"N","31","Leather and Leather Products","3111 - 3199",1954,"SIC_1987"
"O","32","Stone, Clay, and Glass Products","3211 - 3299",1954,"SIC_1987"
"P","34","Fabricated Metal Products","3411 - 3499",1954,"SIC_1987"
"Q","35","Machinery, Except Electrical","3511 - 3599",1954,"SIC_1987"
"R","36","Electrical Machinery, Equipment, and Supplies","3612 - 3699",1954,"SIC_1987"
"S","37","Other Transportation Equipment","3717 - 3799",1954,"SIC_1987"
"T","37.100000000000001","Motor Vehicles and Equipment","3711 - 3716",1954,"SIC_1987"
"U","38","Instruments and Related Products","3812 - 3873",1954,"SIC_1987"
"V","39","Miscellaneous Manufacturing (Including Ordnance)","3911 - 3999",1954,"SIC_1987"
"W","98","All Nondurable Goods Manufacturing Industries (Except Newspapers)","2011 - 2399, 2611 - 3199",1954,"SIC_1987"
"X","99","All Durable Goods Manufacturing Industries","2411 - 2599, 3211 - 3999",1954,"SIC_1987"
"Y - AF","20.-39.","All Manufacturing, (Except Newspapers)","2011 - 3999",1954,"SIC_1987"
"AG","33.1-33.2","Primary Iron and Steel Industries","3312 - 3325, 3398 - 3399",1954,"SIC_1987"
"AH","33.5-33.6","Primary Nonferrous Metals Industries","3331 - 3369",1954,"SIC_1987"
"B","20","Food and Kindred Products","2011 - 2099",1955,"SIC_1987"
"C","21","Tobacco Products","2111 - 2141",1955,"SIC_1987"
"D","22","Textile Mill Products","2211 - 2299",1955,"SIC_1987"
"E","23","Apparel and Other Finished Products","2311 - 2399",1955,"SIC_1987"
"F","24","Lumber and Wood Products, (Except Furniture)","2411 - 2499",1955,"SIC_1987"
"G","25","Furniture and Fixtures","2511 - 2599",1955,"SIC_1987"
"H","26","Paper and Allied Products","2611 - 2679",1955,"SIC_1987"
"I","27","Printing and Publishing, (Except Newspapers)","2721 - 2796",1955,"SIC_1987"
"J","28","Chemicals and Allied Products","2812 - 2899",1955,"SIC_1987"
"K","29","Products of Petroleum and Coal (Except Petroleum Refining)","2912 - 2999",1955,"SIC_1987"
"L","291","Petroleum Refining","2911",1955,"SIC_1987"
"M","30","Rubber Products","3011 - 3089",1955,"SIC_1987"
"N","31","Leather and Leather Products","3111 - 3199",1955,"SIC_1987"
"O","32","Stone, Clay, and Glass Products","3211 - 3299",1955,"SIC_1987"
"P","34","Fabricated Metal Products","3411 - 3499",1955,"SIC_1987"
"Q","35","Machinery, Except Electrical","3511 - 3599",1955,"SIC_1987"
"R","36","Electrical Machinery, Equipment, and Supplies","3612 - 3699",1955,"SIC_1987"
"S","37","Other Transportation Equipment","3717 - 3799",1955,"SIC_1987"
"T","37.100000000000001","Motor Vehicles and Equipment","3711 - 3716",1955,"SIC_1987"
"U","38","Instruments and Related Products","3812 - 3873",1955,"SIC_1987"
"V","39","Miscellaneous Manufacturing (Including Ordnance)","3911 - 3999",1955,"SIC_1987"
"W","98","All Nondurable Goods Manufacturing Industries (Except Newspapers)","2011 - 2399, 2611 - 3199",1955,"SIC_1987"
"X","99","All Durable Goods Manufacturing Industries","2411 - 2599, 3211 - 3999",1955,"SIC_1987"
"Y - AF","20.-39.","All Manufacturing, (Except Newspapers)","2011 - 3999",1955,"SIC_1987"
"AG","33.1-33.2","Primary Iron and Steel Industries","3312 - 3325, 3398 - 3399",1955,"SIC_1987"
"AH","33.5-33.6","Primary Nonferrous Metals Industries","3331 - 3369",1955,"SIC_1987"
"B","20","Food and Kindred Products","2011 - 2099",1956,"SIC_1987"
"C","2082-5","Alcoholic Beverages","2082 - 2085",1956,"SIC_1987"
"D","21","Tobacco Manufactures","2111 - 2141",1956,"SIC_1987"
"E","22","Textile Mill Products","2211 - 2299",1956,"SIC_1987"
"F","23","Apparel and Related Products","2311 - 2399",1956,"SIC_1987"
"G","24","Lumber and Wood Products (Except Furniture)","2411 - 2499",1956,"SIC_1987"
"H","25","Furniture and Fixtures","2511 - 2599",1956,"SIC_1987"
"I","26","Paper and Allied Products","2611 - 2679",1956,"SIC_1987"
"J","27","Printing and Publishing (Except Newspapers)","2721 - 2796",1956,"SIC_1987"
"K","28","Chemicals and Allied Products","2812 - 2899",1956,"SIC_1987"
"L","28.100000000000001","Industrial Chemicals","2812 - 2819, 2823 - 2824, 2861 - 2869",1956,"SIC_1987"
"M","28.300000000000001","Drugs and Medicines","2833 - 2836",1956,"SIC_1987"
"N","29","Products of Petroleum and Coal (Except Petroleum Refining)","2912 - 2999",1956,"SIC_1987"
"O","291","Petroleum Refining","2911",1956,"SIC_1987"
"P","30","Rubber Products","3011 - 3089",1956,"SIC_1987"
"Q","31","Leather and Leather Products","3111 - 3199",1956,"SIC_1987"
"R","32","Stone, Clay, and Glass Products","3211 - 3299",1956,"SIC_1987"
"S","33","Primary Metal Industries","3312 - 3399",1956,"SIC_1987"
"T","34","Fabricated Metal Products","3411 - 3499",1956,"SIC_1987"
"U","35","Machinery (Except Electrical)","3511 - 3599",1956,"SIC_1987"
"V","354","Metalworking Machinery","3541 - 3549",1956,"SIC_1987"
"W","36","Electrical Machinery, Equipment, and Supplies","3612 - 3699",1956,"SIC_1987"
"X","37","Other Transportation Equipment","3711 - 3799",1956,"SIC_1987"
"Y","37.100000000000001","Motor Vehicles and Equipment","3711 - 3716",1956,"SIC_1987"
"Z","37.700000000000003","Aircraft and Parts","3721 - 3728, 3761 - 3769",1956,"SIC_1987"
"AA","38","Instruments and Related Products","3812 - 3873",1956,"SIC_1987"
"AB","39","Miscellaneous Manufacturing (Including Ordnance)","3911 - 3999",1956,"SIC_1987"
"AC - AE","98","All Nondurable Goods Manufacturing Industries (Except Newspapers)","2011 - 2399, 2611 - 3199",1956,"SIC_1987"
"AF - AH","99","All Durable Goods Manufacturing Industries","2411 - 2599, 3211 - 3999",1956,"SIC_1987"
"AI - AR","20.-39.","All Manufacturing Industries","2011 - 3999",1956,"SIC_1987"
"AS","33.1-33.2","Primary Iron and Steel","3312 - 3325, 3398 - 3399",1956,"SIC_1987"
"AT","33.5-33.6","Primary Nonferrous Metals","3331 - 3369",1956,"SIC_1987"
"B","20","Food and Kindred Products","2011 - 2099",1957,"SIC_1987"
"C","2082-5","Alcoholic Beverages","2082 - 2085",1957,"SIC_1987"
"D","21","Tobacco Manufactures","2111 - 2141",1957,"SIC_1987"
"E","22","Textile Mill Products","2211 - 2299",1957,"SIC_1987"
"F","23","Apparel and Other Finished Products","2311 - 2399",1957,"SIC_1987"
"G","24","Lumber and Wood Products, Except Furniture","2411 - 2499",1957,"SIC_1987"
"H","25","Furniture and Fixtures","2511 - 2599",1957,"SIC_1987"
"I","26","Paper and Allied Products","2611 - 2679",1957,"SIC_1987"
"J","27","Printing and Publishing, Except Newspapers","2721 - 2796",1957,"SIC_1987"
"K","28","Chemicals and Allied Products","2812 - 2899",1957,"SIC_1987"
"L","281-2","Basic Chemicals","2812 - 2819, 2823 - 2824, 2861 - 2869",1957,"SIC_1987"
"M","283","Drugs","2833 - 2836",1957,"SIC_1987"
"N","29","Petroleum Refining and Related Industries","2911 - 2999",1957,"SIC_1987"
"O","291","Petroleum Refining","2911",1957,"SIC_1987"
"P","30","Rubber and Miscellaneous Plastics Products","3011 - 3089",1957,"SIC_1987"
"Q","31","Leather and Leather Products","3111 - 3199",1957,"SIC_1987"
"R","32","Stone, Clay, and Glass Products","3211 - 3299",1957,"SIC_1987"
"S","33","Primary Metal Industries","3312 - 3399",1957,"SIC_1987"
"T","34","Other Fabricated Metal Products","3411 - 3499",1957,"SIC_1987"
"U","35","Other Machinery","3511 - 3599",1957,"SIC_1987"
"V","354","Metalworking Machinery and Equipment","3541 - 3549",1957,"SIC_1987"
"W","36","Electrical Machinery, Equipment, and Supplies","3612 - 3699",1957,"SIC_1987"
"X","37","Transportation Equipment","3711 - 3799",1957,"SIC_1987"
"Y","371","Motor Vehicles and Equipment","3711 - 3716",1957,"SIC_1987"
"Z","372","Aircraft and Parts","3721 - 3728, 3761 - 3769",1957,"SIC_1987"
"AA","38","Instruments and Related Products","3812 - 3873",1957,"SIC_1987"
"AB","39&19","Miscellaneous Manufacturing and Ordnance","3911 - 3999",1957,"SIC_1987"
"AC - AE","98","Nondurable Goods","2011 - 2399, 2611 - 3199",1957,"SIC_1987"
"AF - AH","99","Durable Goods","2411 - 2599, 3211 - 3999",1957,"SIC_1987"
"AI - AR","20.-39.","All Manufacturing","2011 - 3999",1957,"SIC_1987"
"AS","331-2","Primary Iron and Steel","3312 - 3325, 3398 - 3399",1957,"SIC_1987"
"AT","333-6","Primary Nonferrous Metals","3331 - 3369",1957,"SIC_1987"
"B","20","Food and Kindred Products","2011 - 2099",1958,"SIC_1987"
"C","2082-5","Alcoholic Beverages","2082 - 2085",1958,"SIC_1987"
"D","21","Tobacco Manufactures","2111 - 2141",1958,"SIC_1987"
"E","22","Textile Mill Products","2211 - 2299",1958,"SIC_1987"
"F","23","Apparel and Other Finished Products","2311 - 2399",1958,"SIC_1987"
"G","24","Other Lumber and Wood Products","2411 - 2499",1958,"SIC_1987"
"H","25","Furniture and Fixtures","2511 - 2599",1958,"SIC_1987"
"I","26","Paper and Allied Products","2611 - 2679",1958,"SIC_1987"
"J","27","Printing and Publishing, Except Newspapers","2721 - 2796",1958,"SIC_1987"
"K","28","Chemicals and Allied Products","2812 - 2899",1958,"SIC_1987"
"L","281-2","Basic Chemicals","2812 - 2819, 2823 - 2824, 2861 - 2869",1958,"SIC_1987"
"M","283","Drugs","2833 - 2836",1958,"SIC_1987"
"N","29","Petroleum Refining and Related Industries","2911 - 2999",1958,"SIC_1987"
"O","291","Petroleum Refining","2911",1958,"SIC_1987"
"P","30","Rubber Products","3011 - 3089",1958,"SIC_1987"
"Q","31","Leather and Leather Products","3111 - 3199",1958,"SIC_1987"
"R","32","Stone, Clay, and Glass Products","3211 - 3299",1958,"SIC_1987"
"S","33","Primary Metal Industries","3312 - 3399",1958,"SIC_1987"
"T","34","Other Fabricated Metal Products","3411 - 3499",1958,"SIC_1987"
"U","35","Other Machinery","3511 - 3599",1958,"SIC_1987"
"V","354","Metalworking Machinery and Equipment","3541 - 3549",1958,"SIC_1987"
"W","36","Electrical Machinery, Equipment, and Supplies","3612 - 3699",1958,"SIC_1987"
"X","37","Transportation Equipment","3711 - 3799",1958,"SIC_1987"
"Y","371","Motor Vehicles and Equipment","3711 - 3716",1958,"SIC_1987"
"Z","372","Aircraft and Parts","3721 - 3728, 3761 - 3769",1958,"SIC_1987"
"AA","38","Instruments and Related Products","3812 - 3873",1958,"SIC_1987"
"AB","39&19","Miscellaneous Manufacturing & Ordnance","3911 - 3999",1958,"SIC_1987"
"AC - AE","98","Nondurable Goods","2011 - 2399, 2611 - 3199",1958,"SIC_1987"
"AF - AH","99","Durable Goods","2411 - 2599, 3211 - 3999",1958,"SIC_1987"
"AI - AR","20.-39.","All Manufacturing","2011 - 3999",1958,"SIC_1987"
"AS","331-2","Primary Iron and Steel","3312 - 3325, 3398 - 3399",1958,"SIC_1987"
"AT","333-6","Primary Nonferrous Metals","3331 - 3369",1958,"SIC_1987"
"B","20","Food and Kindred Products","2011 - 2099",1959,"SIC_1987"
"C","2082-5","Alcoholic beverages","2082 - 2085",1959,"SIC_1987"
"D","21","Tobacco Products","2111 - 2141",1959,"SIC_1987"
"E","22","Textile Mill Products","2211 - 2299",1959,"SIC_1987"
"F","23","Apparel and Other Finished Products","2311 - 2399",1959,"SIC_1987"
"G","24","Lumber and Wood Products, except Furniture","2411 - 2499",1959,"SIC_1987"
"H","25","Furniture and Fixtures","2511 - 2599",1959,"SIC_1987"
"I","26","Paper and Allied Products","2611 - 2679",1959,"SIC_1987"
"J","27","Printing and Publishing, except newspapers","2721 - 2796",1959,"SIC_1987"
"K","28","Chemicals and Allied Products","2812 - 2899",1959,"SIC_1987"
"L","28.120000000000001","Basic Chemicals","2812 - 2819, 2823 - 2824, 2861 - 2869",1959,"SIC_1987"
"M","28.300000000000001","Drugs","2833 - 2836",1959,"SIC_1987"
"N","29","Petroleum Refining and related Industries","2911 - 2999",1959,"SIC_1987"
"O","291","Petroleum Refining","2911",1959,"SIC_1987"
"P","30","Rubber and Misc. Plastics Products","3011 - 3089",1959,"SIC_1987"
"Q","31","Leather and Leather Products","3111 - 3199",1959,"SIC_1987"
"R","32","Stone, Clay, and Glass Products","3211 - 3299",1959,"SIC_1987"
"S","33","Primary Metal Industries","3312 - 3399",1959,"SIC_1987"
"T","34","Other Fabricated Metal Products","3411 - 3499",1959,"SIC_1987"
"U","35","Other Machinery","3511 - 3599",1959,"SIC_1987"
"V","354","Metalworking Machinery and Equipment","3541 - 3549",1959,"SIC_1987"
"W","36","Electrical Machinery, Equipment, and Supplies","3612 - 3699",1959,"SIC_1987"
"X","37","Transportation Equipment","3711 - 3799",1959,"SIC_1987"
"Y","37.100000000000001","Motor Vehicles and Equipment","3711 - 3716",1959,"SIC_1987"
"Z","37.200000000000003","Aircraft and Parts","3721 - 3728, 3761 - 3769",1959,"SIC_1987"
"AA","38","Instruments and Related Products","3812 - 3873",1959,"SIC_1987"
"AB","39&19","Miscellaneous Manufacturing and Ordnance","3911 - 3999",1959,"SIC_1987"
"AC - AE","98","Nondurable Goods","2011 - 2399, 2611 - 3199",1959,"SIC_1987"
"AF - AH","99","Durable Goods","2411 - 2599, 3211 - 3999",1959,"SIC_1987"
"AI - AR","20.-39.","All Manufacturing","2011 - 3999",1959,"SIC_1987"
"AS","33.1-33.2","Primary Iron and Steel","3312 - 3325, 3398 - 3399",1959,"SIC_1987"
"AT","33.3-33.6","Primary Nonferrous Metals","3331 - 3369",1959,"SIC_1987"
"B","20","Food and Kindred Products","2011 - 2099",1960,"SIC_1987"
"C","2082-5","Alcoholic beverages","2082 - 2085",1960,"SIC_1987"
"D","21","Tobacco Products","2111 - 2141",1960,"SIC_1987"
"E","22","Textile Mill Products","2211 - 2299",1960,"SIC_1987"
"F","23","Apparel and Other Finished Products","2311 - 2399",1960,"SIC_1987"
"G","24","Lumber and Wood Products, except Furniture","2411 - 2499",1960,"SIC_1987"
"H","25","Furniture and Fixtures","2511 - 2599",1960,"SIC_1987"
"I","26","Paper and Allied Products","2611 - 2679",1960,"SIC_1987"
"J","27","Printing and Publishing, except newspapers","2721 - 2796",1960,"SIC_1987"
"K","28","Chemicals and Allied Products","2812 - 2899",1960,"SIC_1987"
"L","28.120000000000001","Basic Chemicals","2812 - 2819, 2823 - 2824, 2861 - 2869",1960,"SIC_1987"
"M","28.300000000000001","Drugs","2833 - 2836",1960,"SIC_1987"
"N","29","Petroleum Refining and related Industries","2911 - 2999",1960,"SIC_1987"
"O","291","Petroleum Refining","2911",1960,"SIC_1987"
"P","30","Rubber and Misc. Plastics Products","3011 - 3089",1960,"SIC_1987"
"Q","31","Leather and Leather Products","3111 - 3199",1960,"SIC_1987"
"R","32","Stone, Clay, and Glass Products","3211 - 3299",1960,"SIC_1987"
"S","33","Primary Metal Industries","3312 - 3399",1960,"SIC_1987"
"T","34","Other Fabricated Metal Products","3411 - 3499",1960,"SIC_1987"
"U","35","Other Machinery","3511 - 3599",1960,"SIC_1987"
"V","354","Metalworking Machinery and Equipment","3541 - 3549",1960,"SIC_1987"
"W","36","Electrical Machinery, Equipment, and Supplies","3612 - 3699",1960,"SIC_1987"
"X","37","Transportation Equipment","3711 - 3799",1960,"SIC_1987"
"Y","37.100000000000001","Motor Vehicles and Equipment","3711 - 3716",1960,"SIC_1987"
"Z","37.200000000000003","Aircraft and Parts","3721 - 3728, 3761 - 3769",1960,"SIC_1987"
"AA","38","Instruments and Related Products","3812 - 3873",1960,"SIC_1987"
"AB","39&19","Miscellaneous Manufacturing and Ordnance","3911 - 3999",1960,"SIC_1987"
"AC - AE","98","Nondurable Goods","2011 - 2399, 2611 - 3199",1960,"SIC_1987"
"AF - AH","99","Durable Goods","2411 - 2599, 3211 - 3999",1960,"SIC_1987"
"AI - AR","20.-39.","All Manufacturing","2011 - 3999",1960,"SIC_1987"
"AS","33.1-33.2","Primary Iron and Steel","3312 - 3325, 3398 - 3399",1960,"SIC_1987"
"AT","33.3-33.6","Primary Nonferrous Metals","3331 - 3369",1960,"SIC_1987"
"B","20","Food and Kindred Products","2011 - 2099",1961,"SIC_1987"
"C","202","Dairy Products","2021 - 2026",1961,"SIC_1987"
"D","205","Bakery Products","2051 - 2053",1961,"SIC_1987"
"E","2082-5","Alcoholic beverages","2082 - 2085",1961,"SIC_1987"
"F","21","Tobacco Manufactures","2111 - 2141",1961,"SIC_1987"
"G","22","Textile Mill Products","2211 - 2299",1961,"SIC_1987"
"H","23","Apparel and Other Finished Products","2311 - 2399",1961,"SIC_1987"
"I","24","Lumber and Wood Products, except Furniture","2411 - 2499",1961,"SIC_1987"
"J","25","Furniture and Fixtures","2511 - 2599",1961,"SIC_1987"
"K","26","Paper and Allied Products","2611 - 2679",1961,"SIC_1987"
"L","27","Printing and Publishing, except newspapers","2721 - 2796",1961,"SIC_1987"
"M","28","Chemicals and Allied Products","2812 - 2899",1961,"SIC_1987"
"N","281-2","Basic Chemicals","2812 - 2819, 2823 - 2824, 2861 - 2869",1961,"SIC_1987"
"O","283","Drugs","2833 - 2836",1961,"SIC_1987"
"P","29","Petroleum Refining and related Industries","2911 - 2999",1961,"SIC_1987"
"Q","291","Petroleum Refining","2911",1961,"SIC_1987"
"R","30","Rubber and Misc. Plastics Products","3011 - 3089",1961,"SIC_1987"
"S","31","Leather and Leather Products","3111 - 3199",1961,"SIC_1987"
"T","32","Stone, Clay, and Glass Products","3211 - 3299",1961,"SIC_1987"
"U","33","Primary Metal Industries","3312 - 3399",1961,"SIC_1987"
"V","34","Other Fabricated Metal Products","3411 - 3499",1961,"SIC_1987"
"W","35","Other Machinery","3511 - 3599",1961,"SIC_1987"
"X","354","Metalworking Machinery and Equipment","3541 - 3549",1961,"SIC_1987"
"Y","36","Electrical Machinery, Equipment, and Supplies","3612 - 3699",1961,"SIC_1987"
"Z","37","Transportation Equipment","3711 - 3799",1961,"SIC_1987"
"AA","371","Motor Vehicles and Equipment","3711 - 3716",1961,"SIC_1987"
"AB","372","Aircraft and Parts","3721 - 3728, 3761 - 3769",1961,"SIC_1987"
"AC","38","Instruments and Related Products","3812 - 3873",1961,"SIC_1987"
"AD","39&19","Miscellaneous Manufacturing and Ordnance","3911 - 3999",1961,"SIC_1987"
"AE - AG","98","Nondurable Goods","2011 - 2399, 2611 - 3199",1961,"SIC_1987"
"AH - AJ","99","Durable Goods","2411 - 2599, 3211 - 3999",1961,"SIC_1987"
"AK - AT","20.-39.","All Manufacturing Corporations, Except Newspapers","2011 - 3999",1961,"SIC_1987"
"AU","331-2","Primary Iron and Steel","3312 - 3325, 3398 - 3399",1961,"SIC_1987"
"AV","333-6","Primary Nonferrous Metals","3331 - 3369",1961,"SIC_1987"
"B","20","Food and Kindred Products","2011 - 2099",1962,"SIC_1987"
"C","202","Dairy Products","2021 - 2026",1962,"SIC_1987"
"D","205","Bakery Products","2051 - 2053",1962,"SIC_1987"
"E","2082-5","Alcoholic beverages","2082 - 2085",1962,"SIC_1987"
"F","21","Tobacco Manufactures","2111 - 2141",1962,"SIC_1987"
"G","22","Textile Mill Products","2211 - 2299",1962,"SIC_1987"
"H","23","Apparel and Other Finished Products","2311 - 2399",1962,"SIC_1987"
"I","24","Lumber and Wood Products, except Furniture","2411 - 2499",1962,"SIC_1987"
"J","25","Furniture and Fixtures","2511 - 2599",1962,"SIC_1987"
"K","26","Paper and Allied Products","2611 - 2679",1962,"SIC_1987"
"L","27","Printing and Publishing, except newspapers","2721 - 2796",1962,"SIC_1987"
"M","28","Chemicals and Allied Products","2812 - 2899",1962,"SIC_1987"
"N","281-2","Basic Chemicals","2812 - 2819, 2823 - 2824, 2861 - 2869",1962,"SIC_1987"
"O","283","Drugs","2833 - 2836",1962,"SIC_1987"
"P","29","Petroleum Refining and related Industries","2911 - 2999",1962,"SIC_1987"
"Q","291","Petroleum Refining","2911",1962,"SIC_1987"
"R","30","Rubber and Misc. Plastics Products","3011 - 3089",1962,"SIC_1987"
"S","31","Leather and Leather Products","3111 - 3199",1962,"SIC_1987"
"T","32","Stone, Clay, and Glass Products","3211 - 3299",1962,"SIC_1987"
"U","33","Primary Metal Industries","3312 - 3399",1962,"SIC_1987"
"V","34","Other Fabricated Metal Products","3411 - 3499",1962,"SIC_1987"
"W","35","Other Machinery","3511 - 3599",1962,"SIC_1987"
"X","354","Metalworking Machinery and Equipment","3541 - 3549",1962,"SIC_1987"
"Y","36","Electrical Machinery, Equipment, and Supplies","3612 - 3699",1962,"SIC_1987"
"Z","37","Transportation Equipment","3711 - 3799",1962,"SIC_1987"
"AA","371","Motor Vehicles and Equipment","3711 - 3716",1962,"SIC_1987"
"AB","372","Aircraft and Parts","3721 - 3728, 3761 - 3769",1962,"SIC_1987"
"AC","38","Instruments and Related Products","3812 - 3873",1962,"SIC_1987"
"AD","39&19","Miscellaneous Manufacturing and Ordnance","3911 - 3999",1962,"SIC_1987"
"AE - AG","98","Nondurable Goods","2011 - 2399, 2611 - 3199",1962,"SIC_1987"
"AH - AJ","99","Durable Goods","2411 - 2599, 3211 - 3999",1962,"SIC_1987"
"AK - AT","20.-39.","All Manufacturing Corporations, Except Newspapers","2011 - 3999",1962,"SIC_1987"
"AU","331-2","Primary Iron and Steel","3312 - 3325, 3398 - 3399",1962,"SIC_1987"
"AV","333-6","Primary Nonferrous Metals","3331 - 3369",1962,"SIC_1987"
"B","20","Food and Kindred Products","2011 - 2099",1963,"SIC_1987"
"C","202","Dairy Products","2021 - 2026",1963,"SIC_1987"
"D","205","Bakery Products","2051 - 2053",1963,"SIC_1987"
"E","2082-5","Alcoholic beverages","2082 - 2085",1963,"SIC_1987"
"F","21","Tobacco Manufactures","2111 - 2141",1963,"SIC_1987"
"G","22","Textile Mill Products","2211 - 2299",1963,"SIC_1987"
"H","23","Apparel and Other Finished Products","2311 - 2399",1963,"SIC_1987"
"I","24","Lumber and Wood Products, except Furniture","2411 - 2499",1963,"SIC_1987"
"J","25","Furniture and Fixtures","2511 - 2599",1963,"SIC_1987"
"K","26","Paper and Allied Products","2611 - 2679",1963,"SIC_1987"
"L","27","Printing and Publishing, except newspapers","2721 - 2796",1963,"SIC_1987"
"M","28","Chemicals and Allied Products","2812 - 2899",1963,"SIC_1987"
"N","281-2","Basic Chemicals","2812 - 2819, 2823 - 2824, 2861 - 2869",1963,"SIC_1987"
"O","283","Drugs","2833 - 2836",1963,"SIC_1987"
"P","29","Petroleum Refining and related Industries","2911 - 2999",1963,"SIC_1987"
"Q","291","Petroleum Refining","2911",1963,"SIC_1987"
"R","30","Rubber and Misc. Plastics Products","3011 - 3089",1963,"SIC_1987"
"S","31","Leather and Leather Products","3111 - 3199",1963,"SIC_1987"
"T","32","Stone, Clay, and Glass Products","3211 - 3299",1963,"SIC_1987"
"U","33","Primary Metal Industries","3312 - 3399",1963,"SIC_1987"
"V","34","Other Fabricated Metal Products","3411 - 3499",1963,"SIC_1987"
"W","35","Other Machinery","3511 - 3599",1963,"SIC_1987"
"X","354","Metalworking Machinery and Equipment","3541 - 3549",1963,"SIC_1987"
"Y","36","Electrical Machinery, Equipment, and Supplies","3612 - 3699",1963,"SIC_1987"
"Z","37","Transportation Equipment","3711 - 3799",1963,"SIC_1987"
"AA","371","Motor Vehicles and Equipment","3711 - 3716",1963,"SIC_1987"
"AB","372","Aircraft and Parts","3721 - 3728, 3761 - 3769",1963,"SIC_1987"
"AC","38","Instruments and Related Products","3812 - 3873",1963,"SIC_1987"
"AD","39&19","Miscellaneous Manufacturing and Ordnance","3911 - 3999",1963,"SIC_1987"
"AE - AG","98","Nondurable Goods","2011 - 2399, 2611 - 3199",1963,"SIC_1987"
"AH - AJ","99","Durable Goods","2411 - 2599, 3211 - 3999",1963,"SIC_1987"
"AK - AT","20.-39.","All Manufacturing Corporations, Except Newspapers","2011 - 3999",1963,"SIC_1987"
"AU","331-2","Primary Iron and Steel","3312 - 3325, 3398 - 3399",1963,"SIC_1987"
"AV","333-6","Primary Nonferrous Metals","3331 - 3369",1963,"SIC_1987"
"B","20","Food and Kindred Products","2011 - 2099",1964,"SIC_1987"
"C","202","Dairy Products","2021 - 2026",1964,"SIC_1987"
"D","205","Bakery Products","2051 - 2053",1964,"SIC_1987"
"E","2082-5","Alcoholic beverages","2082 - 2085",1964,"SIC_1987"
"F","21","Tobacco Manufactures","2111 - 2141",1964,"SIC_1987"
"G","22","Textile Mill Products","2211 - 2299",1964,"SIC_1987"
"H","23","Apparel and Other Finished Products","2311 - 2399",1964,"SIC_1987"
"I","24","Lumber and Wood Products, except Furniture","2411 - 2499",1964,"SIC_1987"
"J","25","Furniture and Fixtures","2511 - 2599",1964,"SIC_1987"
"K","26","Paper and Allied Products","2611 - 2679",1964,"SIC_1987"
"L","27","Printing and Publishing, except newspapers","2721 - 2796",1964,"SIC_1987"
"M","28","Chemicals and Allied Products","2812 - 2899",1964,"SIC_1987"
"N","281-2","Basic Chemicals","2812 - 2819, 2823 - 2824, 2861 - 2869",1964,"SIC_1987"
"O","283","Drugs","2833 - 2836",1964,"SIC_1987"
"P","29","Petroleum Refining and related Industries","2911 - 2999",1964,"SIC_1987"
"Q","291","Petroleum Refining","2911",1964,"SIC_1987"
"R","30","Rubber and Misc. Plastics Products","3011 - 3089",1964,"SIC_1987"
"S","31","Leather and Leather Products","3111 - 3199",1964,"SIC_1987"
"T","32","Stone, Clay, and Glass Products","3211 - 3299",1964,"SIC_1987"
"U","33","Primary Metal Industries","3312 - 3399",1964,"SIC_1987"
"V","34","Other Fabricated Metal Products","3411 - 3499",1964,"SIC_1987"
"W","35","Other Machinery","3511 - 3599",1964,"SIC_1987"
"X","354","Metalworking Machinery and Equipment","3541 - 3549",1964,"SIC_1987"
"Y","36","Electrical Machinery, Equipment, and Supplies","3612 - 3699",1964,"SIC_1987"
"Z","37","Transportation Equipment","3711 - 3799",1964,"SIC_1987"
"AA","371","Motor Vehicles and Equipment","3711 - 3716",1964,"SIC_1987"
"AB","372","Aircraft and Parts","3721 - 3728, 3761 - 3769",1964,"SIC_1987"
"AC","38","Instruments and Related Products","3812 - 3873",1964,"SIC_1987"
"AD","39&19","Miscellaneous Manufacturing and Ordnance","3911 - 3999",1964,"SIC_1987"
"AE - AG","98","Nondurable Goods","2011 - 2399, 2611 - 3199",1964,"SIC_1987"
"AH - AJ","99","Durable Goods","2411 - 2599, 3211 - 3999",1964,"SIC_1987"
"AK - AT","20.-39.","All Manufacturing Corporations, Except Newspapers","2011 - 3999",1964,"SIC_1987"
"AU","331-2","Primary Iron and Steel","3312 - 3325, 3398 - 3399",1964,"SIC_1987"
"AV","333-6","Primary Nonferrous Metals","3331 - 3369",1964,"SIC_1987"
"B","20","Food and Kindred Products","2011 - 2099",1965,"SIC_1987"
"C","202","Dairy Products","2021 - 2026",1965,"SIC_1987"
"D","205","Bakery Products","2051 - 2053",1965,"SIC_1987"
"E","2082-5","Alcoholic beverages","2082 - 2085",1965,"SIC_1987"
"F","21","Tobacco Manufactures","2111 - 2141",1965,"SIC_1987"
"G","22","Textile Mill Products","2211 - 2299",1965,"SIC_1987"
"H","23","Apparel and Other Finished Products","2311 - 2399",1965,"SIC_1987"
"I","24","Lumber and Wood Products, except Furniture","2411 - 2499",1965,"SIC_1987"
"J","25","Furniture and Fixtures","2511 - 2599",1965,"SIC_1987"
"K","26","Paper and Allied Products","2611 - 2679",1965,"SIC_1987"
"L","27","Printing and Publishing, except newspapers","2721 - 2796",1965,"SIC_1987"
"M","28","Chemicals and Allied Products","2812 - 2899",1965,"SIC_1987"
"N","281-2","Basic Chemicals","2812 - 2819, 2823 - 2824, 2861 - 2869",1965,"SIC_1987"
"O","283","Drugs","2833 - 2836",1965,"SIC_1987"
"P","29","Petroleum Refining and related Industries","2911 - 2999",1965,"SIC_1987"
"Q","291","Petroleum Refining","2911",1965,"SIC_1987"
"R","30","Rubber and Misc. Plastics Products","3011 - 3089",1965,"SIC_1987"
"S","31","Leather and Leather Products","3111 - 3199",1965,"SIC_1987"
"T","32","Stone, Clay, and Glass Products","3211 - 3299",1965,"SIC_1987"
"U","33","Primary Metal Industries","3312 - 3399",1965,"SIC_1987"
"V","34","Other Fabricated Metal Products","3411 - 3499",1965,"SIC_1987"
"W","35","Other Machinery","3511 - 3599",1965,"SIC_1987"
"X","354","Metalworking Machinery and Equipment","3541 - 3549",1965,"SIC_1987"
"Y","36","Electrical Machinery, Equipment, and Supplies","3612 - 3699",1965,"SIC_1987"
"Z","37","Transportation Equipment","3711 - 3799",1965,"SIC_1987"
"AA","371","Motor Vehicles and Equipment","3711 - 3716",1965,"SIC_1987"
"AB","372","Aircraft and Parts","3721 - 3728, 3761 - 3769",1965,"SIC_1987"
"AC","38","Instruments and Related Products","3812 - 3873",1965,"SIC_1987"
"AD","39&19","Miscellaneous Manufacturing and Ordnance","3911 - 3999",1965,"SIC_1987"
"AE - AG","98","Nondurable Goods","2011 - 2399, 2611 - 3199",1965,"SIC_1987"
"AH - AJ","99","Durable Goods","2411 - 2599, 3211 - 3999",1965,"SIC_1987"
"AK - AT","20.-39.","All Manufacturing Corporations, Except Newspapers","2011 - 3999",1965,"SIC_1987"
"AU","331-2","Primary Iron and Steel","3312 - 3325, 3398 - 3399",1965,"SIC_1987"
"AV","333-6","Primary Nonferrous Metals","3331 - 3369",1965,"SIC_1987"
"B","20","Food and Kindred Products","2011 - 2099",1966,"SIC_1987"
"C","202","Dairy Products","2021 - 2026",1966,"SIC_1987"
"D","205","Bakery Products","2051 - 2053",1966,"SIC_1987"
"E","2082-5","Alcoholic beverages","2082 - 2085",1966,"SIC_1987"
"F","21","Tobacco Manufactures","2111 - 2141",1966,"SIC_1987"
"G","22","Textile Mill Products","2211 - 2299",1966,"SIC_1987"
"H","23","Apparel and Other Finished Products","2311 - 2399",1966,"SIC_1987"
"I","24","Lumber and Wood Products, except Furniture","2411 - 2499",1966,"SIC_1987"
"J","25","Furniture and Fixtures","2511 - 2599",1966,"SIC_1987"
"K","26","Paper and Allied Products","2611 - 2679",1966,"SIC_1987"
"L","27","Printing and Publishing, except newspapers","2721 - 2796",1966,"SIC_1987"
"M","28","Chemicals and Allied Products","2812 - 2899",1966,"SIC_1987"
"N","281-2","Basic Chemicals","2812 - 2819, 2823 - 2824, 2861 - 2869",1966,"SIC_1987"
"O","283","Drugs","2833 - 2836",1966,"SIC_1987"
"P","29","Petroleum Refining and related Industries","2911 - 2999",1966,"SIC_1987"
"Q","291","Petroleum Refining","2911",1966,"SIC_1987"
"R","30","Rubber and Misc. Plastics Products","3011 - 3089",1966,"SIC_1987"
"S","31","Leather and Leather Products","3111 - 3199",1966,"SIC_1987"
"T","32","Stone, Clay, and Glass Products","3211 - 3299",1966,"SIC_1987"
"U","33","Primary Metal Industries","3312 - 3399",1966,"SIC_1987"
"V","34","Other Fabricated Metal Products","3411 - 3499",1966,"SIC_1987"
"W","35","Other Machinery","3511 - 3599",1966,"SIC_1987"
"X","354","Metalworking Machinery and Equipment","3541 - 3549",1966,"SIC_1987"
"Y","36","Electrical Machinery, Equipment, and Supplies","3612 - 3699",1966,"SIC_1987"
"Z","37","Transportation Equipment","3711 - 3799",1966,"SIC_1987"
"AA","371","Motor Vehicles and Equipment","3711 - 3716",1966,"SIC_1987"
"AB","372","Aircraft and Parts","3721 - 3728, 3761 - 3769",1966,"SIC_1987"
"AC","38","Instruments and Related Products","3812 - 3873",1966,"SIC_1987"
"AD","39&19","Miscellaneous Manufacturing and Ordnance","3911 - 3999",1966,"SIC_1987"
"AE - AG","98","Nondurable Goods","2011 - 2399, 2611 - 3199",1966,"SIC_1987"
"AH - AJ","99","Durable Goods","2411 - 2599, 3211 - 3999",1966,"SIC_1987"
"AK - AT","20.-39.","All Manufacturing Corporations, Except Newspapers","2011 - 3999",1966,"SIC_1987"
"AU","331-2","Primary Iron and Steel","3312 - 3325, 3398 - 3399",1966,"SIC_1987"
"AV","333-6","Primary Nonferrous Metals","3331 - 3369",1966,"SIC_1987"
"B","20","Food and Kindred Products","2011 - 2099",1967,"SIC_1987"
"C","202","Dairy Products","2021 - 2026",1967,"SIC_1987"
"D","205","Bakery Products","2051 - 2053",1967,"SIC_1987"
"E","2082-5","Alcoholic beverages","2082 - 2085",1967,"SIC_1987"
"F","21","Tobacco Manufactures","2111 - 2141",1967,"SIC_1987"
"G","22","Textile Mill Products","2211 - 2299",1967,"SIC_1987"
"H","23","Apparel and Other Finished Products","2311 - 2399",1967,"SIC_1987"
"I","24","Lumber and Wood Products, except Furniture","2411 - 2499",1967,"SIC_1987"
"J","25","Furniture and Fixtures","2511 - 2599",1967,"SIC_1987"
"K","26","Paper and Allied Products","2611 - 2679",1967,"SIC_1987"
"L","27","Printing and Publishing, except newspapers","2721 - 2796",1967,"SIC_1987"
"M","28","Chemicals and Allied Products","2812 - 2899",1967,"SIC_1987"
"N","281-2","Basic Chemicals","2812 - 2819, 2823 - 2824, 2861 - 2869",1967,"SIC_1987"
"O","283","Drugs","2833 - 2836",1967,"SIC_1987"
"P","29","Petroleum Refining and related Industries","2911 - 2999",1967,"SIC_1987"
"Q","291","Petroleum Refining","2911",1967,"SIC_1987"
"R","30","Rubber and Misc. Plastics Products","3011 - 3089",1967,"SIC_1987"
"S","31","Leather and Leather Products","3111 - 3199",1967,"SIC_1987"
"T","32","Stone, Clay, and Glass Products","3211 - 3299",1967,"SIC_1987"
"U","33","Primary Metal Industries","3312 - 3399",1967,"SIC_1987"
"V","34","Other Fabricated Metal Products","3411 - 3499",1967,"SIC_1987"
"W","35","Other Machinery","3511 - 3599",1967,"SIC_1987"
"X","354","Metalworking Machinery and Equipment","3541 - 3549",1967,"SIC_1987"
"Y","36","Electrical Machinery, Equipment, and Supplies","3612 - 3699",1967,"SIC_1987"
"Z","37","Transportation Equipment","3711 - 3799",1967,"SIC_1987"
"AA","371","Motor Vehicles and Equipment","3711 - 3716",1967,"SIC_1987"
"AB","372","Aircraft and Parts","3721 - 3728, 3761 - 3769",1967,"SIC_1987"
"AC","38","Instruments and Related Products","3812 - 3873",1967,"SIC_1987"
"AD","39&19","Miscellaneous Manufacturing and Ordnance","3911 - 3999",1967,"SIC_1987"
"AE - AG","98","Nondurable Goods","2011 - 2399, 2611 - 3199",1967,"SIC_1987"
"AH - AJ","99","Durable Goods","2411 - 2599, 3211 - 3999",1967,"SIC_1987"
"AK - AT","20.-39.","All Manufacturing Corporations, Except Newspapers","2011 - 3999",1967,"SIC_1987"
"AU","331-2","Primary Iron and Steel","3312 - 3325, 3398 - 3399",1967,"SIC_1987"
"AV","333-6","Primary Nonferrous Metals","3331 - 3369",1967,"SIC_1987"
"B","20","Food and Kindred Products","2011 - 2099",1968,"SIC_1987"
"C","202","Dairy Products","2021 - 2026",1968,"SIC_1987"
"D","205","Bakery Products","2051 - 2053",1968,"SIC_1987"
"E","2082-5","Alcoholic beverages","2082 - 2085",1968,"SIC_1987"
"F","21","Tobacco Manufactures","2111 - 2141",1968,"SIC_1987"
"G","22","Textile Mill Products","2211 - 2299",1968,"SIC_1987"
"H","23","Apparel and Other Finished Products","2311 - 2399",1968,"SIC_1987"
"I","24","Lumber and Wood Products, except Furniture","2411 - 2499",1968,"SIC_1987"
"J","25","Furniture and Fixtures","2511 - 2599",1968,"SIC_1987"
"K","26","Paper and Allied Products","2611 - 2679",1968,"SIC_1987"
"L","27","Printing and Publishing, except newspapers","2721 - 2796",1968,"SIC_1987"
"M","28","Chemicals and Allied Products","2812 - 2899",1968,"SIC_1987"
"N","281-2","Basic Chemicals","2812 - 2819, 2823 - 2824, 2861 - 2869",1968,"SIC_1987"
"O","283","Drugs","2833 - 2836",1968,"SIC_1987"
"P","29","Petroleum Refining and related Industries","2911 - 2999",1968,"SIC_1987"
"Q","291","Petroleum Refining","2911",1968,"SIC_1987"
"R","30","Rubber and Misc. Plastics Products","3011 - 3089",1968,"SIC_1987"
"S","31","Leather and Leather Products","3111 - 3199",1968,"SIC_1987"
"T","32","Stone, Clay, and Glass Products","3211 - 3299",1968,"SIC_1987"
"U","33","Primary Metal Industries","3312 - 3399",1968,"SIC_1987"
"V","34","Other Fabricated Metal Products","3411 - 3499",1968,"SIC_1987"
"W","35","Other Machinery","3511 - 3599",1968,"SIC_1987"
"X","354","Metalworking Machinery and Equipment","3541 - 3549",1968,"SIC_1987"
"Y","36","Electrical Machinery, Equipment, and Supplies","3612 - 3699",1968,"SIC_1987"
"Z","37","Transportation Equipment","3711 - 3799",1968,"SIC_1987"
"AA","371","Motor Vehicles and Equipment","3711 - 3716",1968,"SIC_1987"
"AB","372","Aircraft and Parts","3721 - 3728, 3761 - 3769",1968,"SIC_1987"
"AC","38","Instruments and Related Products","3812 - 3873",1968,"SIC_1987"
"AD","39&19","Miscellaneous Manufacturing and Ordnance","3911 - 3999",1968,"SIC_1987"
"AE - AG","98","Nondurable Goods","2011 - 2399, 2611 - 3199",1968,"SIC_1987"
"AH - AJ","99","Durable Goods","2411 - 2599, 3211 - 3999",1968,"SIC_1987"
"AK - AT","20.-39.","All Manufacturing Corporations, Except Newspapers","2011 - 3999",1968,"SIC_1987"
"AU","331-2","Primary Iron and Steel","3312 - 3325, 3398 - 3399",1968,"SIC_1987"
"AV","333-6","Primary Nonferrous Metals","3331 - 3369",1968,"SIC_1987"
"B","20","Food and Kindred Products","2011 - 2099",1969,"SIC_1987"
"C","202","Dairy Products","2021 - 2026",1969,"SIC_1987"
"D","205","Bakery Products","2051 - 2053",1969,"SIC_1987"
"E","2082-5","Alcoholic beverages","2082 - 2085",1969,"SIC_1987"
"F","21","Tobacco Products","2111 - 2141",1969,"SIC_1987"
"G","22","Textile Mill Products","2211 - 2299",1969,"SIC_1987"
"H","23","Apparel and Other Finished Products","2311 - 2399",1969,"SIC_1987"
"I","24","Lumber and Wood Products, except Furniture","2411 - 2499",1969,"SIC_1987"
"J","25","Furniture and Fixtures","2511 - 2599",1969,"SIC_1987"
"K","26","Paper and Allied Products","2611 - 2679",1969,"SIC_1987"
"L","27","Printing and Publishing","2711 - 2796",1969,"SIC_1987"
"M","28","Chemicals and Allied Products","2812 - 2899",1969,"SIC_1987"
"N","28.100000000000001","Basic Chemicals","2812 - 2819, 2823 - 2824, 2861 - 2869",1969,"SIC_1987"
"O","28.300000000000001","Drugs","2833 - 2836",1969,"SIC_1987"
"P","29","Petroleum Refining and related Industries","2911 - 2999",1969,"SIC_1987"
"Q","291","Petroleum Refining","2911",1969,"SIC_1987"
"R","30","Rubber and Misc. Plastics Products","3011 - 3089",1969,"SIC_1987"
"S","31","Leather and Leather Products","3111 - 3199",1969,"SIC_1987"
"T","32","Stone, Clay, and Glass Products","3211 - 3299",1969,"SIC_1987"
"U","33","Primary Metal Industries","3312 - 3399",1969,"SIC_1987"
"V","34","Fabricated Metal Products","3411 - 3499",1969,"SIC_1987"
"W","35","Machinery, Except Electrical","3511 - 3599",1969,"SIC_1987"
"X","354","Metalworking Machinery and Equipment","3541 - 3549",1969,"SIC_1987"
"Y","36","Electrical and Electronic Equipment","3612 - 3699",1969,"SIC_1987"
"Z","37","Transportation Equipment","3711 - 3799",1969,"SIC_1987"
"AA","37.100000000000001","Motor Vehicles and Equipment","3711 - 3716",1969,"SIC_1987"
"AB","37.700000000000003","Aircraft and Parts","3721 - 3728, 3761 - 3769",1969,"SIC_1987"
"AC","38","Instruments and Related Products","3812 - 3873",1969,"SIC_1987"
"AD","39","Miscellaneous Manufacturing","3911 - 3999",1969,"SIC_1987"
"AE - AG","98","All Nondurable Manufacturing Industries","2011 - 2399, 2611 - 3199",1969,"SIC_1987"
"AH - AJ","99","All Durable Manufacturing Industries","2411 - 2599, 3211 - 3999",1969,"SIC_1987"
"AK - AS","20.-39.","All Manufacturing","2011 - 3999",1969,"SIC_1987"
"AT","33.1-33.2","Iron and Steel","3312 - 3325, 3398 - 3399",1969,"SIC_1987"
"AU","33.5-33.6","Nonferrous Metals","3331 - 3369",1969,"SIC_1987"
"B","20","Food and Kindred Products","2011 - 2099",1970,"SIC_1987"
"C","202","Dairy Products","2021 - 2026",1970,"SIC_1987"
"D","205","Bakery Products","2051 - 2053",1970,"SIC_1987"
"E","2082-5","Alcoholic beverages","2082 - 2085",1970,"SIC_1987"
"F","21","Tobacco Manufactures","2111 - 2141",1970,"SIC_1987"
"G","22","Textile Mill Products","2211 - 2299",1970,"SIC_1987"
"H","23","Apparel and Other Finished Products","2311 - 2399",1970,"SIC_1987"
"I","24","Lumber and Wood Products, except Furniture","2411 - 2499",1970,"SIC_1987"
"J","25","Furniture and Fixtures","2511 - 2599",1970,"SIC_1987"
"K","26","Paper and Allied Products","2611 - 2679",1970,"SIC_1987"
"L","27","Printing and Publishing","2711 - 2796",1970,"SIC_1987"
"M","28","Chemicals and Allied Products","2812 - 2899",1970,"SIC_1987"
"N","281","Basic Chemicals","2812 - 2819, 2823 - 2824, 2861 - 2869",1970,"SIC_1987"
"O","283","Drugs","2833 - 2836",1970,"SIC_1987"
"P","29","Petroleum Refining and related industries","2911 - 2999",1970,"SIC_1987"
"Q","291","Petroleum Refining","2911",1970,"SIC_1987"
"R","30","Rubber and Misc. Plastics Products","3011 - 3089",1970,"SIC_1987"
"S","31","Leather and Leather Products","3111 - 3199",1970,"SIC_1987"
"T","32","Stone, Clay, and Glass Products","3211 - 3299",1970,"SIC_1987"
"U","33","Primary Metal Industries","3312 - 3399",1970,"SIC_1987"
"V","34","Fabricated Metal Products","3411 - 3499",1970,"SIC_1987"
"W","35","Machinery, Except Electrical","3511 - 3599",1970,"SIC_1987"
"X","354","Metalworking Machinery and Equipment","3541 - 3549",1970,"SIC_1987"
"Y","36","Electrical and Electronic Equipment","3612 - 3699",1970,"SIC_1987"
"Z","37","Transportation Equipment","3711 - 3799",1970,"SIC_1987"
"AA","371","Motor Vehicles and Equipment","3711 - 3716",1970,"SIC_1987"
"AB","372","Aircraft and Parts","3721 - 3728, 3761 - 3769",1970,"SIC_1987"
"AC","38","Instruments and Related Products","3812 - 3873",1970,"SIC_1987"
"AD","39","Miscellaneous Manufacturing","3911 - 3999",1970,"SIC_1987"
"AE - AG","98","All Nondurable Manufacturing Industries","2011 - 2399, 2611 - 3199",1970,"SIC_1987"
"AH - AJ","99","All Durable Manufacturing Industries","2411 - 2599, 3211 - 3999",1970,"SIC_1987"
"AK - AS","20.-39.","All Manufacturing","2011 - 3999",1970,"SIC_1987"
"AT","331","Primaary Iron and Steel","3312 - 3325, 3398 - 3399",1970,"SIC_1987"
"AU","333","Primary Nonferrous Metals","3331 - 3369",1970,"SIC_1987"
"B","20","Food and Kindred Products","2011 - 2099",1971,"SIC_1987"
"C","202","Dairy Products","2021 - 2026",1971,"SIC_1987"
"D","205","Bakery Products","2051 - 2053",1971,"SIC_1987"
"E","2082-5","Alcoholic beverages","2082 - 2085",1971,"SIC_1987"
"F","21","Tobacco Manufactures","2111 - 2141",1971,"SIC_1987"
"G","22","Textile Mill Products","2211 - 2299",1971,"SIC_1987"
"H","23","Apparel and Other Finished Products","2311 - 2399",1971,"SIC_1987"
"I","24","Lumber and Wood Products, except Furniture","2411 - 2499",1971,"SIC_1987"
"J","25","Furniture and Fixtures","2511 - 2599",1971,"SIC_1987"
"K","26","Paper and Allied Products","2611 - 2679",1971,"SIC_1987"
"L","27","Printing and Publishing","2711 - 2796",1971,"SIC_1987"
"M","28","Chemicals and Allied Products","2812 - 2899",1971,"SIC_1987"
"N","281","Basic Chemicals","2812 - 2819, 2823 - 2824, 2861 - 2869",1971,"SIC_1987"
"O","283","Drugs","2833 - 2836",1971,"SIC_1987"
"P","29","Petroleum Refining and related industries","2911 - 2999",1971,"SIC_1987"
"Q","291","Petroleum Refining","2911",1971,"SIC_1987"
"R","30","Rubber and Misc. Plastics Products","3011 - 3089",1971,"SIC_1987"
"S","31","Leather and Leather Products","3111 - 3199",1971,"SIC_1987"
"T","32","Stone, Clay, and Glass Products","3211 - 3299",1971,"SIC_1987"
"U","33","Primary Metal Industries","3312 - 3399",1971,"SIC_1987"
"V","34","Fabricated Metal Products","3411 - 3499",1971,"SIC_1987"
"W","35","Machinery, Except Electrical","3511 - 3599",1971,"SIC_1987"
"X","354","Metalworking Machinery and Equipment","3541 - 3549",1971,"SIC_1987"
"Y","36","Electrical and Electronic Equipment","3612 - 3699",1971,"SIC_1987"
"Z","37","Transportation Equipment","3711 - 3799",1971,"SIC_1987"
"AA","371","Motor Vehicles and Equipment","3711 - 3716",1971,"SIC_1987"
"AB","372","Aircraft and Parts","3721 - 3728, 3761 - 3769",1971,"SIC_1987"
"AC","38","Instruments and Related Products","3812 - 3873",1971,"SIC_1987"
"AD","39","Miscellaneous Manufacturing","3911 - 3999",1971,"SIC_1987"
"AE - AG","98","All Nondurable Manufacturing Industries","2011 - 2399, 2611 - 3199",1971,"SIC_1987"
"AH - AJ","99","All Durable Manufacturing Industries","2411 - 2599, 3211 - 3999",1971,"SIC_1987"
"AK - AS","20.-39.","All Manufacturing","2011 - 3999",1971,"SIC_1987"
"AT","331","Primaary Iron and Steel","3312 - 3325, 3398 - 3399",1971,"SIC_1987"
"AU","333","Primary Nonferrous Metals","3331 - 3369",1971,"SIC_1987"
"B","20","Food and Kindred Products","2011 - 2099",1972,"SIC_1987"
"C","202","Dairy Products","2021 - 2026",1972,"SIC_1987"
"D","205","Bakery Products","2051 - 2053",1972,"SIC_1987"
"E","2082-5","Alcoholic beverages","2082 - 2085",1972,"SIC_1987"
"F","21","Tobacco Manufactures","2111 - 2141",1972,"SIC_1987"
"G","22","Textile Mill Products","2211 - 2299",1972,"SIC_1987"
"H","23","Apparel and Other Finished Products","2311 - 2399",1972,"SIC_1987"
"I","24","Lumber and Wood Products, except Furniture","2411 - 2499",1972,"SIC_1987"
"J","25","Furniture and Fixtures","2511 - 2599",1972,"SIC_1987"
"K","26","Paper and Allied Products","2611 - 2679",1972,"SIC_1987"
"L","27","Printing and Publishing","2711 - 2796",1972,"SIC_1987"
"M","28","Chemicals and Allied Products","2812 - 2899",1972,"SIC_1987"
"N","281","Basic Chemicals","2812 - 2819, 2823 - 2824, 2861 - 2869",1972,"SIC_1987"
"O","283","Drugs","2833 - 2836",1972,"SIC_1987"
"P","29","Petroleum Refining and related industries","2911 - 2999",1972,"SIC_1987"
"Q","291","Petroleum Refining","2911",1972,"SIC_1987"
"R","30","Rubber and Misc. Plastics Products","3011 - 3089",1972,"SIC_1987"
"S","31","Leather and Leather Products","3111 - 3199",1972,"SIC_1987"
"T","32","Stone, Clay, and Glass Products","3211 - 3299",1972,"SIC_1987"
"U","33","Primary Metal Industries","3312 - 3399",1972,"SIC_1987"
"V","34","Fabricated Metal Products","3411 - 3499",1972,"SIC_1987"
"W","35","Machinery, Except Electrical","3511 - 3599",1972,"SIC_1987"
"X","354","Metalworking Machinery and Equipment","3541 - 3549",1972,"SIC_1987"
"Y","36","Electrical and Electronic Equipment","3612 - 3699",1972,"SIC_1987"
"Z","37","Transportation Equipment","3711 - 3799",1972,"SIC_1987"
"AA","371","Motor Vehicles and Equipment","3711 - 3716",1972,"SIC_1987"
"AB","372","Aircraft and Parts","3721 - 3728, 3761 - 3769",1972,"SIC_1987"
"AC","38","Instruments and Related Products","3812 - 3873",1972,"SIC_1987"
"AD","39","Miscellaneous Manufacturing","3911 - 3999",1972,"SIC_1987"
"AE - AG","98","All Nondurable Manufacturing Industries","2011 - 2399, 2611 - 3199",1972,"SIC_1987"
"AH - AJ","99","All Durable Manufacturing Industries","2411 - 2599, 3211 - 3999",1972,"SIC_1987"
"AK - AT","20.-39.","All Manufacturing","2011 - 3999",1972,"SIC_1987"
"AU","331","Primaary Iron and Steel","3312 - 3325, 3398 - 3399",1972,"SIC_1987"
"AV","333","Primary Nonferrous Metals","3331 - 3369",1972,"SIC_1987"
"B","20","Food and Kindred Products","2011 - 2099",1973,"SIC_1987"
"C","202","Dairy Products","2021 - 2026",1973,"SIC_1987"
"D","205","Bakery Products","2051 - 2053",1973,"SIC_1987"
"E","2082-5","Alcoholic beverages","2082 - 2085",1973,"SIC_1987"
"F","21","Tobacco Manufactures","2111 - 2141",1973,"SIC_1987"
"G","22","Textile Mill Products","2211 - 2299",1973,"SIC_1987"
"H","23","Apparel and Other Finished Products","2311 - 2399",1973,"SIC_1987"
"I","24","Lumber and Wood Products, except Furniture","2411 - 2499",1973,"SIC_1987"
"J","25","Furniture and Fixtures","2511 - 2599",1973,"SIC_1987"
"K","26","Paper and Allied Products","2611 - 2679",1973,"SIC_1987"
"L","27","Printing and Publishing","2711 - 2796",1973,"SIC_1987"
"M","28","Chemicals and Allied Products","2812 - 2899",1973,"SIC_1987"
"N","281","Basic Chemicals","2812 - 2819, 2823 - 2824, 2861 - 2869",1973,"SIC_1987"
"O","283","Drugs","2833 - 2836",1973,"SIC_1987"
"P","29","Petroleum Refining and related industries","2911 - 2999",1973,"SIC_1987"
"Q","291","Petroleum Refining","2911",1973,"SIC_1987"
"R","30","Rubber and Misc. Plastics Products","3011 - 3089",1973,"SIC_1987"
"S","31","Leather and Leather Products","3111 - 3199",1973,"SIC_1987"
"T","32","Stone, Clay, and Glass Products","3211 - 3299",1973,"SIC_1987"
"U","33","Primary Metal Industries","3312 - 3399",1973,"SIC_1987"
"V","34","Fabricated Metal Products","3411 - 3499",1973,"SIC_1987"
"W","35","Machinery, Except Electrical","3511 - 3599",1973,"SIC_1987"
"X","354","Metalworking Machinery and Equipment","3541 - 3549",1973,"SIC_1987"
"Y","36","Electrical and Electronic Equipment","3612 - 3699",1973,"SIC_1987"
"Z","37","Transportation Equipment","3711 - 3799",1973,"SIC_1987"
"AA","371","Motor Vehicles and Equipment","3711 - 3716",1973,"SIC_1987"
"AB","372","Aircraft and Parts","3721 - 3728, 3761 - 3769",1973,"SIC_1987"
"AC","38","Instruments and Related Products","3812 - 3873",1973,"SIC_1987"
"AD","39","Miscellaneous Manufacturing","3911 - 3999",1973,"SIC_1987"
"AE - AG","98","All Nondurable Manufacturing Industries","2011 - 2399, 2611 - 3199",1973,"SIC_1987"
"AH - AJ","99","All Durable Manufacturing Industries","2411 - 2599, 3211 - 3999",1973,"SIC_1987"
"AK - AS","20.-39.","All Manufacturing","2011 - 3999",1973,"SIC_1987"
"AT","331","Primaary Iron and Steel","3312 - 3325, 3398 - 3399",1973,"SIC_1987"
"AU","333","Primary Nonferrous Metals","3331 - 3369",1973,"SIC_1987"
"B","20","Food and Kindred Products","2011 - 2099",1974,"SIC_1987"
"C","21","Tobacco Manufactures","2101 - 2141",1974,"SIC_1987"
"D","22","Textile Mill Products","2211 - 2299",1974,"SIC_1987"
"E","26","Paper and Allied Products","2611 - 2679",1974,"SIC_1987"
"F","27","Printing and Publishing","2711 - 2796",1974,"SIC_1987"
"G","28","Chemicals and Allied Products","2812 - 2899",1974,"SIC_1987"
"H","28.100000000000001","Industrial Chemicals and Synthetics","2812 - 2819, 2823 - 2824, 2861 - 2869",1974,"SIC_1987"
"I","28.300000000000001","Drugs","2833 - 2836",1974,"SIC_1987"
"J","29","Petroleum and Coal Products","2911 - 2999",1974,"SIC_1987"
"K","30","Rubber and Misc. Plastics Products","3011 - 3089",1974,"SIC_1987"
"L","32","Stone, Clay, and Glass Products","3211 - 3299",1974,"SIC_1987"
"M","33","Primary Metal Industries","3312 - 3399",1974,"SIC_1987"
"N","34","Fabricated Metal Products","3411 - 3499",1974,"SIC_1987"
"O","35","Machinery, Except Electrical","3511 - 3599",1974,"SIC_1987"
"P","36","Electrical and Electronic Equipment","3612 - 3699",1974,"SIC_1987"
"Q","37","Transportation Equipment","3711 - 3799",1974,"SIC_1987"
"R","37.100000000000001","Motor Vehicles and Equipment","3711 - 3716",1974,"SIC_1987"
"S","37.700000000000003","Aircraft, Guided Missiles, and Parts","3721 - 3728, 3761 - 3769",1974,"SIC_1987"
"T","38","Instruments and Related Products","3812 - 3873",1974,"SIC_1987"
"U - W","98","All Nondurable Manufacturing Corporations","2011 - 2399, 2611 - 3199",1974,"SIC_1987"
"X","98.099999999999994","Other Nondurable Manufacturing Products","2311 - 2399, 3111 - 3199",1974,"SIC_1987"
"Y - AA","99","All Durable Manufacturing Corporations","2411 - 2599, 3211 - 3999",1974,"SIC_1987"
"AB","99.099999999999994","Other Durable Manufacturing Products","2411 - 2599, 3911 - 3999",1974,"SIC_1987"
"AC","10.-14.","All Mining Corporations","1011 - 1499",1974,"SIC_1987"
"AD - AM","20.-39.","All Manufacturing Corporations","2011 - 3999",1974,"SIC_1987"
"AN","33.1-33.2","Iron and Steel","3312 - 3325, 3398 - 3399",1974,"SIC_1987"
"AO","33.5-33.6","Nonferrous Metals","3331 - 3369",1974,"SIC_1987"
"AP","50.-51.","All Wholesale Trade Corporations","5012 - 5199",1974,"SIC_1987"
"AQ","53.-59.","All Retail Trade Corporations","5311 - 5999",1974,"SIC_1987"
"B","20","Food and Kindred Products","2011 - 2099",1975,"SIC_1987"
"C","21","Tobacco Manufactures","2101 - 2141",1975,"SIC_1987"
"D","22","Textile Mill Products","2211 - 2299",1975,"SIC_1987"
"E","26","Paper and Allied Products","2611 - 2679",1975,"SIC_1987"
"F","27","Printing and Publishing","2711 - 2796",1975,"SIC_1987"
"G","28","Chemicals and Allied Products","2812 - 2899",1975,"SIC_1987"
"H","28.100000000000001","Industrial Chemicals and Synthetics","2812 - 2819, 2823 - 2824, 2861 - 2869",1975,"SIC_1987"
"I","28.300000000000001","Drugs","2833 - 2836",1975,"SIC_1987"
"J","29","Petroleum and Coal Products","2911 - 2999",1975,"SIC_1987"
"K","30","Rubber and Misc. Plastics Products","3011 - 3089",1975,"SIC_1987"
"L","32","Stone, Clay, and Glass Products","3211 - 3299",1975,"SIC_1987"
"M","33","Primary Metal Industries","3312 - 3399",1975,"SIC_1987"
"N","34","Fabricated Metal Products","3411 - 3499",1975,"SIC_1987"
"O","35","Machinery, Except Electrical","3511 - 3599",1975,"SIC_1987"
"P","36","Electrical and Electronic Equipment","3612 - 3699",1975,"SIC_1987"
"Q","37","Transportation Equipment","3711 - 3799",1975,"SIC_1987"
"R","37.100000000000001","Motor Vehicles and Equipment","3711 - 3716",1975,"SIC_1987"
"S","37.700000000000003","Aircraft, Guided Missiles, and Parts","3721 - 3728, 3761 - 3769",1975,"SIC_1987"
"T","38","Instruments and Related Products","3812 - 3873",1975,"SIC_1987"
"U - W","98","All Nondurable Manufacturing Corporations","2011 - 2399, 2611 - 3199",1975,"SIC_1987"
"X","98.099999999999994","Other Nondurable Manufacturing Products","2311 - 2399, 3111 - 3199",1975,"SIC_1987"
"Y - AA","99","All Durable Manufacturing Corporations","2411 - 2599, 3211 - 3999",1975,"SIC_1987"
"AB","99.099999999999994","Other Durable Manufacturing Products","2411 - 2599, 3911 - 3999",1975,"SIC_1987"
"AC","10.-14.","All Mining Corporations","1011 - 1499",1975,"SIC_1987"
"AD - AM","20.-39.","All Manufacturing Corporations","2011 - 3999",1975,"SIC_1987"
"AN","33.1-33.2","Iron and Steel","3312 - 3325, 3398 - 3399",1975,"SIC_1987"
"AO","33.5-33.6","Nonferrous Metals","3331 - 3369",1975,"SIC_1987"
"AP","50.-51.","All Wholesale Trade Corporations","5012 - 5199",1975,"SIC_1987"
"AQ","53.-59.","All Retail Trade Corporations","5311 - 5999",1975,"SIC_1987"
"B","20","Food and Kindred Products","2011 - 2099",1976,"SIC_1987"
"C","21","Tobacco Manufactures","2101 - 2141",1976,"SIC_1987"
"D","22","Textile Mill Products","2211 - 2299",1976,"SIC_1987"
"E","26","Paper and Allied Products","2611 - 2679",1976,"SIC_1987"
"F","27","Printing and Publishing","2711 - 2796",1976,"SIC_1987"
"G","28","Chemicals and Allied Products","2812 - 2899",1976,"SIC_1987"
"H","28.100000000000001","Industrial Chemicals and Synthetics","2812 - 2819, 2823 - 2824, 2861 - 2869",1976,"SIC_1987"
"I","28.300000000000001","Drugs","2833 - 2836",1976,"SIC_1987"
"J","29","Petroleum and Coal Products","2911 - 2999",1976,"SIC_1987"
"K","30","Rubber and Misc. Plastics Products","3011 - 3089",1976,"SIC_1987"
"L","32","Stone, Clay, and Glass Products","3211 - 3299",1976,"SIC_1987"
"M","33","Primary Metal Industries","3312 - 3399",1976,"SIC_1987"
"N","34","Fabricated Metal Products","3411 - 3499",1976,"SIC_1987"
"O","35","Machinery, Except Electrical","3511 - 3599",1976,"SIC_1987"
"P","36","Electrical and Electronic Equipment","3612 - 3699",1976,"SIC_1987"
"Q","37","Transportation Equipment","3711 - 3799",1976,"SIC_1987"
"R","37.100000000000001","Motor Vehicles and Equipment","3711 - 3716",1976,"SIC_1987"
"S","37.700000000000003","Aircraft, Guided Missiles, and Parts","3721 - 3728, 3761 - 3769",1976,"SIC_1987"
"T","38","Instruments and Related Products","3812 - 3873",1976,"SIC_1987"
"U - W","98","All Nondurable Manufacturing Corporations","2011 - 2399, 2611 - 3199",1976,"SIC_1987"
"X","98.099999999999994","Other Nondurable Manufacturing Products","2311 - 2399, 3111 - 3199",1976,"SIC_1987"
"Y - AA","99","All Durable Manufacturing Corporations","2411 - 2599, 3211 - 3999",1976,"SIC_1987"
"AB","99.099999999999994","Other Durable Manufacturing Products","2411 - 2599, 3911 - 3999",1976,"SIC_1987"
"AC","10.-14.","All Mining Corporations","1011 - 1499",1976,"SIC_1987"
"AD - AM","20.-39.","All Manufacturing Corporations","2011 - 3999",1976,"SIC_1987"
"AN","33.1,2","Iron and Steel","3312 - 3325, 3398 - 3399",1976,"SIC_1987"
"AO","33.5,6","Nonferrous Metals","3331 - 3369",1976,"SIC_1987"
"AP","50.-51.","All Wholesale Trade Corporations","5012 - 5199",1976,"SIC_1987"
"AQ","53.-59.","All Retail Trade Corporations","5311 - 5999",1976,"SIC_1987"
"B","20","Food and Kindred Products","2011 - 2099",1977,"SIC_1987"
"C","21","Tobacco Manufactures","2101 - 2141",1977,"SIC_1987"
"D","22","Textile Mill Products","2211 - 2299",1977,"SIC_1987"
"E","26","Paper and Allied Products","2611 - 2679",1977,"SIC_1987"
"F","27","Printing and Publishing","2711 - 2796",1977,"SIC_1987"
"G","28","Chemicals and Allied Products","2812 - 2899",1977,"SIC_1987"
"H","28.100000000000001","Industrial Chemicals and Synthetics","2812 - 2819, 2823 - 2824, 2861 - 2869",1977,"SIC_1987"
"I","28.300000000000001","Drugs","2833 - 2836",1977,"SIC_1987"
"J","29","Petroleum and Coal Products","2911 - 2999",1977,"SIC_1987"
"K","30","Rubber and Miscellaneous Plastics Products","3011 - 3089",1977,"SIC_1987"
"L","32","Stone, Clay, and Glass Products","3211 - 3299",1977,"SIC_1987"
"M","33","Primary Metal Industries","3312 - 3399",1977,"SIC_1987"
"N","34","Fabricated Metal Products","3411 - 3499",1977,"SIC_1987"
"O","35","Machinery, Except Electrical","3511 - 3599",1977,"SIC_1987"
"P","36","Electrical and Electronic Equipment","3612 - 3699",1977,"SIC_1987"
"Q","37","Transportation Equipment","3711 - 3799",1977,"SIC_1987"
"R","37.100000000000001","Motor Vehicles and Equipment","3711 - 3716",1977,"SIC_1987"
"S","37.700000000000003","Aircraft, Guided Missiles, and Parts","3721 - 3728, 3761 - 3769",1977,"SIC_1987"
"T","38","Instruments and Related Products","3812 - 3873",1977,"SIC_1987"
"U - W","98","Nondurable Goods","2011 - 2399, 2611 - 3199",1977,"SIC_1987"
"X","98.099999999999994","Other Nondurable Manufacturing Products","2311 - 2399, 3111 - 3199",1977,"SIC_1987"
"Y - AA","99","Durable Goods","2411 - 2599, 3211 - 3999",1977,"SIC_1987"
"AB","99.099999999999994","Other Durable Manufacturing Products","2411 - 2599, 3911 - 3999",1977,"SIC_1987"
"AC","10.-14.","All Mining","1011 - 1499",1977,"SIC_1987"
"AD - AL","20.-39.","All Manufacturing","2011 - 3999",1977,"SIC_1987"
"AM","33.1-33.2","Iron and Steel","3312 - 3325, 3398 - 3399",1977,"SIC_1987"
"AN","33.5-33.6","Nonferrous Metals","3331 - 3369",1977,"SIC_1987"
"AO","50.-51.","All Wholesale Trade","5012 - 5199",1977,"SIC_1987"
"AP","53.-59.","All Retail Trade","5311 - 5999",1977,"SIC_1987"
"B","20","Food and Kindred Products","2011 - 2099",1978,"SIC_1987"
"C","21","Tobacco Products Tobacco Manufactures","2101 - 2141",1978,"SIC_1987"
"D","22","Textile Mill Products","2211 - 2299",1978,"SIC_1987"
"E","26","Paper and Allied Products","2611 - 2679",1978,"SIC_1987"
"F","27","Printing and Publishing","2711 - 2796",1978,"SIC_1987"
"G","28","Chemicals and Allied Products","2812 - 2899",1978,"SIC_1987"
"H","28.100000000000001","Industrial Chemicals and Synthetics","2812 - 2819, 2823 - 2824, 2861 - 2869",1978,"SIC_1987"
"I","28.300000000000001","Drugs","2833 - 2836",1978,"SIC_1987"
"J","29","Petroleum and Coal Products","2911 - 2999",1978,"SIC_1987"
"K","30","Rubber and Misc. Plastics Products","3011 - 3089",1978,"SIC_1987"
"L","32","Stone, Clay, and Glass Products","3211 - 3299",1978,"SIC_1987"
"M","33","Primary Metal Industries","3312 - 3399",1978,"SIC_1987"
"N","34","Fabricated Metal Products","3411 - 3499",1978,"SIC_1987"
"O","35","Machinery, Except Electrical","3511 - 3599",1978,"SIC_1987"
"P","36","Electrical and Electronic Equipment","3612 - 3699",1978,"SIC_1987"
"Q","37","Transportation Equipment","3711 - 3799",1978,"SIC_1987"
"R","37.100000000000001","Motor Vehicles and Equipment","3711 - 3716",1978,"SIC_1987"
"S","37.700000000000003","Aircraft, Guided Missiles, and Parts","3721 - 3728, 3761 - 3769",1978,"SIC_1987"
"T","38","Instruments and Related Products","3812 - 3873",1978,"SIC_1987"
"U - W","98","All Nondurable Manufacturing Industries","2011 - 2399, 2611 - 3199",1978,"SIC_1987"
"X","98.099999999999994","Other Nondurable Manufacturing Industries","2311 - 2399, 3111 - 3199",1978,"SIC_1987"
"Y - AA","99","All Durable Manufacturing Industries","2411 - 2599, 3211 - 3999",1978,"SIC_1987"
"AB","99.099999999999994","Other Durable Manufacturing Industries Other Durable Manufacturing Products","2411 - 2599, 3911 - 3999",1978,"SIC_1987"
"AC","10.-14.","All Mining","1011 - 1499",1978,"SIC_1987"
"AD - AL","20.-39.","All Manufacturing","2011 - 3999",1978,"SIC_1987"
"AM","33.1-33.2","Iron and Steel","3312 - 3325, 3398 - 3399",1978,"SIC_1987"
"AN","33.5-33.6","Nonferrous Metals","3331 - 3369",1978,"SIC_1987"
"AO","50.-51.","All Wholesale Trade","5012 - 5199",1978,"SIC_1987"
"AP","53.-59.","All Retail Trade","5311 - 5999",1978,"SIC_1987"
"B","20","Food and Kindred Products","2011 - 2099",1979,"SIC_1987"
"C","21","Tobacco Products","2101 - 2141",1979,"SIC_1987"
"D","22","Textile Mill Products","2211 - 2299",1979,"SIC_1987"
"E","26","Paper and Allied Products","2611 - 2679",1979,"SIC_1987"
"F","27","Printing and Publishing","2711 - 2796",1979,"SIC_1987"
"G","28","Chemicals and Allied Products","2812 - 2899",1979,"SIC_1987"
"H","28.100000000000001","Industrial Chemicals and Synthetics","2812 - 2819, 2823 - 2824, 2861 - 2869",1979,"SIC_1987"
"I","28.300000000000001","Drugs","2833 - 2836",1979,"SIC_1987"
"J","29","Petroleum and Coal Products","2911 - 2999",1979,"SIC_1987"
"K","30","Rubber and Misc. Plastics Products","3011 - 3089",1979,"SIC_1987"
"L","32","Stone, Clay, and Glass Products","3211 - 3299",1979,"SIC_1987"
"M","33","Primary Metal Industries","3312 - 3399",1979,"SIC_1987"
"N","34","Fabricated Metal Products","3411 - 3499",1979,"SIC_1987"
"O","35","Machinery, Except Electrical","3511 - 3599",1979,"SIC_1987"
"P","36","Electrical and Electronic Equipment","3612 - 3699",1979,"SIC_1987"
"Q","37","Transportation Equipment","3711 - 3799",1979,"SIC_1987"
"R","37.100000000000001","Motor Vehicles and Equipment","3711 - 3716",1979,"SIC_1987"
"S","37.700000000000003","Aircraft, Guided Missiles, and Parts","3721 - 3728, 3761 - 3769",1979,"SIC_1987"
"T","38","Instruments and Related Products","3812 - 3873",1979,"SIC_1987"
"U - W","98","All Nondurable Manufacturing Industries","2011 - 2399, 2611 - 3199",1979,"SIC_1987"
"X","98.099999999999994","Other Nondurable Manufacturing Industries","2311 - 2399, 3111 - 3199",1979,"SIC_1987"
"Y - AA","99","All Durable Manufacturing Industries","2411 - 2599, 3211 - 3999",1979,"SIC_1987"
"AB","99.099999999999994","Other Durable Manufacturing Industries","2411 - 2599, 3911 - 3999",1979,"SIC_1987"
"AC","10.-14.","All Mining","1011 - 1499",1979,"SIC_1987"
"AD - AL","20.-39.","All Manufacturing","2011 - 3999",1979,"SIC_1987"
"AM","33.1-33.2","Iron and Steel","3312 - 3325, 3398 - 3399",1979,"SIC_1987"
"AN","33.5-33.6","Nonferrous Metals","3331 - 3369",1979,"SIC_1987"
"AO","50.-51.","All Wholesale Trade","5012 - 5199",1979,"SIC_1987"
"AP","53.-59.","All Retail Trade","5311 - 5999",1979,"SIC_1987"
"B - D","20","Food and Kindred Products (includes Tobacco Manufactures)","2011 - 2141",1980,"SIC_1987"
"E - G","22","Textile Mill Products","2211 - 2299",1980,"SIC_1987"
"H - J","26","Paper and Allied Products","2611 - 2679",1980,"SIC_1987"
"K - M","27","Printing and Publishing","2711 - 2796",1980,"SIC_1987"
"N - P","28","Chemicals and Allied Products","2812 - 2899",1980,"SIC_1987"
"Q - S","28.100000000000001","Industrial Chemicals and Synthetics","2812 - 2819, 2823 - 2824, 2861 - 2869",1980,"SIC_1987"
"T - V","28.300000000000001","Drugs","2833 - 2836",1980,"SIC_1987"
"W - Y","29","Petroleum and Coal Products","2911 - 2999",1980,"SIC_1987"
"Z - AB","30","Rubber and Misc. Plastics Products","3011 - 3089",1980,"SIC_1987"
"AC - AE","32","Stone, Clay, and Glass Products","3211 - 3299",1980,"SIC_1987"
"AF - AH","33","Primary Metal Industries","3312 - 3399",1980,"SIC_1987"
"AI - AK","34","Fabricated Metal Products","3411 - 3499",1980,"SIC_1987"
"AL - AN","35","Machinery, Except Electrical","3511 - 3599",1980,"SIC_1987"
"AO - AQ","36","Electrical and Electronic Equipment","3612 - 3699",1980,"SIC_1987"
"AR - AT","37","Transportation Equipment","3711 - 3799",1980,"SIC_1987"
"AU - AW","37.100000000000001","Motor Vehicles and Equipment","3711 - 3716",1980,"SIC_1987"
"AX - AZ","37.700000000000003","Aircraft, Guided Missiles, and Parts","3721 - 3728, 3761 - 3769",1980,"SIC_1987"
"BA - BC","38","Instruments and Related Products","3812 - 3873",1980,"SIC_1987"
"BD","50","Wholesale Trade, Durable Goods","5012 - 5099",1980,"SIC_1987"
"BE","51","Wholesale Trade, Nondurable Goods","5111 - 5199",1980,"SIC_1987"
"BF","53","General Merchandise Stores","5311 - 5399",1980,"SIC_1987"
"BG","54","Retail Food Stores","5411 - 5499",1980,"SIC_1987"
"BH - BR","98","All Nondurable Manufacturing Industries","2011 - 2399, 2611 - 3199",1980,"SIC_1987"
"BS - BU","98.099999999999994","Other Nondurable Manufacturing Industries","2311 - 2399, 3111 - 3199",1980,"SIC_1987"
"BV - CF","99","All Durable Manufacturing Industries","2411 - 2599, 3211 - 3999",1980,"SIC_1987"
"CG - CI","99.099999999999994","Other Durable Manufacturing Industries","2411 - 2599, 3911 - 3999",1980,"SIC_1987"
"CJ","10.-14.","All Mining","1011 - 1499",1980,"SIC_1987"
"CK - CU","20.-39.","All Manufacturing","2011 - 3999",1980,"SIC_1987"
"CV - CX","33.1-33.2","Iron and Steel","3312 - 3325, 3398 - 3399",1980,"SIC_1987"
"CY - DA","33.5-33.6","Nonferrous Metals","3331 - 3369",1980,"SIC_1987"
"DB","50.-51.","All Wholesale Trade","5012 - 5199",1980,"SIC_1987"
"DC","53.-59.","All Retail Trade","5311 - 5999",1980,"SIC_1987"
"DD","55.-59.","All Other Retail Trade","5511 - 5999",1980,"SIC_1987"
"B - D","20","Food and Kindred Products","2011 - 2141",1981,"SIC_1987"
"E - G","21","Tobacco Manufactures","2101 - 2141",1981,"SIC_1987"
"H - J","22","Textile Mill Products","2211 - 2299",1981,"SIC_1987"
"K - M","26","Paper and Allied Products","2611 - 2679",1981,"SIC_1987"
"N - P","27","Printing and Publishing","2711 - 2796",1981,"SIC_1987"
"Q - S","28","Chemicals and Allied Products","2812 - 2899",1981,"SIC_1987"
"T - V","28.100000000000001","Industrial Chemicals and Synthetics","2812 - 2819, 2823 - 2824, 2861 - 2869",1981,"SIC_1987"
"W - Y","28.300000000000001","Drugs","2833 - 2836",1981,"SIC_1987"
"Z - AB","29","Petroleum and Coal Products","2911 - 2999",1981,"SIC_1987"
"AC - AE","30","Rubber and Misc. Plastics Products","3011 - 3089",1981,"SIC_1987"
"AF - AH","32","Stone, Clay, and Glass Products","3211 - 3299",1981,"SIC_1987"
"AI - AK","33","Primary Metal Industries","3312 - 3399",1981,"SIC_1987"
"AL - AN","34","Fabricated Metal Products","3411 - 3499",1981,"SIC_1987"
"AO - AQ","35","Machinery, Except Electrical","3511 - 3599",1981,"SIC_1987"
"AR - AT","36","Electrical and Electronic Equipment","3612 - 3699",1981,"SIC_1987"
"AU - AW","37","Transportation Equipment","3711 - 3799",1981,"SIC_1987"
"AX - AZ","37.100000000000001","Motor Vehicles and Equipment","3711 - 3716",1981,"SIC_1987"
"BA - BC","37.700000000000003","Aircraft, Guided Missiles, and Parts","3721 - 3728, 3761 - 3769",1981,"SIC_1987"
"BD - BF","38","Instruments and Related Products","3812 - 3873",1981,"SIC_1987"
"BG","50","Wholesale Trade, Durable Goods","5012 - 5099",1981,"SIC_1987"
"BH","51","Wholesale Trade, Nondurable Goods","5111 - 5199",1981,"SIC_1987"
"BI","53","General Merchandise Stores","5311 - 5399",1981,"SIC_1987"
"BJ","54","Retail Food Stores","5411 - 5499",1981,"SIC_1987"
"BK - BU","98","All Nondurable Manufacturing Industries","2011 - 2399, 2611 - 3199",1981,"SIC_1987"
"BV - BX","98.099999999999994","Other Nondurable Manufacturing Industries","2311 - 2399, 3111 - 3199",1981,"SIC_1987"
"BY - CI","99","All Durable Manufacturing Industries","2411 - 2599, 3211 - 3999",1981,"SIC_1987"
"CJ - CL","99.099999999999994","Other Durable Manufacturing Industries","2411 - 2599, 3911 - 3999",1981,"SIC_1987"
"CM","10.-14.","All Mining","1011 - 1499",1981,"SIC_1987"
"CN - CX","20.-39.","All Manufacturing","2011 - 3999",1981,"SIC_1987"
"CY - DA","33.1-33.2","Iron and Steel","3312 - 3325, 3398 - 3399",1981,"SIC_1987"
"DB - DD","33.5-33.6","Nonferrous Metals","3331 - 3369",1981,"SIC_1987"
"DE","50.-51.","All Wholesale Trade","5012 - 5199",1981,"SIC_1987"
"DF","53.-59.","All Retail Trade","5311 - 5999",1981,"SIC_1987"
"DG","55.-59.","All Other Retail Trade","5511 - 5999",1981,"SIC_1987"
"B - D","20","Food and Kindred Products","2011 - 2141",1982,"SIC_1987"
"E - G","21","Tobacco Manufactures","2101 - 2141",1982,"SIC_1987"
"H - J","22","Textile Mill Products","2211 - 2299",1982,"SIC_1987"
"K - M","26","Paper and Allied Products","2611 - 2679",1982,"SIC_1987"
"N - P","27","Printing and Publishing","2711 - 2796",1982,"SIC_1987"
"Q - S","28","Chemicals and Allied Products","2812 - 2899",1982,"SIC_1987"
"T - V","28.100000000000001","Industrial Chemicals and Synthetics","2812 - 2819, 2823 - 2824, 2861 - 2869",1982,"SIC_1987"
"W - Y","28.300000000000001","Drugs","2833 - 2836",1982,"SIC_1987"
"Z - AB","29","Petroleum and Coal Products","2911 - 2999",1982,"SIC_1987"
"AC - AE","30","Rubber and Misc. Plastics Products","3011 - 3089",1982,"SIC_1987"
"AF - AH","32","Stone, Clay, and Glass Products","3211 - 3299",1982,"SIC_1987"
"AI - AK","33","Primary Metal Industries","3312 - 3399",1982,"SIC_1987"
"AL - AN","34","Fabricated Metal Products","3411 - 3499",1982,"SIC_1987"
"AO - AQ","35","Machinery, Except Electrical","3511 - 3599",1982,"SIC_1987"
"AR - AT","36","Electrical and Electronic Equipment","3612 - 3699",1982,"SIC_1987"
"AU - AW","37","Transportation Equipment","3711 - 3799",1982,"SIC_1987"
"AX - AZ","37.100000000000001","Motor Vehicles and Equipment","3711 - 3716",1982,"SIC_1987"
"BA - BC","37.700000000000003","Aircraft, Guided Missiles, and Parts","3721 - 3728, 3761 - 3769",1982,"SIC_1987"
"BD - BF","38","Instruments and Related Products","3812 - 3873",1982,"SIC_1987"
"BG","50","Wholesale Trade, Durable Goods","5012 - 5099",1982,"SIC_1987"
"BH","51","Wholesale Trade, Nondurable Goods","5111 - 5199",1982,"SIC_1987"
"BI","53","General Merchandise Stores","5311 - 5399",1982,"SIC_1987"
"BJ","54","Retail Food Stores","5411 - 5499",1982,"SIC_1987"
"BK - BU","98","All Nondurable Manufacturing Industries","2011 - 2399, 2611 - 3199",1982,"SIC_1987"
"BV - BX","98.099999999999994","Other Nondurable Manufacturing Industries","2311 - 2399, 3111 - 3199",1982,"SIC_1987"
"BY - CI","99","All Durable Manufacturing Industries","2411 - 2599, 3211 - 3999",1982,"SIC_1987"
"CJ - CL","99.099999999999994","Other Durable Manufacturing Industries","2411 - 2599, 3911 - 3999",1982,"SIC_1987"
"CM","10.-14.","All Mining","1011 - 1499",1982,"SIC_1987"
"CN - CX","20.-39.","All Manufacturing","2011 - 3999",1982,"SIC_1987"
"CY - DA","33.1-33.2","Iron and Steel","3312 - 3325, 3398 - 3399",1982,"SIC_1987"
"DB - DD","33.5-33.6","Nonferrous Metals","3331 - 3369",1982,"SIC_1987"
"DE","50.-51.","All Wholesale Trade","5012 - 5199",1982,"SIC_1987"
"DF","53.-59.","All Retail Trade","5311 - 5999",1982,"SIC_1987"
"DG","55.-59.","All Other Retail Trade","5511 - 5999",1982,"SIC_1987"
"B - D","20","Food and Kindred Products","2011 - 2141",1983,"SIC_1987"
"E - G","21","Tobacco Manufactures","2101 - 2141",1983,"SIC_1987"
"H - J","22","Textile Mill Products","2211 - 2299",1983,"SIC_1987"
"K - M","26","Paper and Allied Products","2611 - 2679",1983,"SIC_1987"
"N - P","27","Printing and Publishing","2711 - 2796",1983,"SIC_1987"
"Q - S","28","Chemicals and Allied Products","2812 - 2899",1983,"SIC_1987"
"T - V","28.100000000000001","Industrial Chemicals and Synthetics","2812 - 2819, 2823 - 2824, 2861 - 2869",1983,"SIC_1987"
"W - Y","28.300000000000001","Drugs","2833 - 2836",1983,"SIC_1987"
"Z - AB","29","Petroleum and Coal Products","2911 - 2999",1983,"SIC_1987"
"AC - AE","30","Rubber and Misc. Plastics Products","3011 - 3089",1983,"SIC_1987"
"AF - AH","32","Stone, Clay, and Glass Products","3211 - 3299",1983,"SIC_1987"
"AI - AK","33","Primary Metal Industries","3312 - 3399",1983,"SIC_1987"
"AL - AN","34","Fabricated Metal Products","3411 - 3499",1983,"SIC_1987"
"AO - AQ","35","Machinery, Except Electrical","3511 - 3599",1983,"SIC_1987"
"AR - AT","36","Electrical and Electronic Equipment","3612 - 3699",1983,"SIC_1987"
"AU - AW","37","Transportation Equipment","3711 - 3799",1983,"SIC_1987"
"AX - AZ","37.100000000000001","Motor Vehicles and Equipment","3711 - 3716",1983,"SIC_1987"
"BA - BC","37.700000000000003","Aircraft, Guided Missiles, and Parts","3721 - 3728, 3761 - 3769",1983,"SIC_1987"
"BD - BF","38","Instruments and Related Products","3812 - 3873",1983,"SIC_1987"
"BG","50","Wholesale Trade, Durable Goods","5012 - 5099",1983,"SIC_1987"
"BH","51","Wholesale Trade, Nondurable Goods","5111 - 5199",1983,"SIC_1987"
"BI","53","General Merchandise Stores","5311 - 5399",1983,"SIC_1987"
"BJ","54","Retail Food Stores","5411 - 5499",1983,"SIC_1987"
"BK - BU","98","All Nondurable Manufacturing Industries","2011 - 2399, 2611 - 3199",1983,"SIC_1987"
"BV - BX","98.099999999999994","Other Nondurable Manufacturing Industries","2311 - 2399, 3111 - 3199",1983,"SIC_1987"
"BY - CI","99","All Durable Manufacturing Industries","2411 - 2599, 3211 - 3999",1983,"SIC_1987"
"CJ - CL","99.099999999999994","Other Durable Manufacturing Industries","2411 - 2599, 3911 - 3999",1983,"SIC_1987"
"CM","10.-14.","All Mining","1011 - 1499",1983,"SIC_1987"
"CN - CX","20.-39.","All Manufacturing","2011 - 3999",1983,"SIC_1987"
"CY - DA","33.1-33.2","Iron and Steel","3312 - 3325, 3398 - 3399",1983,"SIC_1987"
"DB - DD","33.5-33.6","Nonferrous Metals","3331 - 3369",1983,"SIC_1987"
"DE","50.-51.","All Wholesale Trade","5012 - 5199",1983,"SIC_1987"
"DF","53.-59.","All Retail Trade","5311 - 5999",1983,"SIC_1987"
"DG","55.-59.","All Other Retail Trade","5511 - 5999",1983,"SIC_1987"
"B - D","20","Food and Kindred Products","2011 - 2141",1984,"SIC_1987"
"E - G","21","Tobacco Manufactures","2101 - 2141",1984,"SIC_1987"
"H - J","22","Textile Mill Products","2211 - 2299",1984,"SIC_1987"
"K - M","26","Paper and Allied Products","2611 - 2679",1984,"SIC_1987"
"N - P","27","Printing and Publishing","2711 - 2796",1984,"SIC_1987"
"Q - S","28","Chemicals and Allied Products","2812 - 2899",1984,"SIC_1987"
"T - V","28.100000000000001","Industrial Chemicals and Synthetics","2812 - 2819, 2823 - 2824, 2861 - 2869",1984,"SIC_1987"
"W - Y","28.300000000000001","Drugs","2833 - 2836",1984,"SIC_1987"
"Z - AB","29","Petroleum and Coal Products","2911 - 2999",1984,"SIC_1987"
"AC - AE","30","Rubber and Misc. Plastics Products","3011 - 3089",1984,"SIC_1987"
"AF - AH","32","Stone, Clay, and Glass Products","3211 - 3299",1984,"SIC_1987"
"AI - AK","33","Primary Metal Industries","3312 - 3399",1984,"SIC_1987"
"AL - AN","34","Fabricated Metal Products","3411 - 3499",1984,"SIC_1987"
"AO - AQ","35","Machinery, Except Electrical","3511 - 3599",1984,"SIC_1987"
"AR - AT","36","Electrical and Electronic Equipment","3612 - 3699",1984,"SIC_1987"
"AU - AW","37","Transportation Equipment","3711 - 3799",1984,"SIC_1987"
"AX - AZ","37.100000000000001","Motor Vehicles and Equipment","3711 - 3716",1984,"SIC_1987"
"BA - BC","37.700000000000003","Aircraft, Guided Missiles, and Parts","3721 - 3728, 3761 - 3769",1984,"SIC_1987"
"BD - BF","38","Instruments and Related Products","3812 - 3873",1984,"SIC_1987"
"BG","50","Wholesale Trade, Durable Goods","5012 - 5099",1984,"SIC_1987"
"BH","51","Wholesale Trade, Nondurable Goods","5111 - 5199",1984,"SIC_1987"
"BI","53","General Merchandise Stores","5311 - 5399",1984,"SIC_1987"
"BJ","54","Retail Food Stores","5411 - 5499",1984,"SIC_1987"
"BK - BU","98","All Nondurable Manufacturing Industries","2011 - 2399, 2611 - 3199",1984,"SIC_1987"
"BV - BX","98.099999999999994","Other Nondurable Manufacturing Industries","2311 - 2399, 3111 - 3199",1984,"SIC_1987"
"BY - CI","99","All Durable Manufacturing Industries","2411 - 2599, 3211 - 3999",1984,"SIC_1987"
"CJ - CL","99.099999999999994","Other Durable Manufacturing Industries","2411 - 2599, 3911 - 3999",1984,"SIC_1987"
"CM","10.-14.","All Mining","1011 - 1499",1984,"SIC_1987"
"CN - CX","20.-39.","All Manufacturing","2011 - 3999",1984,"SIC_1987"
"CY - DA","33.1-33.2","Iron and Steel","3312 - 3325, 3398 - 3399",1984,"SIC_1987"
"DB - DD","33.5-33.6","Nonferrous Metals","3331 - 3369",1984,"SIC_1987"
"DE","50.-51.","All Wholesale Trade","5012 - 5199",1984,"SIC_1987"
"DF","53.-59.","All Retail Trade","5311 - 5999",1984,"SIC_1987"
"DG","55.-59.","All Other Retail Trade","5511 - 5999",1984,"SIC_1987"
"B - D","20","Food and Kindred Products (includes Tobacco Manufactures)","2011 - 2141",1985,"SIC_1987"
"E - G","22","Textile Mill Products","2211 - 2299",1985,"SIC_1987"
"H - J","26","Paper and Allied Products","2611 - 2679",1985,"SIC_1987"
"K - M","27","Printing and Publishing","2711 - 2796",1985,"SIC_1987"
"N - P","28","Chemicals and Allied Products","2812 - 2899",1985,"SIC_1987"
"Q - S","28.100000000000001","Industrial Chemicals and Synthetics","2812 - 2819, 2823 - 2824, 2861 - 2869",1985,"SIC_1987"
"T - V","28.300000000000001","Drugs","2833 - 2836",1985,"SIC_1987"
"W - Y","29","Petroleum and Coal Products","2911 - 2999",1985,"SIC_1987"
"Z - AB","30","Rubber and Misc. Plastics Products","3011 - 3089",1985,"SIC_1987"
"AC - AE","32","Stone, Clay, and Glass Products","3211 - 3299",1985,"SIC_1987"
"AF - AH","33","Primary Metal Industries","3312 - 3399",1985,"SIC_1987"
"AI - AK","34","Fabricated Metal Products","3411 - 3499",1985,"SIC_1987"
"AL - AN","35","Machinery, Except Electrical","3511 - 3599",1985,"SIC_1987"
"AO - AQ","36","Electrical and Electronic Equipment","3612 - 3699",1985,"SIC_1987"
"AR - AT","37","Transportation Equipment","3711 - 3799",1985,"SIC_1987"
"AU - AW","37.100000000000001","Motor Vehicles and Equipment","3711 - 3716",1985,"SIC_1987"
"AX - AZ","37.700000000000003","Aircraft, Guided Missiles, and Parts","3721 - 3728, 3761 - 3769",1985,"SIC_1987"
"BA - BC","38","Instruments and Related Products","3812 - 3873",1985,"SIC_1987"
"BD","50","Wholesale Trade, Durable Goods","5012 - 5099",1985,"SIC_1987"
"BE","51","Wholesale Trade, Nondurable Goods","5111 - 5199",1985,"SIC_1987"
"BF","53","General Merchandise Stores","5311 - 5399",1985,"SIC_1987"
"BG","54","Retail Food Stores","5411 - 5499",1985,"SIC_1987"
"BH - BR","98","All Nondurable Manufacturing Industries","2011 - 2399, 2611 - 3199",1985,"SIC_1987"
"BS - BU","98.099999999999994","Other Nondurable Manufacturing Industries","2311 - 2399, 3111 - 3199",1985,"SIC_1987"
"BV - CF","99","All Durable Manufacturing Industries","2411 - 2599, 3211 - 3999",1985,"SIC_1987"
"CG - CI","99.099999999999994","Other Durable Manufacturing Industries","2411 - 2599, 3911 - 3999",1985,"SIC_1987"
"CJ","10.-14.","All Mining","1011 - 1499",1985,"SIC_1987"
"CK - CU","20.-39.","All Manufacturing","2011 - 3999",1985,"SIC_1987"
"CV - CX","33.1-33.2","Iron and Steel","3312 - 3325, 3398 - 3399",1985,"SIC_1987"
"CY - DA","33.5-33.6","Nonferrous Metals","3331 - 3369",1985,"SIC_1987"
"DB","50.-51.","All Wholesale Trade","5012 - 5199",1985,"SIC_1987"
"DC","53.-59.","All Retail Trade","5311 - 5999",1985,"SIC_1987"
"DD","55.-59.","All Other Retail Trade","5511 - 5999",1985,"SIC_1987"
"B - D","20","Food and Kindred Products (includes Tobacco Manufactures)","2011 - 2141",1986,"SIC_1987"
"E - G","22","Textile Mill Products","2211 - 2299",1986,"SIC_1987"
"H - J","26","Paper and Allied Products","2611 - 2679",1986,"SIC_1987"
"K - M","27","Printing and Publishing","2711 - 2796",1986,"SIC_1987"
"N - P","28","Chemicals and Allied Products","2812 - 2899",1986,"SIC_1987"
"Q - S","28.100000000000001","Industrial Chemicals and Synthetics","2812 - 2819, 2823 - 2824, 2861 - 2869",1986,"SIC_1987"
"T - V","28.300000000000001","Drugs","2833 - 2836",1986,"SIC_1987"
"W - Y","29","Petroleum and Coal Products","2911 - 2999",1986,"SIC_1987"
"Z - AB","30","Rubber and Misc. Plastics Products","3011 - 3089",1986,"SIC_1987"
"AC - AE","32","Stone, Clay, and Glass Products","3211 - 3299",1986,"SIC_1987"
"AF - AH","33","Primary Metal Industries","3312 - 3399",1986,"SIC_1987"
"AI - AK","34","Fabricated Metal Products","3411 - 3499",1986,"SIC_1987"
"AL - AN","35","Machinery, Except Electrical","3511 - 3599",1986,"SIC_1987"
"AO - AQ","36","Electrical and Electronic Equipment","3612 - 3699",1986,"SIC_1987"
"AR - AT","37","Transportation Equipment","3711 - 3799",1986,"SIC_1987"
"AU - AW","37.100000000000001","Motor Vehicles and Equipment","3711 - 3716",1986,"SIC_1987"
"AX - AZ","37.700000000000003","Aircraft, Guided Missiles, and Parts","3721 - 3728, 3761 - 3769",1986,"SIC_1987"
"BA - BC","38","Instruments and Related Products","3812 - 3873",1986,"SIC_1987"
"BD","50","Wholesale Trade, Durable Goods","5012 - 5099",1986,"SIC_1987"
"BE","51","Wholesale Trade, Nondurable Goods","5111 - 5199",1986,"SIC_1987"
"BF","53","General Merchandise Stores","5311 - 5399",1986,"SIC_1987"
"BG","54","Retail Food Stores","5411 - 5499",1986,"SIC_1987"
"BH - BR","98","All Nondurable Manufacturing Industries","2011 - 2399, 2611 - 3199",1986,"SIC_1987"
"BS - BU","98.099999999999994","Other Nondurable Manufacturing Industries","2311 - 2399, 3111 - 3199",1986,"SIC_1987"
"BV - CF","99","All Durable Manufacturing Industries","2411 - 2599, 3211 - 3999",1986,"SIC_1987"
"CG - CI","99.099999999999994","Other Durable Manufacturing Industries","2411 - 2599, 3911 - 3999",1986,"SIC_1987"
"CJ","10.-14.","All Mining","1011 - 1499",1986,"SIC_1987"
"CK - CU","20.-39.","All Manufacturing","2011 - 3999",1986,"SIC_1987"
"CV - CX","33.1-33.2","Iron and Steel","3312 - 3325, 3398 - 3399",1986,"SIC_1987"
"CY - DA","33.5-33.6","Nonferrous Metals","3331 - 3369",1986,"SIC_1987"
"DB","50.-51.","All Wholesale Trade","5012 - 5199",1986,"SIC_1987"
"DC","53.-59.","All Retail Trade","5311 - 5999",1986,"SIC_1987"
"DD","55.-59.","All Other Retail Trade","5511 - 5999",1986,"SIC_1987"
"B - D","20","Food and Kindred Products (includes Tobacco Manufactures)","2011 - 2141",1987,"SIC_1987"
"E - G","22","Textile Mill Products","2211 - 2299",1987,"SIC_1987"
"H - J","26","Paper and Allied Products","2611 - 2679",1987,"SIC_1987"
"K - M","27","Printing and Publishing","2711 - 2796",1987,"SIC_1987"
"N - P","28","Chemicals and Allied Products","2812 - 2899",1987,"SIC_1987"
"Q - S","28.100000000000001","Industrial Chemicals and Synthetics","2812 - 2819, 2823 - 2824, 2861 - 2869",1987,"SIC_1987"
"T - V","28.300000000000001","Drugs","2833 - 2836",1987,"SIC_1987"
"W - Y","29","Petroleum and Coal Products","2911 - 2999",1987,"SIC_1987"
"Z - AB","30","Rubber and Misc. Plastics Products","3011 - 3089",1987,"SIC_1987"
"AC - AE","32","Stone, Clay, and Glass Products","3211 - 3299",1987,"SIC_1987"
"AF - AH","33","Primary Metal Industries","3312 - 3399",1987,"SIC_1987"
"AI - AK","34","Fabricated Metal Products","3411 - 3499",1987,"SIC_1987"
"AL - AN","35","Machinery, Except Electrical","3511 - 3599",1987,"SIC_1987"
"AO - AQ","36","Electrical and Electronic Equipment","3612 - 3699",1987,"SIC_1987"
"AR - AT","37","Transportation Equipment","3711 - 3799",1987,"SIC_1987"
"AU - AW","37.100000000000001","Motor Vehicles and Equipment","3711 - 3716",1987,"SIC_1987"
"AX - AZ","37.700000000000003","Aircraft, Guided Missiles, and Parts","3721 - 3728, 3761 - 3769",1987,"SIC_1987"
"BA - BC","38","Instruments and Related Products","3812 - 3873",1987,"SIC_1987"
"BD","50","Wholesale Trade, Durable Goods","5012 - 5099",1987,"SIC_1987"
"BE","51","Wholesale Trade, Nondurable Goods","5111 - 5199",1987,"SIC_1987"
"BF","53","General Merchandise Stores","5311 - 5399",1987,"SIC_1987"
"BG","54","Retail Food Stores","5411 - 5499",1987,"SIC_1987"
"BH - BR","98","All Nondurable Manufacturing Industries","2011 - 2399, 2611 - 3199",1987,"SIC_1987"
"BS - BU","98.099999999999994","Other Nondurable Manufacturing Industries","2311 - 2399, 3111 - 3199",1987,"SIC_1987"
"BV - CF","99","All Durable Manufacturing Industries","2411 - 2599, 3211 - 3999",1987,"SIC_1987"
"CG - CI","99.099999999999994","Other Durable Manufacturing Industries","2411 - 2599, 3911 - 3999",1987,"SIC_1987"
"CJ","10.-14.","All Mining","1011 - 1499",1987,"SIC_1987"
"CK - CU","20.-39.","All Manufacturing","2011 - 3999",1987,"SIC_1987"
"CV - CX","33.1-33.2","Iron and Steel","3312 - 3325, 3398 - 3399",1987,"SIC_1987"
"CY - DA","33.5-33.6","Nonferrous Metals","3331 - 3369",1987,"SIC_1987"
"DB","50.-51.","All Wholesale Trade","5012 - 5199",1987,"SIC_1987"
"DC","53.-59.","All Retail Trade","5311 - 5999",1987,"SIC_1987"
"DD","55.-59.","All Other Retail Trade","5511 - 5999",1987,"SIC_1987"
"B - D","20","Food and Kindred Products (includes Tobacco Manufactures)","2011 - 2141",1988,"SIC_1987"
"E - G","22","Textile Mill Products","2211 - 2299",1988,"SIC_1987"
"H - J","26","Paper and Allied Products","2611 - 2679",1988,"SIC_1987"
"K - M","27","Printing and Publishing","2711 - 2796",1988,"SIC_1987"
"N - P","28","Chemicals and Allied Products","2812 - 2899",1988,"SIC_1987"
"Q - S","28.100000000000001","Industrial Chemicals and Synthetics","2812 - 2819, 2823 - 2824, 2861 - 2869",1988,"SIC_1987"
"T - V","28.300000000000001","Drugs","2833 - 2836",1988,"SIC_1987"
"W - Y","29","Petroleum and Coal Products","2911 - 2999",1988,"SIC_1987"
"Z - AB","30","Rubber and Misc. Plastics Products","3011 - 3089",1988,"SIC_1987"
"AC - AE","32","Stone, Clay, and Glass Products","3211 - 3299",1988,"SIC_1987"
"AF - AH","33","Primary Metal Industries","3312 - 3399",1988,"SIC_1987"
"AI - AK","34","Fabricated Metal Products","3411 - 3499",1988,"SIC_1987"
"AL - AN","35","Machinery, Except Electrical","3511 - 3599",1988,"SIC_1987"
"AO - AQ","36","Electrical and Electronic Equipment","3612 - 3699",1988,"SIC_1987"
"AR - AT","37","Transportation Equipment","3711 - 3799",1988,"SIC_1987"
"AU - AW","37.100000000000001","Motor Vehicles and Equipment","3711 - 3716",1988,"SIC_1987"
"AX - AZ","37.700000000000003","Aircraft, Guided Missiles, and Parts","3721 - 3728, 3761 - 3769",1988,"SIC_1987"
"BA - BC","38","Instruments and Related Products","3812 - 3873",1988,"SIC_1987"
"BD","50","Wholesale Trade, Durable Goods","5012 - 5099",1988,"SIC_1987"
"BE","51","Wholesale Trade, Nondurable Goods","5111 - 5199",1988,"SIC_1987"
"BF","53","General Merchandise Stores","5311 - 5399",1988,"SIC_1987"
"BG","54","Retail Food Stores","5411 - 5499",1988,"SIC_1987"
"BH - BR","98","All Nondurable Manufacturing Industries","2011 - 2399, 2611 - 3199",1988,"SIC_1987"
"BS - BU","98.099999999999994","Other Nondurable Manufacturing Industries","2311 - 2399, 3111 - 3199",1988,"SIC_1987"
"BV - CF","99","All Durable Manufacturing Industries","2411 - 2599, 3211 - 3999",1988,"SIC_1987"
"CG - CI","99.099999999999994","Other Durable Manufacturing Industries","2411 - 2599, 3911 - 3999",1988,"SIC_1987"
"CJ","10.-14.","All Mining","1011 - 1499",1988,"SIC_1987"
"CK - CU","20.-39.","All Manufacturing","2011 - 3999",1988,"SIC_1987"
"CV - CX","33.1-33.2","Iron and Steel","3312 - 3325, 3398 - 3399",1988,"SIC_1987"
"CY - DA","33.5-33.6","Nonferrous Metals","3331 - 3369",1988,"SIC_1987"
"DB","50.-51.","All Wholesale Trade","5012 - 5199",1988,"SIC_1987"
"DC","53.-59.","All Retail Trade","5311 - 5999",1988,"SIC_1987"
"DD","55.-59.","All Other Retail Trade","5511 - 5999",1988,"SIC_1987"
"B - D","20","Food and Kindred Products (includes Tobacco Manufactures)","2011 - 2141",1989,"SIC_1987"
"E - G","22","Textile Mill Products","2211 - 2299",1989,"SIC_1987"
"H - J","26","Paper and Allied Products","2611 - 2679",1989,"SIC_1987"
"K - M","27","Printing and Publishing","2711 - 2796",1989,"SIC_1987"
"N - P","28","Chemicals and Allied Products","2812 - 2899",1989,"SIC_1987"
"Q - S","28.100000000000001","Industrial Chemicals and Synthetics","2812 - 2819, 2823 - 2824, 2861 - 2869",1989,"SIC_1987"
"T - V","28.300000000000001","Drugs","2833 - 2836",1989,"SIC_1987"
"W - Y","29","Petroleum and Coal Products","2911 - 2999",1989,"SIC_1987"
"Z - AB","30","Rubber and Misc. Plastics Products","3011 - 3089",1989,"SIC_1987"
"AC - AE","32","Stone, Clay, and Glass Products","3211 - 3299",1989,"SIC_1987"
"AF - AH","33","Primary Metal Industries","3312 - 3399",1989,"SIC_1987"
"AI - AK","34","Fabricated Metal Products","3411 - 3499",1989,"SIC_1987"
"AL - AN","35","Machinery, Except Electrical","3511 - 3599",1989,"SIC_1987"
"AO - AQ","36","Electrical and Electronic Equipment","3612 - 3699",1989,"SIC_1987"
"AR - AT","37","Transportation Equipment","3711 - 3799",1989,"SIC_1987"
"AU - AW","37.100000000000001","Motor Vehicles and Equipment","3711 - 3716",1989,"SIC_1987"
"AX - AZ","37.700000000000003","Aircraft, Guided Missiles, and Parts","3721 - 3728, 3761 - 3769",1989,"SIC_1987"
"BA - BC","38","Instruments and Related Products","3812 - 3873",1989,"SIC_1987"
"BD","50","Wholesale Trade, Durable Goods","5012 - 5099",1989,"SIC_1987"
"BE","51","Wholesale Trade, Nondurable Goods","5111 - 5199",1989,"SIC_1987"
"BF","53","General Merchandise Stores","5311 - 5399",1989,"SIC_1987"
"BG","54","Retail Food Stores","5411 - 5499",1989,"SIC_1987"
"BH - BR","98","All Nondurable Manufacturing Industries","2011 - 2399, 2611 - 3199",1989,"SIC_1987"
"BS - BU","98.099999999999994","Other Nondurable Manufacturing Industries","2311 - 2399, 3111 - 3199",1989,"SIC_1987"
"BV - CF","99","All Durable Manufacturing Industries","2411 - 2599, 3211 - 3999",1989,"SIC_1987"
"CG - CI","99.099999999999994","Other Durable Manufacturing Industries","2411 - 2599, 3911 - 3999",1989,"SIC_1987"
"CJ","10.-14.","All Mining","1011 - 1499",1989,"SIC_1987"
"CK - CU","20.-39.","All Manufacturing","2011 - 3999",1989,"SIC_1987"
"CV - CX","33.1-33.2","Iron and Steel","3312 - 3325, 3398 - 3399",1989,"SIC_1987"
"CY - DA","33.5-33.6","Nonferrous Metals","3331 - 3369",1989,"SIC_1987"
"DB","50.-51.","All Wholesale Trade","5012 - 5199",1989,"SIC_1987"
"DC","53.-59.","All Retail Trade","5311 - 5999",1989,"SIC_1987"
"DD","55.-59.","All Other Retail Trade","5511 - 5999",1989,"SIC_1987"
"B - D","20","Food and Kindred Products (includes Tobacco Manufactures)","2011 - 2141",1990,"SIC_1987"
"E - G","22","Textile Mill Products","2211 - 2299",1990,"SIC_1987"
"H - J","26","Paper and Allied Products","2611 - 2679",1990,"SIC_1987"
"K - M","27","Printing and Publishing","2711 - 2796",1990,"SIC_1987"
"N - P","28","Chemicals and Allied Products","2812 - 2899",1990,"SIC_1987"
"Q - S","28.100000000000001","Industrial Chemicals and Synthetics","2812 - 2819, 2823 - 2824, 2861 - 2869",1990,"SIC_1987"
"T - V","28.300000000000001","Drugs","2833 - 2836",1990,"SIC_1987"
"W - Y","29","Petroleum and Coal Products","2911 - 2999",1990,"SIC_1987"
"Z - AB","30","Rubber and Misc. Plastics Products","3011 - 3089",1990,"SIC_1987"
"AC - AE","32","Stone, Clay, and Glass Products","3211 - 3299",1990,"SIC_1987"
"AF - AH","33","Primary Metal Industries","3312 - 3399",1990,"SIC_1987"
"AI - AK","34","Fabricated Metal Products","3411 - 3499",1990,"SIC_1987"
"AL - AN","35","Machinery, Except Electrical","3511 - 3599",1990,"SIC_1987"
"AO - AQ","36","Electrical and Electronic Equipment","3612 - 3699",1990,"SIC_1987"
"AR - AT","37","Transportation Equipment","3711 - 3799",1990,"SIC_1987"
"AU - AW","37.100000000000001","Motor Vehicles and Equipment","3711 - 3716",1990,"SIC_1987"
"AX - AZ","37.700000000000003","Aircraft, Guided Missiles, and Parts","3721 - 3728, 3761 - 3769",1990,"SIC_1987"
"BA - BC","38","Instruments and Related Products","3812 - 3873",1990,"SIC_1987"
"BD","50","Wholesale Trade, Durable Goods","5012 - 5099",1990,"SIC_1987"
"BE","51","Wholesale Trade, Nondurable Goods","5111 - 5199",1990,"SIC_1987"
"BF","53","General Merchandise Stores","5311 - 5399",1990,"SIC_1987"
"BG","54","Retail Food Stores","5411 - 5499",1990,"SIC_1987"
"BH - BR","98","All Nondurable Manufacturing Industries","2011 - 2399, 2611 - 3199",1990,"SIC_1987"
"BS - BU","98.099999999999994","Other Nondurable Manufacturing Industries","2311 - 2399, 3111 - 3199",1990,"SIC_1987"
"BV - CF","99","All Durable Manufacturing Industries","2411 - 2599, 3211 - 3999",1990,"SIC_1987"
"CG - CI","99.099999999999994","Other Durable Manufacturing Industries","2411 - 2599, 3911 - 3999",1990,"SIC_1987"
"CJ","10.-14.","All Mining","1011 - 1499",1990,"SIC_1987"
"CK - CU","20.-39.","All Manufacturing","2011 - 3999",1990,"SIC_1987"
"CV - CX","33.1-33.2","Iron and Steel","3312 - 3325, 3398 - 3399",1990,"SIC_1987"
"CY - DA","33.5-33.6","Nonferrous Metals","3331 - 3369",1990,"SIC_1987"
"DB","50.-51.","All Wholesale Trade","5012 - 5199",1990,"SIC_1987"
"DC","53.-59.","All Retail Trade","5311 - 5999",1990,"SIC_1987"
"DD","55.-59.","All Other Retail Trade","5511 - 5999",1990,"SIC_1987"
"B - D","20","Food and Kindred Products (includes Tobacco Manufactures)","2011 - 2141",1991,"SIC_1987"
"E - G","22","Textile Mill Products","2211 - 2299",1991,"SIC_1987"
"H - J","26","Paper and Allied Products","2611 - 2679",1991,"SIC_1987"
"K - M","27","Printing and Publishing","2711 - 2796",1991,"SIC_1987"
"N - P","28","Chemicals and Allied Products","2812 - 2899",1991,"SIC_1987"
"Q - S","28.100000000000001","Industrial Chemicals and Synthetics","2812 - 2819, 2823 - 2824, 2861 - 2869",1991,"SIC_1987"
"T - V","28.300000000000001","Drugs","2833 - 2836",1991,"SIC_1987"
"W - Y","29","Petroleum and Coal Products","2911 - 2999",1991,"SIC_1987"
"Z - AB","30","Rubber and Misc. Plastics Products","3011 - 3089",1991,"SIC_1987"
"AC - AE","32","Stone, Clay, and Glass Products","3211 - 3299",1991,"SIC_1987"
"AF - AH","33","Primary Metal Industries","3312 - 3399",1991,"SIC_1987"
"AI - AK","34","Fabricated Metal Products","3411 - 3499",1991,"SIC_1987"
"AL - AN","35","Machinery, Except Electrical","3511 - 3599",1991,"SIC_1987"
"AO - AQ","36","Electrical and Electronic Equipment","3612 - 3699",1991,"SIC_1987"
"AR - AT","37","Transportation Equipment","3711 - 3799",1991,"SIC_1987"
"AU - AW","37.100000000000001","Motor Vehicles and Equipment","3711 - 3716",1991,"SIC_1987"
"AX - AZ","37.700000000000003","Aircraft, Guided Missiles, and Parts","3721 - 3728, 3761 - 3769",1991,"SIC_1987"
"BA - BC","38","Instruments and Related Products","3812 - 3873",1991,"SIC_1987"
"BD","50","Wholesale Trade, Durable Goods","5012 - 5099",1991,"SIC_1987"
"BE","51","Wholesale Trade, Nondurable Goods","5111 - 5199",1991,"SIC_1987"
"BF","53","General Merchandise Stores","5311 - 5399",1991,"SIC_1987"
"BG","54","Retail Food Stores","5411 - 5499",1991,"SIC_1987"
"BH - BR","98","All Nondurable Manufacturing Industries","2011 - 2399, 2611 - 3199",1991,"SIC_1987"
"BS - BU","98.099999999999994","Other Nondurable Manufacturing Industries","2311 - 2399, 3111 - 3199",1991,"SIC_1987"
"BV - CF","99","All Durable Manufacturing Industries","2411 - 2599, 3211 - 3999",1991,"SIC_1987"
"CG - CI","99.099999999999994","Other Durable Manufacturing Industries","2411 - 2599, 3911 - 3999",1991,"SIC_1987"
"CJ","10.-14.","All Mining","1011 - 1499",1991,"SIC_1987"
"CK - CU","20.-39.","All Manufacturing","2011 - 3999",1991,"SIC_1987"
"CV - CX","33.1-33.2","Iron and Steel","3312 - 3325, 3398 - 3399",1991,"SIC_1987"
"CY - DA","33.5-33.6","Nonferrous Metals","3331 - 3369",1991,"SIC_1987"
"DB","50.-51.","All Wholesale Trade","5012 - 5199",1991,"SIC_1987"
"DC","53.-59.","All Retail Trade","5311 - 5999",1991,"SIC_1987"
"DD","55.-59.","All Other Retail Trade","5511 - 5999",1991,"SIC_1987"
"B - D","20","Food and Kindred Products (includes Tobacco Manufactures)","2011 - 2141",1992,"SIC_1987"
"E - G","22","Textile Mill Products","2211 - 2299",1992,"SIC_1987"
"H - J","24","Lumber and Wood Products","2411 - 2499",1992,"SIC_1987"
"K - M","25","Furniture and Fixtures","2511 - 2599",1992,"SIC_1987"
"N - P","26","Paper and Allied Products","2611 - 2679",1992,"SIC_1987"
"Q - S","27","Printing and Publishing","2711 - 2796",1992,"SIC_1987"
"T - V","28","Chemicals and Allied Products","2812 - 2899",1992,"SIC_1987"
"W - Y","28.100000000000001","Industrial Chemicals and Synthetics","2812 - 2819, 2823 - 2824, 2861 - 2869",1992,"SIC_1987"
"Z - AB","28.300000000000001","Drugs","2833 - 2836",1992,"SIC_1987"
"AC - AE","28.399999999999999","Residual of Chemicals","2841 - 2851, 2873 - 2899",1992,"SIC_1987"
"AF - AH","29","Petroleum and Coal Products","2911 - 2999",1992,"SIC_1987"
"AI - AK","30","Rubber and Misc. Plastics Products","3011 - 3089",1992,"SIC_1987"
"AL - AN","32","Stone, Clay, and Glass Products","3211 - 3299",1992,"SIC_1987"
"AO - AQ","33","Primary Metal Industries","3312 - 3399",1992,"SIC_1987"
"AR - AT","34","Fabricated Metal Products","3411 - 3499",1992,"SIC_1987"
"AU - AW","35","Machinery, Except Electrical","3511 - 3599",1992,"SIC_1987"
"AX - AZ","36","Electrical and Electronic Equipment","3612 - 3699",1992,"SIC_1987"
"BA - BC","37","Transportation Equipment","3711 - 3799",1992,"SIC_1987"
"BD - BF","37.100000000000001","Motor Vehicles and Equipment","3711 - 3716",1992,"SIC_1987"
"BG - BI","37.700000000000003","Aircraft, Guided Missiles, and Parts","3721 - 3728, 3761 - 3769",1992,"SIC_1987"
"BJ - BL","38","Instruments and Related Products","3812 - 3873",1992,"SIC_1987"
"BM - BO","39","Miscellaneous Manufacturing","3911 - 3999",1992,"SIC_1987"
"BP","50","Wholesale Trade, Durable Goods","5012 - 5099",1992,"SIC_1987"
"BQ","51","Wholesale Trade, Nondurable Goods","5111 - 5199",1992,"SIC_1987"
"BR","53","General Merchandise Stores","5311 - 5399",1992,"SIC_1987"
"BS","54","Retail Food Stores","5411 - 5499",1992,"SIC_1987"
"BT - CD","98","All Nondurable Manufacturing Industries","2011 - 2399, 2611 - 3199",1992,"SIC_1987"
"CE - CG","98.099999999999994","Apparel (Includes Leather Products) 
Formerly Named: Other Nondurable Manufacturing Industries","2311 - 2399, 3111 - 3199",1992,"SIC_1987"
"CH - CR","99","All Durable Manufacturing Industries","2411 - 2599, 3211 - 3999",1992,"SIC_1987"
"CS - CU","99.1","Other Durable Manufacturing Industries","2411 - 2599, 3911 - 3999",1992,"SIC_1987"
"CV","10.-14.","All Mining","1011 - 1499",1992,"SIC_1987"
"CW - DG","20.-39.","All Manufacturing","2011 - 3999",1992,"SIC_1987"
"DH - DJ","33.1-33.2","Iron and Steel","3312 - 3325, 3398 - 3399",1992,"SIC_1987"
"DK - DM","33.5-33.6","Nonferrous Metals","3331 - 3369",1992,"SIC_1987"
"DN","50.-51.","All Wholesale Trade","5012 - 5199",1992,"SIC_1987"
"DO","53.-59.","All Retail Trade","5311 - 5999",1992,"SIC_1987"
"DP","55.-59.","All Other Retail Trade","5511 - 5999",1992,"SIC_1987"
"B - D","20","Food and Kindred Products (includes Tobacco Manufactures)","2011 - 2141",1993,"SIC_1987"
"E - G","22","Textile Mill Products","2211 - 2299",1993,"SIC_1987"
"H - J","24","Lumber and Wood Products","2411 - 2499",1993,"SIC_1987"
"K - M","25","Furniture and Fixtures","2511 - 2599",1993,"SIC_1987"
"N - P","26","Paper and Allied Products","2611 - 2679",1993,"SIC_1987"
"Q - S","27","Printing and Publishing","2711 - 2796",1993,"SIC_1987"
"T - V","28","Chemicals and Allied Products","2812 - 2899",1993,"SIC_1987"
"W - Y","28.100000000000001","Industrial Chemicals and Synthetics","2812 - 2819, 2823 - 2824, 2861 - 2869",1993,"SIC_1987"
"Z - AB","28.300000000000001","Drugs","2833 - 2836",1993,"SIC_1987"
"AC - AE","28.399999999999999","Residual of Chemicals","2841 - 2851, 2873 - 2899",1993,"SIC_1987"
"AF - AH","29","Petroleum and Coal Products","2911 - 2999",1993,"SIC_1987"
"AI - AK","30","Rubber and Misc. Plastics Products","3011 - 3089",1993,"SIC_1987"
"AL - AN","32","Stone, Clay, and Glass Products","3211 - 3299",1993,"SIC_1987"
"AO - AQ","33","Primary Metal Industries","3312 - 3399",1993,"SIC_1987"
"AR - AT","34","Fabricated Metal Products","3411 - 3499",1993,"SIC_1987"
"AU - AW","35","Machinery, Except Electrical","3511 - 3599",1993,"SIC_1987"
"AX - AZ","36","Electrical and Electronic Equipment","3612 - 3699",1993,"SIC_1987"
"BA - BC","37","Transportation Equipment","3711 - 3799",1993,"SIC_1987"
"BD - BF","37.100000000000001","Motor Vehicles and Equipment","3711 - 3716",1993,"SIC_1987"
"BG - BI","37.700000000000003","Aircraft, Guided Missiles, and Parts","3721 - 3728, 3761 - 3769",1993,"SIC_1987"
"BJ - BL","38","Instruments and Related Products","3812 - 3873",1993,"SIC_1987"
"BM - BO","39","Miscellaneous Manufacturing","3911 - 3999",1993,"SIC_1987"
"BP","50","Wholesale Trade, Durable Goods","5012 - 5099",1993,"SIC_1987"
"BQ","51","Wholesale Trade, Nondurable Goods","5111 - 5199",1993,"SIC_1987"
"BR","53","General Merchandise Stores","5311 - 5399",1993,"SIC_1987"
"BS","54","Retail Food Stores","5411 - 5499",1993,"SIC_1987"
"BT - CD","98","All Nondurable Manufacturing Industries","2011 - 2399, 2611 - 3199",1993,"SIC_1987"
"CE - CG","98.099999999999994","Apparel (Includes Leather Products) 
Formerly Named: Other Nondurable Manufacturing Industries","2311 - 2399, 3111 - 3199",1993,"SIC_1987"
"CH - CR","99","All Durable Manufacturing Industries","2411 - 2599, 3211 - 3999",1993,"SIC_1987"
"CS - CU","99.1","Other Durable Manufacturing Industries","2411 - 2599, 3911 - 3999",1993,"SIC_1987"
"CV","10.-14.","All Mining","1011 - 1499",1993,"SIC_1987"
"CW - DG","20.-39.","All Manufacturing","2011 - 3999",1993,"SIC_1987"
"DH - DJ","33.1-33.2","Iron and Steel","3312 - 3325, 3398 - 3399",1993,"SIC_1987"
"DK - DM","33.5-33.6","Nonferrous Metals","3331 - 3369",1993,"SIC_1987"
"DN","50.-51.","All Wholesale Trade","5012 - 5199",1993,"SIC_1987"
"DO","53.-59.","All Retail Trade","5311 - 5999",1993,"SIC_1987"
"DP","55.-59.","All Other Retail Trade","5511 - 5999",1993,"SIC_1987"
"B - D","20","Food and Kindred Products (includes Tobacco Manufactures)","2011 - 2141",1994,"SIC_1987"
"E - G","22","Textile Mill Products","2211 - 2299",1994,"SIC_1987"
"H - J","24","Lumber and Wood Products","2411 - 2499",1994,"SIC_1987"
"K - M","25","Furniture and Fixtures","2511 - 2599",1994,"SIC_1987"
"N - P","26","Paper and Allied Products","2611 - 2679",1994,"SIC_1987"
"Q - S","27","Printing and Publishing","2711 - 2796",1994,"SIC_1987"
"T - V","28","Chemicals and Allied Products","2812 - 2899",1994,"SIC_1987"
"W - Y","28.100000000000001","Industrial Chemicals and Synthetics","2812 - 2819, 2823 - 2824, 2861 - 2869",1994,"SIC_1987"
"Z - AB","28.300000000000001","Drugs","2833 - 2836",1994,"SIC_1987"
"AC - AE","28.399999999999999","Residual of Chemicals","2841 - 2851, 2873 - 2899",1994,"SIC_1987"
"AF - AH","29","Petroleum and Coal Products","2911 - 2999",1994,"SIC_1987"
"AI - AK","30","Rubber and Misc. Plastics Products","3011 - 3089",1994,"SIC_1987"
"AL - AN","32","Stone, Clay, and Glass Products","3211 - 3299",1994,"SIC_1987"
"AO - AQ","33","Primary Metal Industries","3312 - 3399",1994,"SIC_1987"
"AR - AT","34","Fabricated Metal Products","3411 - 3499",1994,"SIC_1987"
"AU - AW","35","Machinery, Except Electrical","3511 - 3599",1994,"SIC_1987"
"AX - AZ","36","Electrical and Electronic Equipment","3612 - 3699",1994,"SIC_1987"
"BA - BC","37","Transportation Equipment","3711 - 3799",1994,"SIC_1987"
"BD - BF","37.100000000000001","Motor Vehicles and Equipment","3711 - 3716",1994,"SIC_1987"
"BG - BI","37.700000000000003","Aircraft, Guided Missiles, and Parts","3721 - 3728, 3761 - 3769",1994,"SIC_1987"
"BJ - BL","38","Instruments and Related Products","3812 - 3873",1994,"SIC_1987"
"BM - BO","39","Miscellaneous Manufacturing","3911 - 3999",1994,"SIC_1987"
"BP","50","Wholesale Trade, Durable Goods","5012 - 5099",1994,"SIC_1987"
"BQ","51","Wholesale Trade, Nondurable Goods","5111 - 5199",1994,"SIC_1987"
"BR","53","General Merchandise Stores","5311 - 5399",1994,"SIC_1987"
"BS","54","Retail Food Stores","5411 - 5499",1994,"SIC_1987"
"BT - CD","98","All Nondurable Manufacturing Industries","2011 - 2399, 2611 - 3199",1994,"SIC_1987"
"CE - CG","98.099999999999994","Apparel (Includes Leather Products) 
Formerly Named: Other Nondurable Manufacturing Industries","2311 - 2399, 3111 - 3199",1994,"SIC_1987"
"CH - CR","99","All Durable Manufacturing Industries","2411 - 2599, 3211 - 3999",1994,"SIC_1987"
"CS - CU","99.1","Other Durable Manufacturing Industries","2411 - 2599, 3911 - 3999",1994,"SIC_1987"
"CV","10.-14.","All Mining","1011 - 1499",1994,"SIC_1987"
"CW - DG","20.-39.","All Manufacturing","2011 - 3999",1994,"SIC_1987"
"DH - DJ","33.1-33.2","Iron and Steel","3312 - 3325, 3398 - 3399",1994,"SIC_1987"
"DK - DM","33.5-33.6","Nonferrous Metals","3331 - 3369",1994,"SIC_1987"
"DN","50.-51.","All Wholesale Trade","5012 - 5199",1994,"SIC_1987"
"DO","53.-59.","All Retail Trade","5311 - 5999",1994,"SIC_1987"
"DP","55.-59.","All Other Retail Trade","5511 - 5999",1994,"SIC_1987"
"B - D","20","Food and Kindred Products (includes Tobacco Manufactures)","2011 - 2141",1995,"SIC_1987"
"E - G","22","Textile Mill Products","2211 - 2299",1995,"SIC_1987"
"H - J","24","Lumber and Wood Products","2411 - 2499",1995,"SIC_1987"
"K - M","25","Furniture and Fixtures","2511 - 2599",1995,"SIC_1987"
"N - P","26","Paper and Allied Products","2611 - 2679",1995,"SIC_1987"
"Q - S","27","Printing and Publishing","2711 - 2796",1995,"SIC_1987"
"T - V","28","Chemicals and Allied Products","2812 - 2899",1995,"SIC_1987"
"W - Y","28.100000000000001","Industrial Chemicals and Synthetics","2812 - 2819, 2823 - 2824, 2861 - 2869",1995,"SIC_1987"
"Z - AB","28.300000000000001","Drugs","2833 - 2836",1995,"SIC_1987"
"AC - AE","28.399999999999999","Residual of Chemicals","2841 - 2851, 2873 - 2899",1995,"SIC_1987"
"AF - AH","29","Petroleum and Coal Products","2911 - 2999",1995,"SIC_1987"
"AI - AK","30","Rubber and Misc. Plastics Products","3011 - 3089",1995,"SIC_1987"
"AL - AN","32","Stone, Clay, and Glass Products","3211 - 3299",1995,"SIC_1987"
"AO - AQ","33","Primary Metal Industries","3312 - 3399",1995,"SIC_1987"
"AR - AT","34","Fabricated Metal Products","3411 - 3499",1995,"SIC_1987"
"AU - AW","35","Machinery, Except Electrical","3511 - 3599",1995,"SIC_1987"
"AX - AZ","36","Electrical and Electronic Equipment","3612 - 3699",1995,"SIC_1987"
"BA - BC","37","Transportation Equipment","3711 - 3799",1995,"SIC_1987"
"BD - BF","37.100000000000001","Motor Vehicles and Equipment","3711 - 3716",1995,"SIC_1987"
"BG - BI","37.700000000000003","Aircraft, Guided Missiles, and Parts","3721 - 3728, 3761 - 3769",1995,"SIC_1987"
"BJ - BL","38","Instruments and Related Products","3812 - 3873",1995,"SIC_1987"
"BM - BO","39","Miscellaneous Manufacturing","3911 - 3999",1995,"SIC_1987"
"BP","50","Wholesale Trade, Durable Goods","5012 - 5099",1995,"SIC_1987"
"BQ","51","Wholesale Trade, Nondurable Goods","5111 - 5199",1995,"SIC_1987"
"BR","53","General Merchandise Stores","5311 - 5399",1995,"SIC_1987"
"BS","54","Retail Food Stores","5411 - 5499",1995,"SIC_1987"
"BT - CD","98","All Nondurable Manufacturing Industries","2011 - 2399, 2611 - 3199",1995,"SIC_1987"
"CE - CG","98.099999999999994","Apparel (Includes Leather Products) 
Formerly Named: Other Nondurable Manufacturing Industries","2311 - 2399, 3111 - 3199",1995,"SIC_1987"
"CH - CR","99","All Durable Manufacturing Industries","2411 - 2599, 3211 - 3999",1995,"SIC_1987"
"CS - CU","99.1","Other Durable Manufacturing Industries","2411 - 2599, 3911 - 3999",1995,"SIC_1987"
"CV","10.-14.","All Mining","1011 - 1499",1995,"SIC_1987"
"CW - DG","20.-39.","All Manufacturing","2011 - 3999",1995,"SIC_1987"
"DH - DJ","33.1-33.2","Iron and Steel","3312 - 3325, 3398 - 3399",1995,"SIC_1987"
"DK - DM","33.5-33.6","Nonferrous Metals","3331 - 3369",1995,"SIC_1987"
"DN","50.-51.","All Wholesale Trade","5012 - 5199",1995,"SIC_1987"
"DO","53.-59.","All Retail Trade","5311 - 5999",1995,"SIC_1987"
"DP","55.-59.","All Other Retail Trade","5511 - 5999",1995,"SIC_1987"
"B - D","20","Food and Kindred Products (includes Tobacco Manufactures)","2011 - 2141",1996,"SIC_1987"
"E - G","22","Textile Mill Products","2211 - 2299",1996,"SIC_1987"
"H - J","24","Lumber and Wood Products","2411 - 2499",1996,"SIC_1987"
"K - M","25","Furniture and Fixtures","2511 - 2599",1996,"SIC_1987"
"N - P","26","Paper and Allied Products","2611 - 2679",1996,"SIC_1987"
"Q - S","27","Printing and Publishing","2711 - 2796",1996,"SIC_1987"
"T - V","28","Chemicals and Allied Products","2812 - 2899",1996,"SIC_1987"
"W - Y","28.100000000000001","Industrial Chemicals and Synthetics","2812 - 2819, 2823 - 2824, 2861 - 2869",1996,"SIC_1987"
"Z - AB","28.300000000000001","Drugs","2833 - 2836",1996,"SIC_1987"
"AC - AE","28.399999999999999","Residual of Chemicals","2841 - 2851, 2873 - 2899",1996,"SIC_1987"
"AF - AH","29","Petroleum and Coal Products","2911 - 2999",1996,"SIC_1987"
"AI - AK","30","Rubber and Misc. Plastics Products","3011 - 3089",1996,"SIC_1987"
"AL - AN","32","Stone, Clay, and Glass Products","3211 - 3299",1996,"SIC_1987"
"AO - AQ","33","Primary Metal Industries","3312 - 3399",1996,"SIC_1987"
"AR - AT","34","Fabricated Metal Products","3411 - 3499",1996,"SIC_1987"
"AU - AW","35","Machinery, Except Electrical","3511 - 3599",1996,"SIC_1987"
"AX - AZ","36","Electrical and Electronic Equipment","3612 - 3699",1996,"SIC_1987"
"BA - BC","37","Transportation Equipment","3711 - 3799",1996,"SIC_1987"
"BD - BF","37.100000000000001","Motor Vehicles and Equipment","3711 - 3716",1996,"SIC_1987"
"BG - BI","37.700000000000003","Aircraft, Guided Missiles, and Parts","3721 - 3728, 3761 - 3769",1996,"SIC_1987"
"BJ - BL","38","Instruments and Related Products","3812 - 3873",1996,"SIC_1987"
"BM - BO","39","Miscellaneous Manufacturing","3911 - 3999",1996,"SIC_1987"
"BP","50","Wholesale Trade, Durable Goods","5012 - 5099",1996,"SIC_1987"
"BQ","51","Wholesale Trade, Nondurable Goods","5111 - 5199",1996,"SIC_1987"
"BR","53","General Merchandise Stores","5311 - 5399",1996,"SIC_1987"
"BS","54","Retail Food Stores","5411 - 5499",1996,"SIC_1987"
"BT - CD","98","All Nondurable Manufacturing Industries","2011 - 2399, 2611 - 3199",1996,"SIC_1987"
"CE - CG","98.099999999999994","Apparel (Includes Leather Products) 
Formerly Named: Other Nondurable Manufacturing Industries","2311 - 2399, 3111 - 3199",1996,"SIC_1987"
"CH - CR","99","All Durable Manufacturing Industries","2411 - 2599, 3211 - 3999",1996,"SIC_1987"
"CS - CU","99.1","Other Durable Manufacturing Industries","2411 - 2599, 3911 - 3999",1996,"SIC_1987"
"CV","10.-14.","All Mining","1011 - 1499",1996,"SIC_1987"
"CW - DG","20.-39.","All Manufacturing","2011 - 3999",1996,"SIC_1987"
"DH - DJ","33.1-33.2","Iron and Steel","3312 - 3325, 3398 - 3399",1996,"SIC_1987"
"DK - DM","33.5-33.6","Nonferrous Metals","3331 - 3369",1996,"SIC_1987"
"DN","50.-51.","All Wholesale Trade","5012 - 5199",1996,"SIC_1987"
"DO","53.-59.","All Retail Trade","5311 - 5999",1996,"SIC_1987"
"DP","55.-59.","All Other Retail Trade","5511 - 5999",1996,"SIC_1987"
"B - D","20","Food and Kindred Products (includes Tobacco Manufactures)","2011 - 2141",1997,"SIC_1987"
"E - G","22","Textile Mill Products","2211 - 2299",1997,"SIC_1987"
"H - J","24","Lumber and Wood Products","2411 - 2499",1997,"SIC_1987"
"K - M","25","Furniture and Fixtures","2511 - 2599",1997,"SIC_1987"
"N - P","26","Paper and Allied Products","2611 - 2679",1997,"SIC_1987"
"Q - S","27","Printing and Publishing","2711 - 2796",1997,"SIC_1987"
"T - V","28","Chemicals and Allied Products","2812 - 2899",1997,"SIC_1987"
"W - Y","28.100000000000001","Industrial Chemicals and Synthetics","2812 - 2819, 2823 - 2824, 2861 - 2869",1997,"SIC_1987"
"Z - AB","28.300000000000001","Drugs","2833 - 2836",1997,"SIC_1987"
"AC - AE","28.399999999999999","Residual of Chemicals","2841 - 2851, 2873 - 2899",1997,"SIC_1987"
"AF - AH","29","Petroleum and Coal Products","2911 - 2999",1997,"SIC_1987"
"AI - AK","30","Rubber and Misc. Plastics Products","3011 - 3089",1997,"SIC_1987"
"AL - AN","32","Stone, Clay, and Glass Products","3211 - 3299",1997,"SIC_1987"
"AO - AQ","33","Primary Metal Industries","3312 - 3399",1997,"SIC_1987"
"AR - AT","34","Fabricated Metal Products","3411 - 3499",1997,"SIC_1987"
"AU - AW","35","Machinery, Except Electrical","3511 - 3599",1997,"SIC_1987"
"AX - AZ","36","Electrical and Electronic Equipment","3612 - 3699",1997,"SIC_1987"
"BA - BC","37","Transportation Equipment","3711 - 3799",1997,"SIC_1987"
"BD - BF","37.100000000000001","Motor Vehicles and Equipment","3711 - 3716",1997,"SIC_1987"
"BG - BI","37.700000000000003","Aircraft, Guided Missiles, and Parts","3721 - 3728, 3761 - 3769",1997,"SIC_1987"
"BJ - BL","38","Instruments and Related Products","3812 - 3873",1997,"SIC_1987"
"BM - BO","39","Miscellaneous Manufacturing","3911 - 3999",1997,"SIC_1987"
"BP","50","Wholesale Trade, Durable Goods","5012 - 5099",1997,"SIC_1987"
"BQ","51","Wholesale Trade, Nondurable Goods","5111 - 5199",1997,"SIC_1987"
"BR","53","General Merchandise Stores","5311 - 5399",1997,"SIC_1987"
"BS","54","Retail Food Stores","5411 - 5499",1997,"SIC_1987"
"BT - CD","98","All Nondurable Manufacturing Industries","2011 - 2399, 2611 - 3199",1997,"SIC_1987"
"CE - CG","98.099999999999994","Apparel (Includes Leather Products) 
Formerly Named: Other Nondurable Manufacturing Industries","2311 - 2399, 3111 - 3199",1997,"SIC_1987"
"CH - CR","99","All Durable Manufacturing Industries","2411 - 2599, 3211 - 3999",1997,"SIC_1987"
"CS - CU","99.1","Other Durable Manufacturing Industries","2411 - 2599, 3911 - 3999",1997,"SIC_1987"
"CV","10.-14.","All Mining","1011 - 1499",1997,"SIC_1987"
"CW - DG","20.-39.","All Manufacturing","2011 - 3999",1997,"SIC_1987"
"DH - DJ","33.1-33.2","Iron and Steel","3312 - 3325, 3398 - 3399",1997,"SIC_1987"
"DK - DM","33.5-33.6","Nonferrous Metals","3331 - 3369",1997,"SIC_1987"
"DN","50.-51.","All Wholesale Trade","5012 - 5199",1997,"SIC_1987"
"DO","53.-59.","All Retail Trade","5311 - 5999",1997,"SIC_1987"
"DP","55.-59.","All Other Retail Trade","5511 - 5999",1997,"SIC_1987"
"B - D","20","Food and Kindred Products (includes Tobacco Manufactures)","2011 - 2141",1998,"SIC_1987"
"E - G","22","Textile Mill Products","2211 - 2299",1998,"SIC_1987"
"H - J","24","Lumber and Wood Products","2411 - 2499",1998,"SIC_1987"
"K - M","25","Furniture and Fixtures","2511 - 2599",1998,"SIC_1987"
"N - P","26","Paper and Allied Products","2611 - 2679",1998,"SIC_1987"
"Q - S","27","Printing and Publishing","2711 - 2796",1998,"SIC_1987"
"T - V","28","Chemicals and Allied Products","2812 - 2899",1998,"SIC_1987"
"W - Y","28.100000000000001","Industrial Chemicals and Synthetics","2812 - 2819, 2823 - 2824, 2861 - 2869",1998,"SIC_1987"
"Z - AB","28.300000000000001","Drugs","2833 - 2836",1998,"SIC_1987"
"AC - AE","28.399999999999999","Residual of Chemicals","2841 - 2851, 2873 - 2899",1998,"SIC_1987"
"AF - AH","29","Petroleum and Coal Products","2911 - 2999",1998,"SIC_1987"
"AI - AK","30","Rubber and Misc. Plastics Products","3011 - 3089",1998,"SIC_1987"
"AL - AN","32","Stone, Clay, and Glass Products","3211 - 3299",1998,"SIC_1987"
"AO - AQ","33","Primary Metal Industries","3312 - 3399",1998,"SIC_1987"
"AR - AT","34","Fabricated Metal Products","3411 - 3499",1998,"SIC_1987"
"AU - AW","35","Machinery, Except Electrical","3511 - 3599",1998,"SIC_1987"
"AX - AZ","36","Electrical and Electronic Equipment","3612 - 3699",1998,"SIC_1987"
"BA - BC","37","Transportation Equipment","3711 - 3799",1998,"SIC_1987"
"BD - BF","37.100000000000001","Motor Vehicles and Equipment","3711 - 3716",1998,"SIC_1987"
"BG - BI","37.700000000000003","Aircraft, Guided Missiles, and Parts","3721 - 3728, 3761 - 3769",1998,"SIC_1987"
"BJ - BL","38","Instruments and Related Products","3812 - 3873",1998,"SIC_1987"
"BM - BO","39","Miscellaneous Manufacturing","3911 - 3999",1998,"SIC_1987"
"BP","50","Wholesale Trade, Durable Goods","5012 - 5099",1998,"SIC_1987"
"BQ","51","Wholesale Trade, Nondurable Goods","5111 - 5199",1998,"SIC_1987"
"BR","53","General Merchandise Stores","5311 - 5399",1998,"SIC_1987"
"BS","54","Retail Food Stores","5411 - 5499",1998,"SIC_1987"
"BT - CD","98","All Nondurable Manufacturing Industries","2011 - 2399, 2611 - 3199",1998,"SIC_1987"
"CE - CG","98.099999999999994","Apparel (Includes Leather Products) 
Formerly Named: Other Nondurable Manufacturing Industries","2311 - 2399, 3111 - 3199",1998,"SIC_1987"
"CH - CR","99","All Durable Manufacturing Industries","2411 - 2599, 3211 - 3999",1998,"SIC_1987"
"CS - CU","99.1","Other Durable Manufacturing Industries","2411 - 2599, 3911 - 3999",1998,"SIC_1987"
"CV","10.-14.","All Mining","1011 - 1499",1998,"SIC_1987"
"CW - DG","20.-39.","All Manufacturing","2011 - 3999",1998,"SIC_1987"
"DH - DJ","33.1-33.2","Iron and Steel","3312 - 3325, 3398 - 3399",1998,"SIC_1987"
"DK - DM","33.5-33.6","Nonferrous Metals","3331 - 3369",1998,"SIC_1987"
"DN","50.-51.","All Wholesale Trade","5012 - 5199",1998,"SIC_1987"
"DO","53.-59.","All Retail Trade","5311 - 5999",1998,"SIC_1987"
"DP","55.-59.","All Other Retail Trade","5511 - 5999",1998,"SIC_1987"
"B - D","20","Food and Kindred Products (includes Tobacco Manufactures)","2011 - 2141",1999,"SIC_1987"
"E - G","22","Textile Mill Products","2211 - 2299",1999,"SIC_1987"
"H - J","24","Lumber and Wood Products","2411 - 2499",1999,"SIC_1987"
"K - M","25","Furniture and Fixtures","2511 - 2599",1999,"SIC_1987"
"N - P","26","Paper and Allied Products","2611 - 2679",1999,"SIC_1987"
"Q - S","27","Printing and Publishing","2711 - 2796",1999,"SIC_1987"
"T - V","28","Chemicals and Allied Products","2812 - 2899",1999,"SIC_1987"
"W - Y","28.100000000000001","Industrial Chemicals and Synthetics","2812 - 2819, 2823 - 2824, 2861 - 2869",1999,"SIC_1987"
"Z - AB","28.300000000000001","Drugs","2833 - 2836",1999,"SIC_1987"
"AC - AE","28.399999999999999","Residual of Chemicals","2841 - 2851, 2873 - 2899",1999,"SIC_1987"
"AF - AH","29","Petroleum and Coal Products","2911 - 2999",1999,"SIC_1987"
"AI - AK","30","Rubber and Misc. Plastics Products","3011 - 3089",1999,"SIC_1987"
"AL - AN","32","Stone, Clay, and Glass Products","3211 - 3299",1999,"SIC_1987"
"AO - AQ","33","Primary Metal Industries","3312 - 3399",1999,"SIC_1987"
"AR - AT","34","Fabricated Metal Products","3411 - 3499",1999,"SIC_1987"
"AU - AW","35","Machinery, Except Electrical","3511 - 3599",1999,"SIC_1987"
"AX - AZ","36","Electrical and Electronic Equipment","3612 - 3699",1999,"SIC_1987"
"BA - BC","37","Transportation Equipment","3711 - 3799",1999,"SIC_1987"
"BD - BF","37.100000000000001","Motor Vehicles and Equipment","3711 - 3716",1999,"SIC_1987"
"BG - BI","37.700000000000003","Aircraft, Guided Missiles, and Parts","3721 - 3728, 3761 - 3769",1999,"SIC_1987"
"BJ - BL","38","Instruments and Related Products","3812 - 3873",1999,"SIC_1987"
"BM - BO","39","Miscellaneous Manufacturing","3911 - 3999",1999,"SIC_1987"
"BP","50","Wholesale Trade, Durable Goods","5012 - 5099",1999,"SIC_1987"
"BQ","51","Wholesale Trade, Nondurable Goods","5111 - 5199",1999,"SIC_1987"
"BR","53","General Merchandise Stores","5311 - 5399",1999,"SIC_1987"
"BS","54","Retail Food Stores","5411 - 5499",1999,"SIC_1987"
"BT - CD","98","All Nondurable Manufacturing Industries","2011 - 2399, 2611 - 3199",1999,"SIC_1987"
"CE - CG","98.099999999999994","Apparel (Includes Leather Products) 
Formerly Named: Other Nondurable Manufacturing Industries","2311 - 2399, 3111 - 3199",1999,"SIC_1987"
"CH - CR","99","All Durable Manufacturing Industries","2411 - 2599, 3211 - 3999",1999,"SIC_1987"
"CS - CU","99.1","Other Durable Manufacturing Industries","2411 - 2599, 3911 - 3999",1999,"SIC_1987"
"CV","10.-14.","All Mining","1011 - 1499",1999,"SIC_1987"
"CW - DG","20.-39.","All Manufacturing","2011 - 3999",1999,"SIC_1987"
"DH - DJ","33.1-33.2","Iron and Steel","3312 - 3325, 3398 - 3399",1999,"SIC_1987"
"DK - DM","33.5-33.6","Nonferrous Metals","3331 - 3369",1999,"SIC_1987"
"DN","50.-51.","All Wholesale Trade","5012 - 5199",1999,"SIC_1987"
"DO","53.-59.","All Retail Trade","5311 - 5999",1999,"SIC_1987"
"DP","55.-59.","All Other Retail Trade","5511 - 5999",1999,"SIC_1987"
"B - D","311","Food","3110 - 3119",2000,"NAICS_2007"
"E - G","312","Beverage and Tobacco Products","3120 - 3129",2000,"NAICS_2007"
"H - J","313","Textile Mills and Textile Product Mills","3130 - 3149",2000,"NAICS_2007"
"K - M","315","Apparel and Leather Products","3150 - 3169",2000,"NAICS_2007"
"N - P","321","Wood Products","3210 - 3219",2000,"NAICS_2007"
"Q - S","322","Paper","3220 - 3229",2000,"NAICS_2007"
"T - V","323","Printing and Related Support Activities","3230 - 3239",2000,"NAICS_2007"
"W - Y","324","Petroleum and Coal Products","3240 - 3249",2000,"NAICS_2007"
"Z - AB","325","All Other Chemicals","3250, 3253, 3255 - 3259",2000,"NAICS_2007"
"AC - AE","326","Plastics and Rubber Products","3260 - 3269",2000,"NAICS_2007"
"AF - AH","327","Nonmetallic Mineral Products","3270 - 3279",2000,"NAICS_2007"
"AI - AK","331","Foundries","3310, 3315 - 3319",2000,"NAICS_2007"
"AL - AN","332","Fabricated Metal Products","3320 - 3329",2000,"NAICS_2007"
"AO - AQ","333","Machinery","3330 - 3339",2000,"NAICS_2007"
"AR - AT","334","All Other Electronic Products","3340, 3343 - 3349",2000,"NAICS_2007"
"AU - AW","335","Electrical Equipment, Appliances, and Components","3350 - 3359",2000,"NAICS_2007"
"AX - AZ","337","Furniture and Related Products","3370 - 3379",2000,"NAICS_2007"
"BA - BC","339","Miscellaneous Manufacturing","3390 - 3399",2000,"NAICS_2007"
"BD - BF","371","Iron, Steel, and Ferroalloys","3311, 3312",2000,"NAICS_2007"
"BG - BI","374","Computer and Peripheral Equipment","3341",2000,"NAICS_2007"
"BJ - BL","375","Basic Chemicals, Resins, and Synthetics","3251, 3252",2000,"NAICS_2007"
"BM - BO","376","Motor Vehicles and Parts","3361 - 3363",2000,"NAICS_2007"
"BP - BR","381","Nonferrous Metals","3313, 3314",2000,"NAICS_2007"
"BS - BU","384","Communications Equipment","3342",2000,"NAICS_2007"
"BV - BX","385","Pharmaceuticals and Medicines","3254",2000,"NAICS_2007"
"BY - CA","386","Aerospace Products and Parts","3364",2000,"NAICS_2007"
"CB","421","Wholesale Trade, Durable Goods","4230 - 4239",2000,"NAICS_2007"
"CC","422","Wholesale Trade, Nondurable Goods","4240 - 4259",2000,"NAICS_2007"
"CD","445","Food and Beverage Stores","4450 - 4459",2000,"NAICS_2007"
"CE","448","Clothing and General Merchandise Stores","4480 - 4489, 4520 - 4529",2000,"NAICS_2007"
"CF","450","All Other Retail Trade","4410 - 4449, 4460 - 4479,",2000,"NAICS_2007"
"CG - CI","CHEM(325,375,385)","Chemicals","3250 - 3259",2000,"NAICS_2007"
"CJ - CL","COMP(334,374,384)","Computer and Electronic Products","3340 - 3349",2000,"NAICS_2007"
"CM - CO","PRIM(331,371,381)","Primary Metals","3310 - 3319",2000,"NAICS_2007"
"CP - CZ","TDUR(321,327,331-335,337,339,","All Durable Manufacturing","3210 - 3219, 3270 - 3399",2000,"NAICS_2007"
NA,"371,374,376,381,384,386)",NA,NA,2000,"NAICS_2007"
"DA - DK","TMFG(311-386)","All Manufacturing","3110 - 3399",2000,"NAICS_2007"
"DL","TMIN","All Mining","2110 - 2139",2000,"NAICS_2007"
"DM - DW","TNDU(311-313,315,","All Nondurable Manufacturing","3110 - 3169, 3220 - 3269",2000,"NAICS_2007"
NA,"322-326,375,385)",NA,NA,2000,"NAICS_2007"
"DX - DZ","TRAN(376,386)","Transportation Equipment","3360 - 3369",2000,"NAICS_2007"
"n/a","n/a","(residual included in Transportation Equipment)","3360, 3365 - 3369",2000,"NAICS_2007"
"EA","TRET(445,448,450)","All Retail Trade","4410 - 4549",2000,"NAICS_2007"
"EB","TWHS(421,422)","All Wholesale Trade","4230 - 4259",2000,"NAICS_2007"
"B - D","311","Food","3110 - 3119",2001,"NAICS_2007"
"E - G","312","Beverage and Tobacco Products","3120 - 3129",2001,"NAICS_2007"
"H - J","313","Textile Mills and Textile Product Mills","3130 - 3149",2001,"NAICS_2007"
"K - M","315","Apparel and Leather Products","3150 - 3169",2001,"NAICS_2007"
"N - P","321","Wood Products","3210 - 3219",2001,"NAICS_2007"
"Q - S","322","Paper","3220 - 3229",2001,"NAICS_2007"
"T - V","323","Printing and Related Support Activities","3230 - 3239",2001,"NAICS_2007"
"W - Y","324","Petroleum and Coal Products","3240 - 3249",2001,"NAICS_2007"
"Z - AB","325","All Other Chemicals","3250, 3253, 3255 - 3259",2001,"NAICS_2007"
"AC - AE","326","Plastics and Rubber Products","3260 - 3269",2001,"NAICS_2007"
"AF - AH","327","Nonmetallic Mineral Products","3270 - 3279",2001,"NAICS_2007"
"AI - AK","331","Foundries","3310, 3315 - 3319",2001,"NAICS_2007"
"AL - AN","332","Fabricated Metal Products","3320 - 3329",2001,"NAICS_2007"
"AO - AQ","333","Machinery","3330 - 3339",2001,"NAICS_2007"
"AR - AT","334","All Other Electronic Products","3340, 3343 - 3349",2001,"NAICS_2007"
"AU - AW","335","Electrical Equipment, Appliances, and Components","3350 - 3359",2001,"NAICS_2007"
"AX - AZ","337","Furniture and Related Products","3370 - 3379",2001,"NAICS_2007"
"BA - BC","339","Miscellaneous Manufacturing","3390 - 3399",2001,"NAICS_2007"
"BD - BF","371","Iron, Steel, and Ferroalloys","3311, 3312",2001,"NAICS_2007"
"BG - BI","374","Computer and Peripheral Equipment","3341",2001,"NAICS_2007"
"BJ - BL","375","Basic Chemicals, Resins, and Synthetics","3251, 3252",2001,"NAICS_2007"
"BM - BO","376","Motor Vehicles and Parts","3361 - 3363",2001,"NAICS_2007"
"BP - BR","381","Nonferrous Metals","3313, 3314",2001,"NAICS_2007"
"BS - BU","384","Communications Equipment","3342",2001,"NAICS_2007"
"BV - BX","385","Pharmaceuticals and Medicines","3254",2001,"NAICS_2007"
"BY - CA","386","Aerospace Products and Parts","3364",2001,"NAICS_2007"
"CB","421","Wholesale Trade, Durable Goods","4230 - 4239",2001,"NAICS_2007"
"CC","422","Wholesale Trade, Nondurable Goods","4240 - 4259",2001,"NAICS_2007"
"CD","445","Food and Beverage Stores","4450 - 4459",2001,"NAICS_2007"
"CE","448","Clothing and General Merchandise Stores","4480 - 4489, 4520 - 4529",2001,"NAICS_2007"
"CF","450","All Other Retail Trade","4410 - 4449, 4460 - 4479,",2001,"NAICS_2007"
"CG - CI","CHEM(325,375,385)","Chemicals","3250 - 3259",2001,"NAICS_2007"
"CJ - CL","COMP(334,374,384)","Computer and Electronic Products","3340 - 3349",2001,"NAICS_2007"
"CM - CO","PRIM(331,371,381)","Primary Metals","3310 - 3319",2001,"NAICS_2007"
"CP - CZ","TDUR(321,327,331-335,337,339,","All Durable Manufacturing","3210 - 3219, 3270 - 3399",2001,"NAICS_2007"
NA,"371,374,376,381,384,386)",NA,NA,2001,"NAICS_2007"
"DA - DK","TMFG(311-386)","All Manufacturing","3110 - 3399",2001,"NAICS_2007"
"DL","TMIN","All Mining","2110 - 2139",2001,"NAICS_2007"
"DM - DW","TNDU(311-313,315,","All Nondurable Manufacturing","3110 - 3169, 3220 - 3269",2001,"NAICS_2007"
NA,"322-326,375,385)",NA,NA,2001,"NAICS_2007"
"DX - DZ","TRAN(376,386)","Transportation Equipment","3360 - 3369",2001,"NAICS_2007"
"n/a","n/a","(residual included in Transportation Equipment)","3360, 3365 - 3369",2001,"NAICS_2007"
"EA","TRET(445,448,450)","All Retail Trade","4410 - 4549",2001,"NAICS_2007"
"EB","TWHS(421,422)","All Wholesale Trade","4230 - 4259",2001,"NAICS_2007"
"B - D","311","Food","3110 - 3119",2002,"NAICS_2007"
"E - G","312","Beverage and Tobacco Products","3120 - 3129",2002,"NAICS_2007"
"H - J","313","Textile Mills and Textile Product Mills","3130 - 3149",2002,"NAICS_2007"
"K - M","315","Apparel and Leather Products","3150 - 3169",2002,"NAICS_2007"
"N - P","321","Wood Products","3210 - 3219",2002,"NAICS_2007"
"Q - S","322","Paper","3220 - 3229",2002,"NAICS_2007"
"T - V","323","Printing and Related Support Activities","3230 - 3239",2002,"NAICS_2007"
"W - Y","324","Petroleum and Coal Products","3240 - 3249",2002,"NAICS_2007"
"Z - AB","325","All Other Chemicals","3250, 3253, 3255 - 3259",2002,"NAICS_2007"
"AC - AE","326","Plastics and Rubber Products","3260 - 3269",2002,"NAICS_2007"
"AF - AH","327","Nonmetallic Mineral Products","3270 - 3279",2002,"NAICS_2007"
"AI - AK","331","Foundries","3310, 3315 - 3319",2002,"NAICS_2007"
"AL - AN","332","Fabricated Metal Products","3320 - 3329",2002,"NAICS_2007"
"AO - AQ","333","Machinery","3330 - 3339",2002,"NAICS_2007"
"AR - AT","334","All Other Electronic Products","3340, 3343 - 3349",2002,"NAICS_2007"
"AU - AW","335","Electrical Equipment, Appliances, and Components","3350 - 3359",2002,"NAICS_2007"
"AX - AZ","337","Furniture and Related Products","3370 - 3379",2002,"NAICS_2007"
"BA - BC","339","Miscellaneous Manufacturing","3390 - 3399",2002,"NAICS_2007"
"BD - BF","371","Iron, Steel, and Ferroalloys","3311, 3312",2002,"NAICS_2007"
"BG - BI","374","Computer and Peripheral Equipment","3341",2002,"NAICS_2007"
"BJ - BL","375","Basic Chemicals, Resins, and Synthetics","3251, 3252",2002,"NAICS_2007"
"BM - BO","376","Motor Vehicles and Parts","3361 - 3363",2002,"NAICS_2007"
"BP - BR","381","Nonferrous Metals","3313, 3314",2002,"NAICS_2007"
"BS - BU","384","Communications Equipment","3342",2002,"NAICS_2007"
"BV - BX","385","Pharmaceuticals and Medicines","3254",2002,"NAICS_2007"
"BY - CA","386","Aerospace Products and Parts","3364",2002,"NAICS_2007"
"CB","421","Wholesale Trade, Durable Goods","4230 - 4239",2002,"NAICS_2007"
"CC","422","Wholesale Trade, Nondurable Goods","4240 - 4259",2002,"NAICS_2007"
"CD","445","Food and Beverage Stores","4450 - 4459",2002,"NAICS_2007"
"CE","448","Clothing and General Merchandise Stores","4480 - 4489, 4520 - 4529",2002,"NAICS_2007"
"CF","450","All Other Retail Trade","4410 - 4449, 4460 - 4479,",2002,"NAICS_2007"
"CG - CI","CHEM(325,375,385)","Chemicals","3250 - 3259",2002,"NAICS_2007"
"CJ - CL","COMP(334,374,384)","Computer and Electronic Products","3340 - 3349",2002,"NAICS_2007"
"CM - CO","PRIM(331,371,381)","Primary Metals","3310 - 3319",2002,"NAICS_2007"
"CP - CZ","TDUR(321,327,331-335,337,339,","All Durable Manufacturing","3210 - 3219, 3270 - 3399",2002,"NAICS_2007"
NA,"371,374,376,381,384,386)",NA,NA,2002,"NAICS_2007"
"DA - DK","TMFG(311-386)","All Manufacturing","3110 - 3399",2002,"NAICS_2007"
"DL","TMIN","All Mining","2110 - 2139",2002,"NAICS_2007"
"DM - DW","TNDU(311-313,315,","All Nondurable Manufacturing","3110 - 3169, 3220 - 3269",2002,"NAICS_2007"
NA,"322-326,375,385)",NA,NA,2002,"NAICS_2007"
"DX - DZ","TRAN(376,386)","Transportation Equipment","3360 - 3369",2002,"NAICS_2007"
"n/a","n/a","(residual included in Transportation Equipment)","3360, 3365 - 3369",2002,"NAICS_2007"
"EA","TRET(445,448,450)","All Retail Trade","4410 - 4549",2002,"NAICS_2007"
"EB","TWHS(421,422)","All Wholesale Trade","4230 - 4259",2002,"NAICS_2007"
"B - D","311","Food","3110 - 3119",2003,"NAICS_2007"
"E - G","312","Beverage and Tobacco Products","3120 - 3129",2003,"NAICS_2007"
"H - J","313","Textile Mills and Textile Product Mills","3130 - 3149",2003,"NAICS_2007"
"K - M","315","Apparel and Leather Products","3150 - 3169",2003,"NAICS_2007"
"N - P","321","Wood Products","3210 - 3219",2003,"NAICS_2007"
"Q - S","322","Paper","3220 - 3229",2003,"NAICS_2007"
"T - V","323","Printing and Related Support Activities","3230 - 3239",2003,"NAICS_2007"
"W - Y","324","Petroleum and Coal Products","3240 - 3249",2003,"NAICS_2007"
"Z - AB","325","All Other Chemicals","3250, 3253, 3255 - 3259",2003,"NAICS_2007"
"AC - AE","326","Plastics and Rubber Products","3260 - 3269",2003,"NAICS_2007"
"AF - AH","327","Nonmetallic Mineral Products","3270 - 3279",2003,"NAICS_2007"
"AI - AK","331","Foundries","3310, 3315 - 3319",2003,"NAICS_2007"
"AL - AN","332","Fabricated Metal Products","3320 - 3329",2003,"NAICS_2007"
"AO - AQ","333","Machinery","3330 - 3339",2003,"NAICS_2007"
"AR - AT","334","All Other Electronic Products","3340, 3343 - 3349",2003,"NAICS_2007"
"AU - AW","335","Electrical Equipment, Appliances, and Components","3350 - 3359",2003,"NAICS_2007"
"AX - AZ","337","Furniture and Related Products","3370 - 3379",2003,"NAICS_2007"
"BA - BC","339","Miscellaneous Manufacturing","3390 - 3399",2003,"NAICS_2007"
"BD - BF","371","Iron, Steel, and Ferroalloys","3311, 3312",2003,"NAICS_2007"
"BG - BI","374","Computer and Peripheral Equipment","3341",2003,"NAICS_2007"
"BJ - BL","375","Basic Chemicals, Resins, and Synthetics","3251, 3252",2003,"NAICS_2007"
"BM - BO","376","Motor Vehicles and Parts","3361 - 3363",2003,"NAICS_2007"
"BP - BR","381","Nonferrous Metals","3313, 3314",2003,"NAICS_2007"
"BS - BU","384","Communications Equipment","3342",2003,"NAICS_2007"
"BV - BX","385","Pharmaceuticals and Medicines","3254",2003,"NAICS_2007"
"BY - CA","386","Aerospace Products and Parts","3364",2003,"NAICS_2007"
"CB","421","Wholesale Trade, Durable Goods","4230 - 4239",2003,"NAICS_2007"
"CC","422","Wholesale Trade, Nondurable Goods","4240 - 4259",2003,"NAICS_2007"
"CD","445","Food and Beverage Stores","4450 - 4459",2003,"NAICS_2007"
"CE","448","Clothing and General Merchandise Stores","4480 - 4489, 4520 - 4529",2003,"NAICS_2007"
"CF","450","All Other Retail Trade","4410 - 4449, 4460 - 4479,",2003,"NAICS_2007"
"CG - CI","CHEM(325,375,385)","Chemicals","3250 - 3259",2003,"NAICS_2007"
"CJ - CL","COMP(334,374,384)","Computer and Electronic Products","3340 - 3349",2003,"NAICS_2007"
"CM - CO","PRIM(331,371,381)","Primary Metals","3310 - 3319",2003,"NAICS_2007"
"CP - CZ","TDUR(321,327,331-335,337,339,","All Durable Manufacturing","3210 - 3219, 3270 - 3399",2003,"NAICS_2007"
NA,"371,374,376,381,384,386)",NA,NA,2003,"NAICS_2007"
"DA - DK","TMFG(311-386)","All Manufacturing","3110 - 3399",2003,"NAICS_2007"
"DL","TMIN","All Mining","2110 - 2139",2003,"NAICS_2007"
"DM - DW","TNDU(311-313,315,","All Nondurable Manufacturing","3110 - 3169, 3220 - 3269",2003,"NAICS_2007"
NA,"322-326,375,385)",NA,NA,2003,"NAICS_2007"
"DX - DZ","TRAN(376,386)","Transportation Equipment","3360 - 3369",2003,"NAICS_2007"
"n/a","n/a","(residual included in Transportation Equipment)","3360, 3365 - 3369",2003,"NAICS_2007"
"EA","TRET(445,448,450)","All Retail Trade","4410 - 4549",2003,"NAICS_2007"
"EB","TWHS(421,422)","All Wholesale Trade","4230 - 4259",2003,"NAICS_2007"
"B - D","311","Food","3110 - 3119",2004,"NAICS_2007"
"E - G","312","Beverage and Tobacco Products","3120 - 3129",2004,"NAICS_2007"
"H - J","313","Textile Mills and Textile Product Mills","3130 - 3149",2004,"NAICS_2007"
"K - M","315","Apparel and Leather Products","3150 - 3169",2004,"NAICS_2007"
"N - P","321","Wood Products","3210 - 3219",2004,"NAICS_2007"
"Q - S","322","Paper","3220 - 3229",2004,"NAICS_2007"
"T - V","323","Printing and Related Support Activities","3230 - 3239",2004,"NAICS_2007"
"W - Y","324","Petroleum and Coal Products","3240 - 3249",2004,"NAICS_2007"
"Z - AB","325","All Other Chemicals","3250, 3253, 3255 - 3259",2004,"NAICS_2007"
"AC - AE","326","Plastics and Rubber Products","3260 - 3269",2004,"NAICS_2007"
"AF - AH","327","Nonmetallic Mineral Products","3270 - 3279",2004,"NAICS_2007"
"AI - AK","331","Foundries","3310, 3315 - 3319",2004,"NAICS_2007"
"AL - AN","332","Fabricated Metal Products","3320 - 3329",2004,"NAICS_2007"
"AO - AQ","333","Machinery","3330 - 3339",2004,"NAICS_2007"
"AR - AT","334","All Other Electronic Products","3340, 3343 - 3349",2004,"NAICS_2007"
"AU - AW","335","Electrical Equipment, Appliances, and Components","3350 - 3359",2004,"NAICS_2007"
"AX - AZ","337","Furniture and Related Products","3370 - 3379",2004,"NAICS_2007"
"BA - BC","339","Miscellaneous Manufacturing","3390 - 3399",2004,"NAICS_2007"
"BD - BF","371","Iron, Steel, and Ferroalloys","3311, 3312",2004,"NAICS_2007"
"BG - BI","374","Computer and Peripheral Equipment","3341",2004,"NAICS_2007"
"BJ - BL","375","Basic Chemicals, Resins, and Synthetics","3251, 3252",2004,"NAICS_2007"
"BM - BO","376","Motor Vehicles and Parts","3361 - 3363",2004,"NAICS_2007"
"BP - BR","381","Nonferrous Metals","3313, 3314",2004,"NAICS_2007"
"BS - BU","384","Communications Equipment","3342",2004,"NAICS_2007"
"BV - BX","385","Pharmaceuticals and Medicines","3254",2004,"NAICS_2007"
"BY - CA","386","Aerospace Products and Parts","3364",2004,"NAICS_2007"
"CB","421","Wholesale Trade, Durable Goods","4230 - 4239",2004,"NAICS_2007"
"CC","422","Wholesale Trade, Nondurable Goods","4240 - 4259",2004,"NAICS_2007"
"CD","445","Food and Beverage Stores","4450 - 4459",2004,"NAICS_2007"
"CE","448","Clothing and General Merchandise Stores","4480 - 4489, 4520 - 4529",2004,"NAICS_2007"
"CF","450","All Other Retail Trade","4410 - 4449, 4460 - 4479,",2004,"NAICS_2007"
"CG - CI","CHEM(325,375,385)","Chemicals","3250 - 3259",2004,"NAICS_2007"
"CJ - CL","COMP(334,374,384)","Computer and Electronic Products","3340 - 3349",2004,"NAICS_2007"
"CM - CO","PRIM(331,371,381)","Primary Metals","3310 - 3319",2004,"NAICS_2007"
"CP - CZ","TDUR(321,327,331-335,337,339,","All Durable Manufacturing","3210 - 3219, 3270 - 3399",2004,"NAICS_2007"
NA,"371,374,376,381,384,386)",NA,NA,2004,"NAICS_2007"
"DA - DK","TMFG(311-386)","All Manufacturing","3110 - 3399",2004,"NAICS_2007"
"DL","TMIN","All Mining","2110 - 2139",2004,"NAICS_2007"
"DM - DW","TNDU(311-313,315,","All Nondurable Manufacturing","3110 - 3169, 3220 - 3269",2004,"NAICS_2007"
NA,"322-326,375,385)",NA,NA,2004,"NAICS_2007"
"DX - DZ","TRAN(376,386)","Transportation Equipment","3360 - 3369",2004,"NAICS_2007"
"n/a","n/a","(residual included in Transportation Equipment)","3360, 3365 - 3369",2004,"NAICS_2007"
"EA","TRET(445,448,450)","All Retail Trade","4410 - 4549",2004,"NAICS_2007"
"EB","TWHS(421,422)","All Wholesale Trade","4230 - 4259",2004,"NAICS_2007"
"B - D","311","Food","3110 - 3119",2005,"NAICS_2007"
"E - G","312","Beverage and Tobacco Products","3120 - 3129",2005,"NAICS_2007"
"H - J","313","Textile Mills and Textile Product Mills","3130 - 3149",2005,"NAICS_2007"
"K - M","315","Apparel and Leather Products","3150 - 3169",2005,"NAICS_2007"
"N - P","321","Wood Products","3210 - 3219",2005,"NAICS_2007"
"Q - S","322","Paper","3220 - 3229",2005,"NAICS_2007"
"T - V","323","Printing and Related Support Activities","3230 - 3239",2005,"NAICS_2007"
"W - Y","324","Petroleum and Coal Products","3240 - 3249",2005,"NAICS_2007"
"Z - AB","325","All Other Chemicals","3250, 3253, 3255 - 3259",2005,"NAICS_2007"
"AC - AE","326","Plastics and Rubber Products","3260 - 3269",2005,"NAICS_2007"
"AF - AH","327","Nonmetallic Mineral Products","3270 - 3279",2005,"NAICS_2007"
"AI - AK","331","Foundries","3310, 3315 - 3319",2005,"NAICS_2007"
"AL - AN","332","Fabricated Metal Products","3320 - 3329",2005,"NAICS_2007"
"AO - AQ","333","Machinery","3330 - 3339",2005,"NAICS_2007"
"AR - AT","334","All Other Electronic Products","3340, 3343 - 3349",2005,"NAICS_2007"
"AU - AW","335","Electrical Equipment, Appliances, and Components","3350 - 3359",2005,"NAICS_2007"
"AX - AZ","337","Furniture and Related Products","3370 - 3379",2005,"NAICS_2007"
"BA - BC","339","Miscellaneous Manufacturing","3390 - 3399",2005,"NAICS_2007"
"BD - BF","371","Iron, Steel, and Ferroalloys","3311, 3312",2005,"NAICS_2007"
"BG - BI","374","Computer and Peripheral Equipment","3341",2005,"NAICS_2007"
"BJ - BL","375","Basic Chemicals, Resins, and Synthetics","3251, 3252",2005,"NAICS_2007"
"BM - BO","376","Motor Vehicles and Parts","3361 - 3363",2005,"NAICS_2007"
"BP - BR","381","Nonferrous Metals","3313, 3314",2005,"NAICS_2007"
"BS - BU","384","Communications Equipment","3342",2005,"NAICS_2007"
"BV - BX","385","Pharmaceuticals and Medicines","3254",2005,"NAICS_2007"
"BY - CA","386","Aerospace Products and Parts","3364",2005,"NAICS_2007"
"CB","421","Wholesale Trade, Durable Goods","4230 - 4239",2005,"NAICS_2007"
"CC","422","Wholesale Trade, Nondurable Goods","4240 - 4259",2005,"NAICS_2007"
"CD","445","Food and Beverage Stores","4450 - 4459",2005,"NAICS_2007"
"CE","448","Clothing and General Merchandise Stores","4480 - 4489, 4520 - 4529",2005,"NAICS_2007"
"CF","450","All Other Retail Trade","4410 - 4449, 4460 - 4479,",2005,"NAICS_2007"
"CG - CI","CHEM(325,375,385)","Chemicals","3250 - 3259",2005,"NAICS_2007"
"CJ - CL","COMP(334,374,384)","Computer and Electronic Products","3340 - 3349",2005,"NAICS_2007"
"CM - CO","PRIM(331,371,381)","Primary Metals","3310 - 3319",2005,"NAICS_2007"
"CP - CZ","TDUR(321,327,331-335,337,339,","All Durable Manufacturing","3210 - 3219, 3270 - 3399",2005,"NAICS_2007"
NA,"371,374,376,381,384,386)",NA,NA,2005,"NAICS_2007"
"DA - DK","TMFG(311-386)","All Manufacturing","3110 - 3399",2005,"NAICS_2007"
"DL","TMIN","All Mining","2110 - 2139",2005,"NAICS_2007"
"DM - DW","TNDU(311-313,315,","All Nondurable Manufacturing","3110 - 3169, 3220 - 3269",2005,"NAICS_2007"
NA,"322-326,375,385)",NA,NA,2005,"NAICS_2007"
"DX - DZ","TRAN(376,386)","Transportation Equipment","3360 - 3369",2005,"NAICS_2007"
"n/a","n/a","(residual included in Transportation Equipment)","3360, 3365 - 3369",2005,"NAICS_2007"
"EA","TRET(445,448,450)","All Retail Trade","4410 - 4549",2005,"NAICS_2007"
"EB","TWHS(421,422)","All Wholesale Trade","4230 - 4259",2005,"NAICS_2007"
"B - D","311","Food","3110 - 3119",2006,"NAICS_2007"
"E - G","312","Beverage and Tobacco Products","3120 - 3129",2006,"NAICS_2007"
"H - J","313","Textile Mills and Textile Product Mills","3130 - 3149",2006,"NAICS_2007"
"K - M","315","Apparel and Leather Products","3150 - 3169",2006,"NAICS_2007"
"N - P","321","Wood Products","3210 - 3219",2006,"NAICS_2007"
"Q - S","322","Paper","3220 - 3229",2006,"NAICS_2007"
"T - V","323","Printing and Related Support Activities","3230 - 3239",2006,"NAICS_2007"
"W - Y","324","Petroleum and Coal Products","3240 - 3249",2006,"NAICS_2007"
"Z - AB","325","All Other Chemicals","3250, 3253, 3255 - 3259",2006,"NAICS_2007"
"AC - AE","326","Plastics and Rubber Products","3260 - 3269",2006,"NAICS_2007"
"AF - AH","327","Nonmetallic Mineral Products","3270 - 3279",2006,"NAICS_2007"
"AI - AK","331","Foundries","3310, 3315 - 3319",2006,"NAICS_2007"
"AL - AN","332","Fabricated Metal Products","3320 - 3329",2006,"NAICS_2007"
"AO - AQ","333","Machinery","3330 - 3339",2006,"NAICS_2007"
"AR - AT","334","All Other Electronic Products","3340, 3343 - 3349",2006,"NAICS_2007"
"AU - AW","335","Electrical Equipment, Appliances, and Components","3350 - 3359",2006,"NAICS_2007"
"AX - AZ","337","Furniture and Related Products","3370 - 3379",2006,"NAICS_2007"
"BA - BC","339","Miscellaneous Manufacturing","3390 - 3399",2006,"NAICS_2007"
"BD - BF","371","Iron, Steel, and Ferroalloys","3311, 3312",2006,"NAICS_2007"
"BG - BI","374","Computer and Peripheral Equipment","3341",2006,"NAICS_2007"
"BJ - BL","375","Basic Chemicals, Resins, and Synthetics","3251, 3252",2006,"NAICS_2007"
"BM - BO","376","Motor Vehicles and Parts","3361 - 3363",2006,"NAICS_2007"
"BP - BR","381","Nonferrous Metals","3313, 3314",2006,"NAICS_2007"
"BS - BU","384","Communications Equipment","3342",2006,"NAICS_2007"
"BV - BX","385","Pharmaceuticals and Medicines","3254",2006,"NAICS_2007"
"BY - CA","386","Aerospace Products and Parts","3364",2006,"NAICS_2007"
"CB","421","Wholesale Trade, Durable Goods","4230 - 4239",2006,"NAICS_2007"
"CC","422","Wholesale Trade, Nondurable Goods","4240 - 4259",2006,"NAICS_2007"
"CD","445","Food and Beverage Stores","4450 - 4459",2006,"NAICS_2007"
"CE","448","Clothing and General Merchandise Stores","4480 - 4489, 4520 - 4529",2006,"NAICS_2007"
"CF","450","All Other Retail Trade","4410 - 4449, 4460 - 4479,",2006,"NAICS_2007"
"CG - CI","CHEM(325,375,385)","Chemicals","3250 - 3259",2006,"NAICS_2007"
"CJ - CL","COMP(334,374,384)","Computer and Electronic Products","3340 - 3349",2006,"NAICS_2007"
"CM - CO","PRIM(331,371,381)","Primary Metals","3310 - 3319",2006,"NAICS_2007"
"CP - CZ","TDUR(321,327,331-335,337,339,","All Durable Manufacturing","3210 - 3219, 3270 - 3399",2006,"NAICS_2007"
NA,"371,374,376,381,384,386)",NA,NA,2006,"NAICS_2007"
"DA - DK","TMFG(311-386)","All Manufacturing","3110 - 3399",2006,"NAICS_2007"
"DL","TMIN","All Mining","2110 - 2139",2006,"NAICS_2007"
"DM - DW","TNDU(311-313,315,","All Nondurable Manufacturing","3110 - 3169, 3220 - 3269",2006,"NAICS_2007"
NA,"322-326,375,385)",NA,NA,2006,"NAICS_2007"
"DX - DZ","TRAN(376,386)","Transportation Equipment","3360 - 3369",2006,"NAICS_2007"
"n/a","n/a","(residual included in Transportation Equipment)","3360, 3365 - 3369",2006,"NAICS_2007"
"EA","TRET(445,448,450)","All Retail Trade","4410 - 4549",2006,"NAICS_2007"
"EB","TWHS(421,422)","All Wholesale Trade","4230 - 4259",2006,"NAICS_2007"
"B - D","311","Food","3110 - 3119",2007,"NAICS_2007"
"E - G","312","Beverage and Tobacco Products","3120 - 3129",2007,"NAICS_2007"
"H - J","313","Textile Mills and Textile Product Mills","3130 - 3149",2007,"NAICS_2007"
"K - M","315","Apparel and Leather Products","3150 - 3169",2007,"NAICS_2007"
"N - P","321","Wood Products","3210 - 3219",2007,"NAICS_2007"
"Q - S","322","Paper","3220 - 3229",2007,"NAICS_2007"
"T - V","323","Printing and Related Support Activities","3230 - 3239",2007,"NAICS_2007"
"W - Y","324","Petroleum and Coal Products","3240 - 3249",2007,"NAICS_2007"
"Z - AB","325","All Other Chemicals","3250, 3253, 3255 - 3259",2007,"NAICS_2007"
"AC - AE","326","Plastics and Rubber Products","3260 - 3269",2007,"NAICS_2007"
"AF - AH","327","Nonmetallic Mineral Products","3270 - 3279",2007,"NAICS_2007"
"AI - AK","331","Foundries","3310, 3315 - 3319",2007,"NAICS_2007"
"AL - AN","332","Fabricated Metal Products","3320 - 3329",2007,"NAICS_2007"
"AO - AQ","333","Machinery","3330 - 3339",2007,"NAICS_2007"
"AR - AT","334","All Other Electronic Products","3340, 3343 - 3349",2007,"NAICS_2007"
"AU - AW","335","Electrical Equipment, Appliances, and Components","3350 - 3359",2007,"NAICS_2007"
"AX - AZ","337","Furniture and Related Products","3370 - 3379",2007,"NAICS_2007"
"BA - BC","339","Miscellaneous Manufacturing","3390 - 3399",2007,"NAICS_2007"
"BD - BF","371","Iron, Steel, and Ferroalloys","3311, 3312",2007,"NAICS_2007"
"BG - BI","374","Computer and Peripheral Equipment","3341",2007,"NAICS_2007"
"BJ - BL","375","Basic Chemicals, Resins, and Synthetics","3251, 3252",2007,"NAICS_2007"
"BM - BO","376","Motor Vehicles and Parts","3361 - 3363",2007,"NAICS_2007"
"BP - BR","381","Nonferrous Metals","3313, 3314",2007,"NAICS_2007"
"BS - BU","384","Communications Equipment","3342",2007,"NAICS_2007"
"BV - BX","385","Pharmaceuticals and Medicines","3254",2007,"NAICS_2007"
"BY - CA","386","Aerospace Products and Parts","3364",2007,"NAICS_2007"
"CB","421","Wholesale Trade, Durable Goods","4230 - 4239",2007,"NAICS_2007"
"CC","422","Wholesale Trade, Nondurable Goods","4240 - 4259",2007,"NAICS_2007"
"CD","445","Food and Beverage Stores","4450 - 4459",2007,"NAICS_2007"
"CE","448","Clothing and General Merchandise Stores","4480 - 4489, 4520 - 4529",2007,"NAICS_2007"
"CF","450","All Other Retail Trade","4410 - 4449, 4460 - 4479,",2007,"NAICS_2007"
"CG - CI","CHEM(325,375,385)","Chemicals","3250 - 3259",2007,"NAICS_2007"
"CJ - CL","COMP(334,374,384)","Computer and Electronic Products","3340 - 3349",2007,"NAICS_2007"
"CM - CO","PRIM(331,371,381)","Primary Metals","3310 - 3319",2007,"NAICS_2007"
"CP - CZ","TDUR(321,327,331-335,337,339,","All Durable Manufacturing","3210 - 3219, 3270 - 3399",2007,"NAICS_2007"
NA,"371,374,376,381,384,386)",NA,NA,2007,"NAICS_2007"
"DA - DK","TMFG(311-386)","All Manufacturing","3110 - 3399",2007,"NAICS_2007"
"DL","TMIN","All Mining","2110 - 2139",2007,"NAICS_2007"
"DM - DW","TNDU(311-313,315,","All Nondurable Manufacturing","3110 - 3169, 3220 - 3269",2007,"NAICS_2007"
NA,"322-326,375,385)",NA,NA,2007,"NAICS_2007"
"DX - DZ","TRAN(376,386)","Transportation Equipment","3360 - 3369",2007,"NAICS_2007"
"n/a","n/a","(residual included in Transportation Equipment)","3360, 3365 - 3369",2007,"NAICS_2007"
"EA","TRET(445,448,450)","All Retail Trade","4410 - 4549",2007,"NAICS_2007"
"EB","TWHS(421,422)","All Wholesale Trade","4230 - 4259",2007,"NAICS_2007"
"B - D","311","Food","3110 - 3119",2008,"NAICS_2007"
"E - G","312","Beverage and Tobacco Products","3120 - 3129",2008,"NAICS_2007"
"H - J","313","Textile Mills and Textile Product Mills","3130 - 3149",2008,"NAICS_2007"
"K - M","315","Apparel and Leather Products","3150 - 3169",2008,"NAICS_2007"
"N - P","321","Wood Products","3210 - 3219",2008,"NAICS_2007"
"Q - S","322","Paper","3220 - 3229",2008,"NAICS_2007"
"T - V","323","Printing and Related Support Activities","3230 - 3239",2008,"NAICS_2007"
"W - Y","324","Petroleum and Coal Products","3240 - 3249",2008,"NAICS_2007"
"Z - AB","325","All Other Chemicals","3250, 3253, 3255 - 3259",2008,"NAICS_2007"
"AC - AE","326","Plastics and Rubber Products","3260 - 3269",2008,"NAICS_2007"
"AF - AH","327","Nonmetallic Mineral Products","3270 - 3279",2008,"NAICS_2007"
"AI - AK","331","Foundries","3310, 3315 - 3319",2008,"NAICS_2007"
"AL - AN","332","Fabricated Metal Products","3320 - 3329",2008,"NAICS_2007"
"AO - AQ","333","Machinery","3330 - 3339",2008,"NAICS_2007"
"AR - AT","334","All Other Electronic Products","3340, 3343 - 3349",2008,"NAICS_2007"
"AU - AW","335","Electrical Equipment, Appliances, and Components","3350 - 3359",2008,"NAICS_2007"
"AX - AZ","337","Furniture and Related Products","3370 - 3379",2008,"NAICS_2007"
"BA - BC","339","Miscellaneous Manufacturing","3390 - 3399",2008,"NAICS_2007"
"BD - BF","371","Iron, Steel, and Ferroalloys","3311, 3312",2008,"NAICS_2007"
"BG - BI","374","Computer and Peripheral Equipment","3341",2008,"NAICS_2007"
"BJ - BL","375","Basic Chemicals, Resins, and Synthetics","3251, 3252",2008,"NAICS_2007"
"BM - BO","376","Motor Vehicles and Parts","3361 - 3363",2008,"NAICS_2007"
"BP - BR","381","Nonferrous Metals","3313, 3314",2008,"NAICS_2007"
"BS - BU","384","Communications Equipment","3342",2008,"NAICS_2007"
"BV - BX","385","Pharmaceuticals and Medicines","3254",2008,"NAICS_2007"
"BY - CA","386","Aerospace Products and Parts","3364",2008,"NAICS_2007"
"CB","421","Wholesale Trade, Durable Goods","4230 - 4239",2008,"NAICS_2007"
"CC","422","Wholesale Trade, Nondurable Goods","4240 - 4259",2008,"NAICS_2007"
"CD","445","Food and Beverage Stores","4450 - 4459",2008,"NAICS_2007"
"CE","448","Clothing and General Merchandise Stores","4480 - 4489, 4520 - 4529",2008,"NAICS_2007"
"CF","450","All Other Retail Trade","4410 - 4449, 4460 - 4479,",2008,"NAICS_2007"
"CG - CI","CHEM(325,375,385)","Chemicals","3250 - 3259",2008,"NAICS_2007"
"CJ - CL","COMP(334,374,384)","Computer and Electronic Products","3340 - 3349",2008,"NAICS_2007"
"CM - CO","PRIM(331,371,381)","Primary Metals","3310 - 3319",2008,"NAICS_2007"
"CP - CZ","TDUR(321,327,331-335,337,339,","All Durable Manufacturing","3210 - 3219, 3270 - 3399",2008,"NAICS_2007"
NA,"371,374,376,381,384,386)",NA,NA,2008,"NAICS_2007"
"DA - DK","TMFG(311-386)","All Manufacturing","3110 - 3399",2008,"NAICS_2007"
"DL","TMIN","All Mining","2110 - 2139",2008,"NAICS_2007"
"DM - DW","TNDU(311-313,315,","All Nondurable Manufacturing","3110 - 3169, 3220 - 3269",2008,"NAICS_2007"
NA,"322-326,375,385)",NA,NA,2008,"NAICS_2007"
"DX - DZ","TRAN(376,386)","Transportation Equipment","3360 - 3369",2008,"NAICS_2007"
"n/a","n/a","(residual included in Transportation Equipment)","3360, 3365 - 3369",2008,"NAICS_2007"
"EA","TRET(445,448,450)","All Retail Trade","4410 - 4549",2008,"NAICS_2007"
"EB","TWHS(421,422)","All Wholesale Trade","4230 - 4259",2008,"NAICS_2007"
"B - D","311","Food","3110 - 3119",2009,"NAICS_2007"
"E - G","312","Beverage and Tobacco Products","3120 - 3129",2009,"NAICS_2007"
"H - J","313","Textile Mills and Textile Product Mills","3130 - 3149",2009,"NAICS_2007"
"K - M","315","Apparel and Leather Products","3150 - 3169",2009,"NAICS_2007"
"N - P","321","Wood Products","3210 - 3219",2009,"NAICS_2007"
"Q - S","322","Paper","3220 - 3229",2009,"NAICS_2007"
"T - V","323","Printing and Related Support Activities","3230 - 3239",2009,"NAICS_2007"
"W - Y","324","Petroleum and Coal Products","3240 - 3249",2009,"NAICS_2007"
"Z - AB","325","All Other Chemicals","3250, 3253, 3255 - 3259",2009,"NAICS_2007"
"AC - AE","326","Plastics and Rubber Products","3260 - 3269",2009,"NAICS_2007"
"AF - AH","327","Nonmetallic Mineral Products","3270 - 3279",2009,"NAICS_2007"
"AI - AK","331","Foundries","3310, 3315 - 3319",2009,"NAICS_2007"
"AL - AN","332","Fabricated Metal Products","3320 - 3329",2009,"NAICS_2007"
"AO - AQ","333","Machinery","3330 - 3339",2009,"NAICS_2007"
"AR - AT","334","All Other Electronic Products","3340, 3343 - 3349",2009,"NAICS_2007"
"AU - AW","335","Electrical Equipment, Appliances, and Components","3350 - 3359",2009,"NAICS_2007"
"AX - AZ","337","Furniture and Related Products","3370 - 3379",2009,"NAICS_2007"
"BA - BC","339","Miscellaneous Manufacturing","3390 - 3399",2009,"NAICS_2007"
"BD - BF","371","Iron, Steel, and Ferroalloys","3311, 3312",2009,"NAICS_2007"
"BG - BI","374","Computer and Peripheral Equipment","3341",2009,"NAICS_2007"
"BJ - BL","375","Basic Chemicals, Resins, and Synthetics","3251, 3252",2009,"NAICS_2007"
"BM - BO","376","Motor Vehicles and Parts","3361 - 3363",2009,"NAICS_2007"
"BP - BR","381","Nonferrous Metals","3313, 3314",2009,"NAICS_2007"
"BS - BU","384","Communications Equipment","3342",2009,"NAICS_2007"
"BV - BX","385","Pharmaceuticals and Medicines","3254",2009,"NAICS_2007"
"BY - CA","386","Aerospace Products and Parts","3364",2009,"NAICS_2007"
"CB","421","Wholesale Trade, Durable Goods","4230 - 4239",2009,"NAICS_2007"
"CC","422","Wholesale Trade, Nondurable Goods","4240 - 4259",2009,"NAICS_2007"
"CD","445","Food and Beverage Stores","4450 - 4459",2009,"NAICS_2007"
"CE","448","Clothing and General Merchandise Stores","4480 - 4489, 4520 - 4529",2009,"NAICS_2007"
"CF","450","All Other Retail Trade","4410 - 4449, 4460 - 4479,",2009,"NAICS_2007"
"CG","511","Publishing Industries, except Internet","5111 - 5112",2009,"NAICS_2007"
"CH","512","Motion Picture and Sound Recording","5121 - 5122",2009,"NAICS_2007"
"CI","515","Broadcasting, except Internet","5151 - 5152",2009,"NAICS_2007"
"CJ","517","Telecommunications","5171 - 5172, 5174, 5179",2009,"NAICS_2007"
"CK","519","All Other Information","5182, 5191",2009,"NAICS_2007"
"CL","545","Computer Systems Design and Related Services","5415",2009,"NAICS_2007"
"CM","546","Management and Technical Consulting Services","5416",2009,"NAICS_2007"
"CN","547","Scientific Research and Development Services","5417",2009,"NAICS_2007"
"CO","549","All Other Professional and Technical Services (except Legal Services)","5412 - 5414, 5418 - 5419",2009,"NAICS_2007"
"CP - CR","CHEM(325,375,385)","Chemicals","3250 - 3259",2009,"NAICS_2007"
"CS - CU","COMP(334,374,384)","Computer and Electronic Products","3340 - 3349",2009,"NAICS_2007"
"CV - CX","PRIM(331,371,381)","Primary Metals","3310 - 3319",2009,"NAICS_2007"
"CY - DI","TDUR(321,327,331-335,337,339,","All Durable Manufacturing","3210 - 3219, 3270 - 3399",2009,"NAICS_2007"
NA,"371,374,376,381,384,386)",NA,NA,2009,"NAICS_2007"
"DJ","TINF(511-512,515,517,519)","All Information","5111 - 5112, 5121 - 5122, 5151 - 5152,",2009,"NAICS_2007"
"DK - DU","TMFG(311-386)","All Manufacturing","3110 - 3399",2009,"NAICS_2007"
"DV","TMIN","All Mining","2110 - 2139",2009,"NAICS_2007"
"DW - EG","TNDU(311-313,315,","All Nondurable Manufacturing","3110 - 3169, 3220 - 3269",2009,"NAICS_2007"
NA,"322-326,375,385)",NA,NA,2009,"NAICS_2007"
"EH","TPTS(545-547,549)","All Professional and Technical Services (except Legal Services)","5412 - 5419",2009,"NAICS_2007"
"EI - EK","TRAN(376,386)","Transportation Equipment","3360 - 3369",2009,"NAICS_2007"
"n/a","n/a","(residual included in Transportation Equipment)","3360, 3365 - 3369",2009,"NAICS_2007"
"EL","TRET(445,448,450)","All Retail Trade","4410 - 4549",2009,"NAICS_2007"
"EM","TWHS(421,422)","All Wholesale Trade","4230 - 4259",2009,"NAICS_2007"
"B - D","311","Food","3110 - 3119",2010,"NAICS_2007"
"E - G","312","Beverage and Tobacco Products","3120 - 3129",2010,"NAICS_2007"
"H - J","313","Textile Mills and Textile Product Mills","3130 - 3149",2010,"NAICS_2007"
"K - M","315","Apparel and Leather Products","3150 - 3169",2010,"NAICS_2007"
"N - P","321","Wood Products","3210 - 3219",2010,"NAICS_2007"
"Q - S","322","Paper","3220 - 3229",2010,"NAICS_2007"
"T - V","323","Printing and Related Support Activities","3230 - 3239",2010,"NAICS_2007"
"W - Y","324","Petroleum and Coal Products","3240 - 3249",2010,"NAICS_2007"
"Z - AB","325","All Other Chemicals","3250, 3253, 3255 - 3259",2010,"NAICS_2007"
"AC - AE","326","Plastics and Rubber Products","3260 - 3269",2010,"NAICS_2007"
"AF - AH","327","Nonmetallic Mineral Products","3270 - 3279",2010,"NAICS_2007"
"AI - AK","331","Foundries","3310, 3315 - 3319",2010,"NAICS_2007"
"AL - AN","332","Fabricated Metal Products","3320 - 3329",2010,"NAICS_2007"
"AO - AQ","333","Machinery","3330 - 3339",2010,"NAICS_2007"
"AR - AT","334","All Other Electronic Products","3340, 3343 - 3349",2010,"NAICS_2007"
"AU - AW","335","Electrical Equipment, Appliances, and Components","3350 - 3359",2010,"NAICS_2007"
"AX - AZ","337","Furniture and Related Products","3370 - 3379",2010,"NAICS_2007"
"BA - BC","339","Miscellaneous Manufacturing","3390 - 3399",2010,"NAICS_2007"
"BD - BF","371","Iron, Steel, and Ferroalloys","3311, 3312",2010,"NAICS_2007"
"BG - BI","374","Computer and Peripheral Equipment","3341",2010,"NAICS_2007"
"BJ - BL","375","Basic Chemicals, Resins, and Synthetics","3251, 3252",2010,"NAICS_2007"
"BM - BO","376","Motor Vehicles and Parts","3361 - 3363",2010,"NAICS_2007"
"BP - BR","381","Nonferrous Metals","3313, 3314",2010,"NAICS_2007"
"BS - BU","384","Communications Equipment","3342",2010,"NAICS_2007"
"BV - BX","385","Pharmaceuticals and Medicines","3254",2010,"NAICS_2007"
"BY - CA","386","Aerospace Products and Parts","3364",2010,"NAICS_2007"
"CB","421","Wholesale Trade, Durable Goods","4230 - 4239",2010,"NAICS_2007"
"CC","422","Wholesale Trade, Nondurable Goods","4240 - 4259",2010,"NAICS_2007"
"CD","445","Food and Beverage Stores","4450 - 4459",2010,"NAICS_2007"
"CE","448","Clothing and General Merchandise Stores","4480 - 4489, 4520 - 4529",2010,"NAICS_2007"
"CF","450","All Other Retail Trade","4410 - 4449, 4460 - 4479,",2010,"NAICS_2007"
"CG","511","Publishing Industries, except Internet","5111 - 5112",2010,"NAICS_2007"
"CH","512","Motion Picture and Sound Recording","5121 - 5122",2010,"NAICS_2007"
"CI","515","Broadcasting, except Internet","5151 - 5152",2010,"NAICS_2007"
"CJ","517","Telecommunications","5171 - 5172, 5174, 5179",2010,"NAICS_2007"
"CK","519","All Other Information","5182, 5191",2010,"NAICS_2007"
"CL","545","Computer Systems Design and Related Services","5415",2010,"NAICS_2007"
"CM","546","Management and Technical Consulting Services","5416",2010,"NAICS_2007"
"CN","547","Scientific Research and Development Services","5417",2010,"NAICS_2007"
"CO","549","All Other Professional and Technical Services (except Legal Services)","5412 - 5414, 5418 - 5419",2010,"NAICS_2007"
"CP - CR","CHEM(325,375,385)","Chemicals","3250 - 3259",2010,"NAICS_2007"
"CS - CU","COMP(334,374,384)","Computer and Electronic Products","3340 - 3349",2010,"NAICS_2007"
"CV - CX","PRIM(331,371,381)","Primary Metals","3310 - 3319",2010,"NAICS_2007"
"CY - DI","TDUR(321,327,331-335,337,339,","All Durable Manufacturing","3210 - 3219, 3270 - 3399",2010,"NAICS_2007"
NA,"371,374,376,381,384,386)",NA,NA,2010,"NAICS_2007"
"DJ","TINF(511-512,515,517,519)","All Information","5111 - 5112, 5121 - 5122, 5151 - 5152,",2010,"NAICS_2007"
"DK - DU","TMFG(311-386)","All Manufacturing","3110 - 3399",2010,"NAICS_2007"
"DV","TMIN","All Mining","2110 - 2139",2010,"NAICS_2007"
"DW - EG","TNDU(311-313,315,","All Nondurable Manufacturing","3110 - 3169, 3220 - 3269",2010,"NAICS_2007"
NA,"322-326,375,385)",NA,NA,2010,"NAICS_2007"
"EH","TPTS(545-547,549)","All Professional and Technical Services (except Legal Services)","5412 - 5419",2010,"NAICS_2007"
"EI - EK","TRAN(376,386)","Transportation Equipment","3360 - 3369",2010,"NAICS_2007"
"n/a","n/a","(residual included in Transportation Equipment)","3360, 3365 - 3369",2010,"NAICS_2007"
"EL","TRET(445,448,450)","All Retail Trade","4410 - 4549",2010,"NAICS_2007"
"EM","TWHS(421,422)","All Wholesale Trade","4230 - 4259",2010,"NAICS_2007"
"B - D","311","Food","3110 - 3119",2011,"NAICS_2007"
"E - G","312","Beverage and Tobacco Products","3120 - 3129",2011,"NAICS_2007"
"H - J","313","Textile Mills and Textile Product Mills","3130 - 3149",2011,"NAICS_2007"
"K - M","315","Apparel and Leather Products","3150 - 3169",2011,"NAICS_2007"
"N - P","321","Wood Products","3210 - 3219",2011,"NAICS_2007"
"Q - S","322","Paper","3220 - 3229",2011,"NAICS_2007"
"T - V","323","Printing and Related Support Activities","3230 - 3239",2011,"NAICS_2007"
"W - Y","324","Petroleum and Coal Products","3240 - 3249",2011,"NAICS_2007"
"Z - AB","325","All Other Chemicals","3250, 3253, 3255 - 3259",2011,"NAICS_2007"
"AC - AE","326","Plastics and Rubber Products","3260 - 3269",2011,"NAICS_2007"
"AF - AH","327","Nonmetallic Mineral Products","3270 - 3279",2011,"NAICS_2007"
"AI - AK","331","Foundries","3310, 3315 - 3319",2011,"NAICS_2007"
"AL - AN","332","Fabricated Metal Products","3320 - 3329",2011,"NAICS_2007"
"AO - AQ","333","Machinery","3330 - 3339",2011,"NAICS_2007"
"AR - AT","334","All Other Electronic Products","3340, 3343 - 3349",2011,"NAICS_2007"
"AU - AW","335","Electrical Equipment, Appliances, and Components","3350 - 3359",2011,"NAICS_2007"
"AX - AZ","337","Furniture and Related Products","3370 - 3379",2011,"NAICS_2007"
"BA - BC","339","Miscellaneous Manufacturing","3390 - 3399",2011,"NAICS_2007"
"BD - BF","371","Iron, Steel, and Ferroalloys","3311, 3312",2011,"NAICS_2007"
"BG - BI","374","Computer and Peripheral Equipment","3341",2011,"NAICS_2007"
"BJ - BL","375","Basic Chemicals, Resins, and Synthetics","3251, 3252",2011,"NAICS_2007"
"BM - BO","376","Motor Vehicles and Parts","3361 - 3363",2011,"NAICS_2007"
"BP - BR","381","Nonferrous Metals","3313, 3314",2011,"NAICS_2007"
"BS - BU","384","Communications Equipment","3342",2011,"NAICS_2007"
"BV - BX","385","Pharmaceuticals and Medicines","3254",2011,"NAICS_2007"
"BY - CA","386","Aerospace Products and Parts","3364",2011,"NAICS_2007"
"CB","421","Wholesale Trade, Durable Goods","4230 - 4239",2011,"NAICS_2007"
"CC","422","Wholesale Trade, Nondurable Goods","4240 - 4259",2011,"NAICS_2007"
"CD","445","Food and Beverage Stores","4450 - 4459",2011,"NAICS_2007"
"CE","448","Clothing and General Merchandise Stores","4480 - 4489, 4520 - 4529",2011,"NAICS_2007"
"CF","450","All Other Retail Trade","4410 - 4449, 4460 - 4479,",2011,"NAICS_2007"
"CG","511","Publishing Industries, except Internet","5111 - 5112",2011,"NAICS_2007"
"CH","512","Motion Picture and Sound Recording","5121 - 5122",2011,"NAICS_2007"
"CI","515","Broadcasting, except Internet","5151 - 5152",2011,"NAICS_2007"
"CJ","517","Telecommunications","5171 - 5172, 5174, 5179",2011,"NAICS_2007"
"CK","519","All Other Information","5182, 5191",2011,"NAICS_2007"
"CL","545","Computer Systems Design and Related Services","5415",2011,"NAICS_2007"
"CM","546","Management and Technical Consulting Services","5416",2011,"NAICS_2007"
"CN","547","Scientific Research and Development Services","5417",2011,"NAICS_2007"
"CO","549","All Other Professional and Technical Services (except Legal Services)","5412 - 5414, 5418 - 5419",2011,"NAICS_2007"
"CP - CR","CHEM(325,375,385)","Chemicals","3250 - 3259",2011,"NAICS_2007"
"CS - CU","COMP(334,374,384)","Computer and Electronic Products","3340 - 3349",2011,"NAICS_2007"
"CV - CX","PRIM(331,371,381)","Primary Metals","3310 - 3319",2011,"NAICS_2007"
"CY - DI","TDUR(321,327,331-335,337,339,","All Durable Manufacturing","3210 - 3219, 3270 - 3399",2011,"NAICS_2007"
NA,"371,374,376,381,384,386)",NA,NA,2011,"NAICS_2007"
"DJ","TINF(511-512,515,517,519)","All Information","5111 - 5112, 5121 - 5122, 5151 - 5152,",2011,"NAICS_2007"
"DK - DU","TMFG(311-386)","All Manufacturing","3110 - 3399",2011,"NAICS_2007"
"DV","TMIN","All Mining","2110 - 2139",2011,"NAICS_2007"
"DW - EG","TNDU(311-313,315,","All Nondurable Manufacturing","3110 - 3169, 3220 - 3269",2011,"NAICS_2007"
NA,"322-326,375,385)",NA,NA,2011,"NAICS_2007"
"EH","TPTS(545-547,549)","All Professional and Technical Services (except Legal Services)","5412 - 5419",2011,"NAICS_2007"
"EI - EK","TRAN(376,386)","Transportation Equipment","3360 - 3369",2011,"NAICS_2007"
"n/a","n/a","(residual included in Transportation Equipment)","3360, 3365 - 3369",2011,"NAICS_2007"
"EL","TRET(445,448,450)","All Retail Trade","4410 - 4549",2011,"NAICS_2007"
"EM","TWHS(421,422)","All Wholesale Trade","4230 - 4259",2011,"NAICS_2007"
"B - D","311","Food","3110 - 3119",2012,"NAICS_2007"
"E - G","312","Beverage and Tobacco Products","3120 - 3129",2012,"NAICS_2007"
"H - J","313","Textile Mills and Textile Product Mills","3130 - 3149",2012,"NAICS_2007"
"K - M","315","Apparel and Leather Products","3150 - 3169",2012,"NAICS_2007"
"N - P","321","Wood Products","3210 - 3219",2012,"NAICS_2007"
"Q - S","322","Paper","3220 - 3229",2012,"NAICS_2007"
"T - V","323","Printing and Related Support Activities","3230 - 3239",2012,"NAICS_2007"
"W - Y","324","Petroleum and Coal Products","3240 - 3249",2012,"NAICS_2007"
"Z - AB","325","All Other Chemicals","3250, 3253, 3255 - 3259",2012,"NAICS_2007"
"AC - AE","326","Plastics and Rubber Products","3260 - 3269",2012,"NAICS_2007"
"AF - AH","327","Nonmetallic Mineral Products","3270 - 3279",2012,"NAICS_2007"
"AI - AK","331","Foundries","3310, 3315 - 3319",2012,"NAICS_2007"
"AL - AN","332","Fabricated Metal Products","3320 - 3329",2012,"NAICS_2007"
"AO - AQ","333","Machinery","3330 - 3339",2012,"NAICS_2007"
"AR - AT","334","All Other Electronic Products","3340, 3343 - 3349",2012,"NAICS_2007"
"AU - AW","335","Electrical Equipment, Appliances, and Components","3350 - 3359",2012,"NAICS_2007"
"AX - AZ","337","Furniture and Related Products","3370 - 3379",2012,"NAICS_2007"
"BA - BC","339","Miscellaneous Manufacturing","3390 - 3399",2012,"NAICS_2007"
"BD - BF","371","Iron, Steel, and Ferroalloys","3311, 3312",2012,"NAICS_2007"
"BG - BI","374","Computer and Peripheral Equipment","3341",2012,"NAICS_2007"
"BJ - BL","375","Basic Chemicals, Resins, and Synthetics","3251, 3252",2012,"NAICS_2007"
"BM - BO","376","Motor Vehicles and Parts","3361 - 3363",2012,"NAICS_2007"
"BP - BR","381","Nonferrous Metals","3313, 3314",2012,"NAICS_2007"
"BS - BU","384","Communications Equipment","3342",2012,"NAICS_2007"
"BV - BX","385","Pharmaceuticals and Medicines","3254",2012,"NAICS_2007"
"BY - CA","386","Aerospace Products and Parts","3364",2012,"NAICS_2007"
"CB","421","Wholesale Trade, Durable Goods","4230 - 4239",2012,"NAICS_2007"
"CC","422","Wholesale Trade, Nondurable Goods","4240 - 4259",2012,"NAICS_2007"
"CD","445","Food and Beverage Stores","4450 - 4459",2012,"NAICS_2007"
"CE","448","Clothing and General Merchandise Stores","4480 - 4489, 4520 - 4529",2012,"NAICS_2007"
"CF","450","All Other Retail Trade","4410 - 4449, 4460 - 4479,",2012,"NAICS_2007"
"CG","511","Publishing Industries, except Internet","5111 - 5112",2012,"NAICS_2007"
"CH","512","Motion Picture and Sound Recording","5121 - 5122",2012,"NAICS_2007"
"CI","515","Broadcasting, except Internet","5151 - 5152",2012,"NAICS_2007"
"CJ","517","Telecommunications","5171 - 5172, 5174, 5179",2012,"NAICS_2007"
"CK","519","All Other Information","5182, 5191",2012,"NAICS_2007"
"CL","545","Computer Systems Design and Related Services","5415",2012,"NAICS_2007"
"CM","546","Management and Technical Consulting Services","5416",2012,"NAICS_2007"
"CN","547","Scientific Research and Development Services","5417",2012,"NAICS_2007"
"CO","549","All Other Professional and Technical Services (except Legal Services)","5412 - 5414, 5418 - 5419",2012,"NAICS_2007"
"CP - CR","CHEM(325,375,385)","Chemicals","3250 - 3259",2012,"NAICS_2007"
"CS - CU","COMP(334,374,384)","Computer and Electronic Products","3340 - 3349",2012,"NAICS_2007"
"CV - CX","PRIM(331,371,381)","Primary Metals","3310 - 3319",2012,"NAICS_2007"
"CY - DI","TDUR(321,327,331-335,337,339,","All Durable Manufacturing","3210 - 3219, 3270 - 3399",2012,"NAICS_2007"
NA,"371,374,376,381,384,386)",NA,NA,2012,"NAICS_2007"
"DJ","TINF(511-512,515,517,519)","All Information","5111 - 5112, 5121 - 5122, 5151 - 5152,",2012,"NAICS_2007"
"DK - DU","TMFG(311-386)","All Manufacturing","3110 - 3399",2012,"NAICS_2007"
"DV","TMIN","All Mining","2110 - 2139",2012,"NAICS_2007"
"DW - EG","TNDU(311-313,315,","All Nondurable Manufacturing","3110 - 3169, 3220 - 3269",2012,"NAICS_2007"
NA,"322-326,375,385)",NA,NA,2012,"NAICS_2007"
"EH","TPTS(545-547,549)","All Professional and Technical Services (except Legal Services)","5412 - 5419",2012,"NAICS_2007"
"EI - EK","TRAN(376,386)","Transportation Equipment","3360 - 3369",2012,"NAICS_2007"
"n/a","n/a","(residual included in Transportation Equipment)","3360, 3365 - 3369",2012,"NAICS_2007"
"EL","TRET(445,448,450)","All Retail Trade","4410 - 4549",2012,"NAICS_2007"
"EM","TWHS(421,422)","All Wholesale Trade","4230 - 4259",2012,"NAICS_2007"
"B - D","311","Food","3110 - 3119",2013,"NAICS_2007"
"E - G","312","Beverage and Tobacco Products","3120 - 3129",2013,"NAICS_2007"
"H - J","313","Textile Mills and Textile Product Mills","3130 - 3149",2013,"NAICS_2007"
"K - M","315","Apparel and Leather Products","3150 - 3169",2013,"NAICS_2007"
"N - P","321","Wood Products","3210 - 3219",2013,"NAICS_2007"
"Q - S","322","Paper","3220 - 3229",2013,"NAICS_2007"
"T - V","323","Printing and Related Support Activities","3230 - 3239",2013,"NAICS_2007"
"W - Y","324","Petroleum and Coal Products","3240 - 3249",2013,"NAICS_2007"
"Z - AB","325","All Other Chemicals","3250, 3253, 3255 - 3259",2013,"NAICS_2007"
"AC - AE","326","Plastics and Rubber Products","3260 - 3269",2013,"NAICS_2007"
"AF - AH","327","Nonmetallic Mineral Products","3270 - 3279",2013,"NAICS_2007"
"AI - AK","331","Foundries","3310, 3315 - 3319",2013,"NAICS_2007"
"AL - AN","332","Fabricated Metal Products","3320 - 3329",2013,"NAICS_2007"
"AO - AQ","333","Machinery","3330 - 3339",2013,"NAICS_2007"
"AR - AT","334","All Other Electronic Products","3340, 3343 - 3349",2013,"NAICS_2007"
"AU - AW","335","Electrical Equipment, Appliances, and Components","3350 - 3359",2013,"NAICS_2007"
"AX - AZ","337","Furniture and Related Products","3370 - 3379",2013,"NAICS_2007"
"BA - BC","339","Miscellaneous Manufacturing","3390 - 3399",2013,"NAICS_2007"
"BD - BF","371","Iron, Steel, and Ferroalloys","3311, 3312",2013,"NAICS_2007"
"BG - BI","374","Computer and Peripheral Equipment","3341",2013,"NAICS_2007"
"BJ - BL","375","Basic Chemicals, Resins, and Synthetics","3251, 3252",2013,"NAICS_2007"
"BM - BO","376","Motor Vehicles and Parts","3361 - 3363",2013,"NAICS_2007"
"BP - BR","381","Nonferrous Metals","3313, 3314",2013,"NAICS_2007"
"BS - BU","384","Communications Equipment","3342",2013,"NAICS_2007"
"BV - BX","385","Pharmaceuticals and Medicines","3254",2013,"NAICS_2007"
"BY - CA","386","Aerospace Products and Parts","3364",2013,"NAICS_2007"
"CB","421","Wholesale Trade, Durable Goods","4230 - 4239",2013,"NAICS_2007"
"CC","422","Wholesale Trade, Nondurable Goods","4240 - 4259",2013,"NAICS_2007"
"CD","445","Food and Beverage Stores","4450 - 4459",2013,"NAICS_2007"
"CE","448","Clothing and General Merchandise Stores","4480 - 4489, 4520 - 4529",2013,"NAICS_2007"
"CF","450","All Other Retail Trade","4410 - 4449, 4460 - 4479,",2013,"NAICS_2007"
"CG","511","Publishing Industries, except Internet","5111 - 5112",2013,"NAICS_2007"
"CH","512","Motion Picture and Sound Recording","5121 - 5122",2013,"NAICS_2007"
"CI","515","Broadcasting, except Internet","5151 - 5152",2013,"NAICS_2007"
"CJ","517","Telecommunications","5171 - 5172, 5174, 5179",2013,"NAICS_2007"
"CK","519","All Other Information","5182, 5191",2013,"NAICS_2007"
"CL","545","Computer Systems Design and Related Services","5415",2013,"NAICS_2007"
"CM","546","Management and Technical Consulting Services","5416",2013,"NAICS_2007"
"CN","547","Scientific Research and Development Services","5417",2013,"NAICS_2007"
"CO","549","All Other Professional and Technical Services (except Legal Services)","5412 - 5414, 5418 - 5419",2013,"NAICS_2007"
"CP - CR","CHEM(325,375,385)","Chemicals","3250 - 3259",2013,"NAICS_2007"
"CS - CU","COMP(334,374,384)","Computer and Electronic Products","3340 - 3349",2013,"NAICS_2007"
"CV - CX","PRIM(331,371,381)","Primary Metals","3310 - 3319",2013,"NAICS_2007"
"CY - DI","TDUR(321,327,331-335,337,339,","All Durable Manufacturing","3210 - 3219, 3270 - 3399",2013,"NAICS_2007"
NA,"371,374,376,381,384,386)",NA,NA,2013,"NAICS_2007"
"DJ","TINF(511-512,515,517,519)","All Information","5111 - 5112, 5121 - 5122, 5151 - 5152,",2013,"NAICS_2007"
"DK - DU","TMFG(311-386)","All Manufacturing","3110 - 3399",2013,"NAICS_2007"
"DV","TMIN","All Mining","2110 - 2139",2013,"NAICS_2007"
"DW - EG","TNDU(311-313,315,","All Nondurable Manufacturing","3110 - 3169, 3220 - 3269",2013,"NAICS_2007"
NA,"322-326,375,385)",NA,NA,2013,"NAICS_2007"
"EH","TPTS(545-547,549)","All Professional and Technical Services (except Legal Services)","5412 - 5419",2013,"NAICS_2007"
"EI - EK","TRAN(376,386)","Transportation Equipment","3360 - 3369",2013,"NAICS_2007"
"n/a","n/a","(residual included in Transportation Equipment)","3360, 3365 - 3369",2013,"NAICS_2007"
"EL","TRET(445,448,450)","All Retail Trade","4410 - 4549",2013,"NAICS_2007"
"EM","TWHS(421,422)","All Wholesale Trade","4230 - 4259",2013,"NAICS_2007"
"B - D","311","Food","3110 - 3119",2014,"NAICS_2007"
"E - G","312","Beverage and Tobacco Products","3120 - 3129",2014,"NAICS_2007"
"H - J","313","Textile Mills and Textile Product Mills","3130 - 3149",2014,"NAICS_2007"
"K - M","315","Apparel and Leather Products","3150 - 3169",2014,"NAICS_2007"
"N - P","321","Wood Products","3210 - 3219",2014,"NAICS_2007"
"Q - S","322","Paper","3220 - 3229",2014,"NAICS_2007"
"T - V","323","Printing and Related Support Activities","3230 - 3239",2014,"NAICS_2007"
"W - Y","324","Petroleum and Coal Products","3240 - 3249",2014,"NAICS_2007"
"Z - AB","325","All Other Chemicals","3250, 3253, 3255 - 3259",2014,"NAICS_2007"
"AC - AE","326","Plastics and Rubber Products","3260 - 3269",2014,"NAICS_2007"
"AF - AH","327","Nonmetallic Mineral Products","3270 - 3279",2014,"NAICS_2007"
"AI - AK","331","Foundries","3310, 3315 - 3319",2014,"NAICS_2007"
"AL - AN","332","Fabricated Metal Products","3320 - 3329",2014,"NAICS_2007"
"AO - AQ","333","Machinery","3330 - 3339",2014,"NAICS_2007"
"AR - AT","334","All Other Electronic Products","3340, 3343 - 3349",2014,"NAICS_2007"
"AU - AW","335","Electrical Equipment, Appliances, and Components","3350 - 3359",2014,"NAICS_2007"
"AX - AZ","337","Furniture and Related Products","3370 - 3379",2014,"NAICS_2007"
"BA - BC","339","Miscellaneous Manufacturing","3390 - 3399",2014,"NAICS_2007"
"BD - BF","371","Iron, Steel, and Ferroalloys","3311, 3312",2014,"NAICS_2007"
"BG - BI","374","Computer and Peripheral Equipment","3341",2014,"NAICS_2007"
"BJ - BL","375","Basic Chemicals, Resins, and Synthetics","3251, 3252",2014,"NAICS_2007"
"BM - BO","376","Motor Vehicles and Parts","3361 - 3363",2014,"NAICS_2007"
"BP - BR","381","Nonferrous Metals","3313, 3314",2014,"NAICS_2007"
"BS - BU","384","Communications Equipment","3342",2014,"NAICS_2007"
"BV - BX","385","Pharmaceuticals and Medicines","3254",2014,"NAICS_2007"
"BY - CA","386","Aerospace Products and Parts","3364",2014,"NAICS_2007"
"CB","421","Wholesale Trade, Durable Goods","4230 - 4239",2014,"NAICS_2007"
"CC","422","Wholesale Trade, Nondurable Goods","4240 - 4259",2014,"NAICS_2007"
"CD","445","Food and Beverage Stores","4450 - 4459",2014,"NAICS_2007"
"CE","448","Clothing and General Merchandise Stores","4480 - 4489, 4520 - 4529",2014,"NAICS_2007"
"CF","450","All Other Retail Trade","4410 - 4449, 4460 - 4479,",2014,"NAICS_2007"
"CG","511","Publishing Industries, except Internet","5111 - 5112",2014,"NAICS_2007"
"CH","512","Motion Picture and Sound Recording","5121 - 5122",2014,"NAICS_2007"
"CI","515","Broadcasting, except Internet","5151 - 5152",2014,"NAICS_2007"
"CJ","517","Telecommunications","5171 - 5172, 5174, 5179",2014,"NAICS_2007"
"CK","519","All Other Information","5182, 5191",2014,"NAICS_2007"
"CL","545","Computer Systems Design and Related Services","5415",2014,"NAICS_2007"
"CM","546","Management and Technical Consulting Services","5416",2014,"NAICS_2007"
"CN","547","Scientific Research and Development Services","5417",2014,"NAICS_2007"
"CO","549","All Other Professional and Technical Services (except Legal Services)","5412 - 5414, 5418 - 5419",2014,"NAICS_2007"
"CP - CR","CHEM(325,375,385)","Chemicals","3250 - 3259",2014,"NAICS_2007"
"CS - CU","COMP(334,374,384)","Computer and Electronic Products","3340 - 3349",2014,"NAICS_2007"
"CV - CX","PRIM(331,371,381)","Primary Metals","3310 - 3319",2014,"NAICS_2007"
"CY - DI","TDUR(321,327,331-335,337,339,","All Durable Manufacturing","3210 - 3219, 3270 - 3399",2014,"NAICS_2007"
NA,"371,374,376,381,384,386)",NA,NA,2014,"NAICS_2007"
"DJ","TINF(511-512,515,517,519)","All Information","5111 - 5112, 5121 - 5122, 5151 - 5152,",2014,"NAICS_2007"
"DK - DU","TMFG(311-386)","All Manufacturing","3110 - 3399",2014,"NAICS_2007"
"DV","TMIN","All Mining","2110 - 2139",2014,"NAICS_2007"
"DW - EG","TNDU(311-313,315,","All Nondurable Manufacturing","3110 - 3169, 3220 - 3269",2014,"NAICS_2007"
NA,"322-326,375,385)",NA,NA,2014,"NAICS_2007"
"EH","TPTS(545-547,549)","All Professional and Technical Services (except Legal Services)","5412 - 5419",2014,"NAICS_2007"
"EI - EK","TRAN(376,386)","Transportation Equipment","3360 - 3369",2014,"NAICS_2007"
"n/a","n/a","(residual included in Transportation Equipment)","3360, 3365 - 3369",2014,"NAICS_2007"
"EL","TRET(445,448,450)","All Retail Trade","4410 - 4549",2014,"NAICS_2007"
"EM","TWHS(421,422)","All Wholesale Trade","4230 - 4259",2014,"NAICS_2007"
"B - D","311","Food","3110 - 3119",2015,"NAICS_2007"
"E - G","312","Beverage and Tobacco Products","3120 - 3129",2015,"NAICS_2007"
"H - J","313","Textile Mills and Textile Product Mills","3130 - 3149",2015,"NAICS_2007"
"K - M","315","Apparel and Leather Products","3150 - 3169",2015,"NAICS_2007"
"N - P","321","Wood Products","3210 - 3219",2015,"NAICS_2007"
"Q - S","322","Paper","3220 - 3229",2015,"NAICS_2007"
"T - V","323","Printing and Related Support Activities","3230 - 3239",2015,"NAICS_2007"
"W - Y","324","Petroleum and Coal Products","3240 - 3249",2015,"NAICS_2007"
"Z - AB","325","All Other Chemicals","3250, 3253, 3255 - 3259",2015,"NAICS_2007"
"AC - AE","326","Plastics and Rubber Products","3260 - 3269",2015,"NAICS_2007"
"AF - AH","327","Nonmetallic Mineral Products","3270 - 3279",2015,"NAICS_2007"
"AI - AK","331","Foundries","3310, 3315 - 3319",2015,"NAICS_2007"
"AL - AN","332","Fabricated Metal Products","3320 - 3329",2015,"NAICS_2007"
"AO - AQ","333","Machinery","3330 - 3339",2015,"NAICS_2007"
"AR - AT","334","All Other Electronic Products","3340, 3343 - 3349",2015,"NAICS_2007"
"AU - AW","335","Electrical Equipment, Appliances, and Components","3350 - 3359",2015,"NAICS_2007"
"AX - AZ","337","Furniture and Related Products","3370 - 3379",2015,"NAICS_2007"
"BA - BC","339","Miscellaneous Manufacturing","3390 - 3399",2015,"NAICS_2007"
"BD - BF","371","Iron, Steel, and Ferroalloys","3311, 3312",2015,"NAICS_2007"
"BG - BI","374","Computer and Peripheral Equipment","3341",2015,"NAICS_2007"
"BJ - BL","375","Basic Chemicals, Resins, and Synthetics","3251, 3252",2015,"NAICS_2007"
"BM - BO","376","Motor Vehicles and Parts","3361 - 3363",2015,"NAICS_2007"
"BP - BR","381","Nonferrous Metals","3313, 3314",2015,"NAICS_2007"
"BS - BU","384","Communications Equipment","3342",2015,"NAICS_2007"
"BV - BX","385","Pharmaceuticals and Medicines","3254",2015,"NAICS_2007"
"BY - CA","386","Aerospace Products and Parts","3364",2015,"NAICS_2007"
"CB","421","Wholesale Trade, Durable Goods","4230 - 4239",2015,"NAICS_2007"
"CC","422","Wholesale Trade, Nondurable Goods","4240 - 4259",2015,"NAICS_2007"
"CD","445","Food and Beverage Stores","4450 - 4459",2015,"NAICS_2007"
"CE","448","Clothing and General Merchandise Stores","4480 - 4489, 4520 - 4529",2015,"NAICS_2007"
"CF","450","All Other Retail Trade","4410 - 4449, 4460 - 4479,",2015,"NAICS_2007"
"CG","511","Publishing Industries, except Internet","5111 - 5112",2015,"NAICS_2007"
"CH","512","Motion Picture and Sound Recording","5121 - 5122",2015,"NAICS_2007"
"CI","515","Broadcasting, except Internet","5151 - 5152",2015,"NAICS_2007"
"CJ","517","Telecommunications","5171 - 5172, 5174, 5179",2015,"NAICS_2007"
"CK","519","All Other Information","5182, 5191",2015,"NAICS_2007"
"CL","545","Computer Systems Design and Related Services","5415",2015,"NAICS_2007"
"CM","546","Management and Technical Consulting Services","5416",2015,"NAICS_2007"
"CN","547","Scientific Research and Development Services","5417",2015,"NAICS_2007"
"CO","549","All Other Professional and Technical Services (except Legal Services)","5412 - 5414, 5418 - 5419",2015,"NAICS_2007"
"CP - CR","CHEM(325,375,385)","Chemicals","3250 - 3259",2015,"NAICS_2007"
"CS - CU","COMP(334,374,384)","Computer and Electronic Products","3340 - 3349",2015,"NAICS_2007"
"CV - CX","PRIM(331,371,381)","Primary Metals","3310 - 3319",2015,"NAICS_2007"
"CY - DI","TDUR(321,327,331-335,337,339,","All Durable Manufacturing","3210 - 3219, 3270 - 3399",2015,"NAICS_2007"
NA,"371,374,376,381,384,386)",NA,NA,2015,"NAICS_2007"
"DJ","TINF(511-512,515,517,519)","All Information","5111 - 5112, 5121 - 5122, 5151 - 5152,",2015,"NAICS_2007"
"DK - DU","TMFG(311-386)","All Manufacturing","3110 - 3399",2015,"NAICS_2007"
"DV","TMIN","All Mining","2110 - 2139",2015,"NAICS_2007"
"DW - EG","TNDU(311-313,315,","All Nondurable Manufacturing","3110 - 3169, 3220 - 3269",2015,"NAICS_2007"
NA,"322-326,375,385)",NA,NA,2015,"NAICS_2007"
"EH","TPTS(545-547,549)","All Professional and Technical Services (except Legal Services)","5412 - 5419",2015,"NAICS_2007"
"EI - EK","TRAN(376,386)","Transportation Equipment","3360 - 3369",2015,"NAICS_2007"
"n/a","n/a","(residual included in Transportation Equipment)","3360, 3365 - 3369",2015,"NAICS_2007"
"EL","TRET(445,448,450)","All Retail Trade","4410 - 4549",2015,"NAICS_2007"
"EM","TWHS(421,422)","All Wholesale Trade","4230 - 4259",2015,"NAICS_2007"
"B - D","311","Food","3110 - 3119",2016,"NAICS_2007"
"E - G","312","Beverage and Tobacco Products","3120 - 3129",2016,"NAICS_2007"
"H - J","313","Textile Mills and Textile Product Mills","3130 - 3149",2016,"NAICS_2007"
"K - M","315","Apparel and Leather Products","3150 - 3169",2016,"NAICS_2007"
"N - P","321","Wood Products","3210 - 3219",2016,"NAICS_2007"
"Q - S","322","Paper","3220 - 3229",2016,"NAICS_2007"
"T - V","323","Printing and Related Support Activities","3230 - 3239",2016,"NAICS_2007"
"W - Y","324","Petroleum and Coal Products","3240 - 3249",2016,"NAICS_2007"
"Z - AB","325","All Other Chemicals","3250, 3253, 3255 - 3259",2016,"NAICS_2007"
"AC - AE","326","Plastics and Rubber Products","3260 - 3269",2016,"NAICS_2007"
"AF - AH","327","Nonmetallic Mineral Products","3270 - 3279",2016,"NAICS_2007"
"AI - AK","331","Foundries","3310, 3315 - 3319",2016,"NAICS_2007"
"AL - AN","332","Fabricated Metal Products","3320 - 3329",2016,"NAICS_2007"
"AO - AQ","333","Machinery","3330 - 3339",2016,"NAICS_2007"
"AR - AT","334","All Other Electronic Products","3340, 3343 - 3349",2016,"NAICS_2007"
"AU - AW","335","Electrical Equipment, Appliances, and Components","3350 - 3359",2016,"NAICS_2007"
"AX - AZ","337","Furniture and Related Products","3370 - 3379",2016,"NAICS_2007"
"BA - BC","339","Miscellaneous Manufacturing","3390 - 3399",2016,"NAICS_2007"
"BD - BF","371","Iron, Steel, and Ferroalloys","3311, 3312",2016,"NAICS_2007"
"BG - BI","374","Computer and Peripheral Equipment","3341",2016,"NAICS_2007"
"BJ - BL","375","Basic Chemicals, Resins, and Synthetics","3251, 3252",2016,"NAICS_2007"
"BM - BO","376","Motor Vehicles and Parts","3361 - 3363",2016,"NAICS_2007"
"BP - BR","381","Nonferrous Metals","3313, 3314",2016,"NAICS_2007"
"BS - BU","384","Communications Equipment","3342",2016,"NAICS_2007"
"BV - BX","385","Pharmaceuticals and Medicines","3254",2016,"NAICS_2007"
"BY - CA","386","Aerospace Products and Parts","3364",2016,"NAICS_2007"
"CB","421","Wholesale Trade, Durable Goods","4230 - 4239",2016,"NAICS_2007"
"CC","422","Wholesale Trade, Nondurable Goods","4240 - 4259",2016,"NAICS_2007"
"CD","445","Food and Beverage Stores","4450 - 4459",2016,"NAICS_2007"
"CE","448","Clothing and General Merchandise Stores","4480 - 4489, 4520 - 4529",2016,"NAICS_2007"
"CF","450","All Other Retail Trade","4410 - 4449, 4460 - 4479,",2016,"NAICS_2007"
"CG","511","Publishing Industries, except Internet","5111 - 5112",2016,"NAICS_2007"
"CH","512","Motion Picture and Sound Recording","5121 - 5122",2016,"NAICS_2007"
"CI","515","Broadcasting, except Internet","5151 - 5152",2016,"NAICS_2007"
"CJ","517","Telecommunications","5171 - 5172, 5174, 5179",2016,"NAICS_2007"
"CK","519","All Other Information","5182, 5191",2016,"NAICS_2007"
"CL","545","Computer Systems Design and Related Services","5415",2016,"NAICS_2007"
"CM","546","Management and Technical Consulting Services","5416",2016,"NAICS_2007"
"CN","547","Scientific Research and Development Services","5417",2016,"NAICS_2007"
"CO","549","All Other Professional and Technical Services (except Legal Services)","5412 - 5414, 5418 - 5419",2016,"NAICS_2007"
"CP - CR","CHEM(325,375,385)","Chemicals","3250 - 3259",2016,"NAICS_2007"
"CS - CU","COMP(334,374,384)","Computer and Electronic Products","3340 - 3349",2016,"NAICS_2007"
"CV - CX","PRIM(331,371,381)","Primary Metals","3310 - 3319",2016,"NAICS_2007"
"CY - DI","TDUR(321,327,331-335,337,339,","All Durable Manufacturing","3210 - 3219, 3270 - 3399",2016,"NAICS_2007"
NA,"371,374,376,381,384,386)",NA,NA,2016,"NAICS_2007"
"DJ","TINF(511-512,515,517,519)","All Information","5111 - 5112, 5121 - 5122, 5151 - 5152,",2016,"NAICS_2007"
"DK - DU","TMFG(311-386)","All Manufacturing","3110 - 3399",2016,"NAICS_2007"
"DV","TMIN","All Mining","2110 - 2139",2016,"NAICS_2007"
"DW - EG","TNDU(311-313,315,","All Nondurable Manufacturing","3110 - 3169, 3220 - 3269",2016,"NAICS_2007"
NA,"322-326,375,385)",NA,NA,2016,"NAICS_2007"
"EH","TPTS(545-547,549)","All Professional and Technical Services (except Legal Services)","5412 - 5419",2016,"NAICS_2007"
"EI - EK","TRAN(376,386)","Transportation Equipment","3360 - 3369",2016,"NAICS_2007"
"n/a","n/a","(residual included in Transportation Equipment)","3360, 3365 - 3369",2016,"NAICS_2007"
"EL","TRET(445,448,450)","All Retail Trade","4410 - 4549",2016,"NAICS_2007"
"EM","TWHS(421,422)","All Wholesale Trade","4230 - 4259",2016,"NAICS_2007"
"B - D","311","Food","3110 - 3119",2017,"NAICS_2007"
"E - G","312","Beverage and Tobacco Products","3120 - 3129",2017,"NAICS_2007"
"H - J","313","Textile Mills and Textile Product Mills","3130 - 3149",2017,"NAICS_2007"
"K - M","315","Apparel and Leather Products","3150 - 3169",2017,"NAICS_2007"
"N - P","321","Wood Products","3210 - 3219",2017,"NAICS_2007"
"Q - S","322","Paper","3220 - 3229",2017,"NAICS_2007"
"T - V","323","Printing and Related Support Activities","3230 - 3239",2017,"NAICS_2007"
"W - Y","324","Petroleum and Coal Products","3240 - 3249",2017,"NAICS_2007"
"Z - AB","325","All Other Chemicals","3250, 3253, 3255 - 3259",2017,"NAICS_2007"
"AC - AE","326","Plastics and Rubber Products","3260 - 3269",2017,"NAICS_2007"
"AF - AH","327","Nonmetallic Mineral Products","3270 - 3279",2017,"NAICS_2007"
"AI - AK","331","Foundries","3310, 3315 - 3319",2017,"NAICS_2007"
"AL - AN","332","Fabricated Metal Products","3320 - 3329",2017,"NAICS_2007"
"AO - AQ","333","Machinery","3330 - 3339",2017,"NAICS_2007"
"AR - AT","334","All Other Electronic Products","3340, 3343 - 3349",2017,"NAICS_2007"
"AU - AW","335","Electrical Equipment, Appliances, and Components","3350 - 3359",2017,"NAICS_2007"
"AX - AZ","337","Furniture and Related Products","3370 - 3379",2017,"NAICS_2007"
"BA - BC","339","Miscellaneous Manufacturing","3390 - 3399",2017,"NAICS_2007"
"BD - BF","371","Iron, Steel, and Ferroalloys","3311, 3312",2017,"NAICS_2007"
"BG - BI","374","Computer and Peripheral Equipment","3341",2017,"NAICS_2007"
"BJ - BL","375","Basic Chemicals, Resins, and Synthetics","3251, 3252",2017,"NAICS_2007"
"BM - BO","376","Motor Vehicles and Parts","3361 - 3363",2017,"NAICS_2007"
"BP - BR","381","Nonferrous Metals","3313, 3314",2017,"NAICS_2007"
"BS - BU","384","Communications Equipment","3342",2017,"NAICS_2007"
"BV - BX","385","Pharmaceuticals and Medicines","3254",2017,"NAICS_2007"
"BY - CA","386","Aerospace Products and Parts","3364",2017,"NAICS_2007"
"CB","421","Wholesale Trade, Durable Goods","4230 - 4239",2017,"NAICS_2007"
"CC","422","Wholesale Trade, Nondurable Goods","4240 - 4259",2017,"NAICS_2007"
"CD","445","Food and Beverage Stores","4450 - 4459",2017,"NAICS_2007"
"CE","448","Clothing and General Merchandise Stores","4480 - 4489, 4520 - 4529",2017,"NAICS_2007"
"CF","450","All Other Retail Trade","4410 - 4449, 4460 - 4479,",2017,"NAICS_2007"
"CG","511","Publishing Industries, except Internet","5111 - 5112",2017,"NAICS_2007"
"CH","512","Motion Picture and Sound Recording","5121 - 5122",2017,"NAICS_2007"
"CI","515","Broadcasting, except Internet","5151 - 5152",2017,"NAICS_2007"
"CJ","517","Telecommunications","5171 - 5172, 5174, 5179",2017,"NAICS_2007"
"CK","519","All Other Information","5182, 5191",2017,"NAICS_2007"
"CL","545","Computer Systems Design and Related Services","5415",2017,"NAICS_2007"
"CM","546","Management and Technical Consulting Services","5416",2017,"NAICS_2007"
"CN","547","Scientific Research and Development Services","5417",2017,"NAICS_2007"
"CO","549","All Other Professional and Technical Services (except Legal Services)","5412 - 5414, 5418 - 5419",2017,"NAICS_2007"
"CP - CR","CHEM(325,375,385)","Chemicals","3250 - 3259",2017,"NAICS_2007"
"CS - CU","COMP(334,374,384)","Computer and Electronic Products","3340 - 3349",2017,"NAICS_2007"
"CV - CX","PRIM(331,371,381)","Primary Metals","3310 - 3319",2017,"NAICS_2007"
"CY - DI","TDUR(321,327,331-335,337,339,","All Durable Manufacturing","3210 - 3219, 3270 - 3399",2017,"NAICS_2007"
NA,"371,374,376,381,384,386)",NA,NA,2017,"NAICS_2007"
"DJ","TINF(511-512,515,517,519)","All Information","5111 - 5112, 5121 - 5122, 5151 - 5152,",2017,"NAICS_2007"
"DK - DU","TMFG(311-386)","All Manufacturing","3110 - 3399",2017,"NAICS_2007"
"DV","TMIN","All Mining","2110 - 2139",2017,"NAICS_2007"
"DW - EG","TNDU(311-313,315,","All Nondurable Manufacturing","3110 - 3169, 3220 - 3269",2017,"NAICS_2007"
NA,"322-326,375,385)",NA,NA,2017,"NAICS_2007"
"EH","TPTS(545-547,549)","All Professional and Technical Services (except Legal Services)","5412 - 5419",2017,"NAICS_2007"
"EI - EK","TRAN(376,386)","Transportation Equipment","3360 - 3369",2017,"NAICS_2007"
"n/a","n/a","(residual included in Transportation Equipment)","3360, 3365 - 3369",2017,"NAICS_2007"
"EL","TRET(445,448,450)","All Retail Trade","4410 - 4549",2017,"NAICS_2007"
"EM","TWHS(421,422)","All Wholesale Trade","4230 - 4259",2017,"NAICS_2007"
"B - D","311","Food","3110 - 3119",2018,"NAICS_2007"
"E - G","312","Beverage and Tobacco Products","3120 - 3129",2018,"NAICS_2007"
"H - J","313","Textile Mills and Textile Product Mills","3130 - 3149",2018,"NAICS_2007"
"K - M","315","Apparel and Leather Products","3150 - 3169",2018,"NAICS_2007"
"N - P","321","Wood Products","3210 - 3219",2018,"NAICS_2007"
"Q - S","322","Paper","3220 - 3229",2018,"NAICS_2007"
"T - V","323","Printing and Related Support Activities","3230 - 3239",2018,"NAICS_2007"
"W - Y","324","Petroleum and Coal Products","3240 - 3249",2018,"NAICS_2007"
"Z - AB","325","All Other Chemicals","3250, 3253, 3255 - 3259",2018,"NAICS_2007"
"AC - AE","326","Plastics and Rubber Products","3260 - 3269",2018,"NAICS_2007"
"AF - AH","327","Nonmetallic Mineral Products","3270 - 3279",2018,"NAICS_2007"
"AI - AK","331","Foundries","3310, 3315 - 3319",2018,"NAICS_2007"
"AL - AN","332","Fabricated Metal Products","3320 - 3329",2018,"NAICS_2007"
"AO - AQ","333","Machinery","3330 - 3339",2018,"NAICS_2007"
"AR - AT","334","All Other Electronic Products","3340, 3343 - 3349",2018,"NAICS_2007"
"AU - AW","335","Electrical Equipment, Appliances, and Components","3350 - 3359",2018,"NAICS_2007"
"AX - AZ","337","Furniture and Related Products","3370 - 3379",2018,"NAICS_2007"
"BA - BC","339","Miscellaneous Manufacturing","3390 - 3399",2018,"NAICS_2007"
"BD - BF","371","Iron, Steel, and Ferroalloys","3311, 3312",2018,"NAICS_2007"
"BG - BI","374","Computer and Peripheral Equipment","3341",2018,"NAICS_2007"
"BJ - BL","375","Basic Chemicals, Resins, and Synthetics","3251, 3252",2018,"NAICS_2007"
"BM - BO","376","Motor Vehicles and Parts","3361 - 3363",2018,"NAICS_2007"
"BP - BR","381","Nonferrous Metals","3313, 3314",2018,"NAICS_2007"
"BS - BU","384","Communications Equipment","3342",2018,"NAICS_2007"
"BV - BX","385","Pharmaceuticals and Medicines","3254",2018,"NAICS_2007"
"BY - CA","386","Aerospace Products and Parts","3364",2018,"NAICS_2007"
"CB","421","Wholesale Trade, Durable Goods","4230 - 4239",2018,"NAICS_2007"
"CC","422","Wholesale Trade, Nondurable Goods","4240 - 4259",2018,"NAICS_2007"
"CD","445","Food and Beverage Stores","4450 - 4459",2018,"NAICS_2007"
"CE","448","Clothing and General Merchandise Stores","4480 - 4489, 4520 - 4529",2018,"NAICS_2007"
"CF","450","All Other Retail Trade","4410 - 4449, 4460 - 4479,",2018,"NAICS_2007"
"CG","511","Publishing Industries, except Internet","5111 - 5112",2018,"NAICS_2007"
"CH","512","Motion Picture and Sound Recording","5121 - 5122",2018,"NAICS_2007"
"CI","515","Broadcasting, except Internet","5151 - 5152",2018,"NAICS_2007"
"CJ","517","Telecommunications","5171 - 5172, 5174, 5179",2018,"NAICS_2007"
"CK","519","All Other Information","5182, 5191",2018,"NAICS_2007"
"CL","545","Computer Systems Design and Related Services","5415",2018,"NAICS_2007"
"CM","546","Management and Technical Consulting Services","5416",2018,"NAICS_2007"
"CN","547","Scientific Research and Development Services","5417",2018,"NAICS_2007"
"CO","549","All Other Professional and Technical Services (except Legal Services)","5412 - 5414, 5418 - 5419",2018,"NAICS_2007"
"CP - CR","CHEM(325,375,385)","Chemicals","3250 - 3259",2018,"NAICS_2007"
"CS - CU","COMP(334,374,384)","Computer and Electronic Products","3340 - 3349",2018,"NAICS_2007"
"CV - CX","PRIM(331,371,381)","Primary Metals","3310 - 3319",2018,"NAICS_2007"
"CY - DI","TDUR(321,327,331-335,337,339,","All Durable Manufacturing","3210 - 3219, 3270 - 3399",2018,"NAICS_2007"
NA,"371,374,376,381,384,386)",NA,NA,2018,"NAICS_2007"
"DJ","TINF(511-512,515,517,519)","All Information","5111 - 5112, 5121 - 5122, 5151 - 5152,",2018,"NAICS_2007"
"DK - DU","TMFG(311-386)","All Manufacturing","3110 - 3399",2018,"NAICS_2007"
"DV","TMIN","All Mining","2110 - 2139",2018,"NAICS_2007"
"DW - EG","TNDU(311-313,315,","All Nondurable Manufacturing","3110 - 3169, 3220 - 3269",2018,"NAICS_2007"
NA,"322-326,375,385)",NA,NA,2018,"NAICS_2007"
"EH","TPTS(545-547,549)","All Professional and Technical Services (except Legal Services)","5412 - 5419",2018,"NAICS_2007"
"EI - EK","TRAN(376,386)","Transportation Equipment","3360 - 3369",2018,"NAICS_2007"
"n/a","n/a","(residual included in Transportation Equipment)","3360, 3365 - 3369",2018,"NAICS_2007"
"EL","TRET(445,448,450)","All Retail Trade","4410 - 4549",2018,"NAICS_2007"
"EM","TWHS(421,422)","All Wholesale Trade","4230 - 4259",2018,"NAICS_2007"
"B - D","311","Food","3110 - 3119",2019,"NAICS_2007"
"E - G","312","Beverage and Tobacco Products","3120 - 3129",2019,"NAICS_2007"
"H - J","313","Textile Mills and Textile Product Mills","3130 - 3149",2019,"NAICS_2007"
"K - M","315","Apparel and Leather Products","3150 - 3169",2019,"NAICS_2007"
"N - P","321","Wood Products","3210 - 3219",2019,"NAICS_2007"
"Q - S","322","Paper","3220 - 3229",2019,"NAICS_2007"
"T - V","323","Printing and Related Support Activities","3230 - 3239",2019,"NAICS_2007"
"W - Y","324","Petroleum and Coal Products","3240 - 3249",2019,"NAICS_2007"
"Z - AB","325","All Other Chemicals","3250, 3253, 3255 - 3259",2019,"NAICS_2007"
"AC - AE","326","Plastics and Rubber Products","3260 - 3269",2019,"NAICS_2007"
"AF - AH","327","Nonmetallic Mineral Products","3270 - 3279",2019,"NAICS_2007"
"AI - AK","331","Foundries","3310, 3315 - 3319",2019,"NAICS_2007"
"AL - AN","332","Fabricated Metal Products","3320 - 3329",2019,"NAICS_2007"
"AO - AQ","333","Machinery","3330 - 3339",2019,"NAICS_2007"
"AR - AT","334","All Other Electronic Products","3340, 3343 - 3349",2019,"NAICS_2007"
"AU - AW","335","Electrical Equipment, Appliances, and Components","3350 - 3359",2019,"NAICS_2007"
"AX - AZ","337","Furniture and Related Products","3370 - 3379",2019,"NAICS_2007"
"BA - BC","339","Miscellaneous Manufacturing","3390 - 3399",2019,"NAICS_2007"
"BD - BF","371","Iron, Steel, and Ferroalloys","3311, 3312",2019,"NAICS_2007"
"BG - BI","374","Computer and Peripheral Equipment","3341",2019,"NAICS_2007"
"BJ - BL","375","Basic Chemicals, Resins, and Synthetics","3251, 3252",2019,"NAICS_2007"
"BM - BO","376","Motor Vehicles and Parts","3361 - 3363",2019,"NAICS_2007"
"BP - BR","381","Nonferrous Metals","3313, 3314",2019,"NAICS_2007"
"BS - BU","384","Communications Equipment","3342",2019,"NAICS_2007"
"BV - BX","385","Pharmaceuticals and Medicines","3254",2019,"NAICS_2007"
"BY - CA","386","Aerospace Products and Parts","3364",2019,"NAICS_2007"
"CB","421","Wholesale Trade, Durable Goods","4230 - 4239",2019,"NAICS_2007"
"CC","422","Wholesale Trade, Nondurable Goods","4240 - 4259",2019,"NAICS_2007"
"CD","445","Food and Beverage Stores","4450 - 4459",2019,"NAICS_2007"
"CE","448","Clothing and General Merchandise Stores","4480 - 4489, 4520 - 4529",2019,"NAICS_2007"
"CF","450","All Other Retail Trade","4410 - 4449, 4460 - 4479,",2019,"NAICS_2007"
"CG","511","Publishing Industries, except Internet","5111 - 5112",2019,"NAICS_2007"
"CH","512","Motion Picture and Sound Recording","5121 - 5122",2019,"NAICS_2007"
"CI","515","Broadcasting, except Internet","5151 - 5152",2019,"NAICS_2007"
"CJ","517","Telecommunications","5171 - 5172, 5174, 5179",2019,"NAICS_2007"
"CK","519","All Other Information","5182, 5191",2019,"NAICS_2007"
"CL","545","Computer Systems Design and Related Services","5415",2019,"NAICS_2007"
"CM","546","Management and Technical Consulting Services","5416",2019,"NAICS_2007"
"CN","547","Scientific Research and Development Services","5417",2019,"NAICS_2007"
"CO","549","All Other Professional and Technical Services (except Legal Services)","5412 - 5414, 5418 - 5419",2019,"NAICS_2007"
"CP - CR","CHEM(325,375,385)","Chemicals","3250 - 3259",2019,"NAICS_2007"
"CS - CU","COMP(334,374,384)","Computer and Electronic Products","3340 - 3349",2019,"NAICS_2007"
"CV - CX","PRIM(331,371,381)","Primary Metals","3310 - 3319",2019,"NAICS_2007"
"CY - DI","TDUR(321,327,331-335,337,339,","All Durable Manufacturing","3210 - 3219, 3270 - 3399",2019,"NAICS_2007"
NA,"371,374,376,381,384,386)",NA,NA,2019,"NAICS_2007"
"DJ","TINF(511-512,515,517,519)","All Information","5111 - 5112, 5121 - 5122, 5151 - 5152,",2019,"NAICS_2007"
"DK - DU","TMFG(311-386)","All Manufacturing","3110 - 3399",2019,"NAICS_2007"
"DV","TMIN","All Mining","2110 - 2139",2019,"NAICS_2007"
"DW - EG","TNDU(311-313,315,","All Nondurable Manufacturing","3110 - 3169, 3220 - 3269",2019,"NAICS_2007"
NA,"322-326,375,385)",NA,NA,2019,"NAICS_2007"
"EH","TPTS(545-547,549)","All Professional and Technical Services (except Legal Services)","5412 - 5419",2019,"NAICS_2007"
"EI - EK","TRAN(376,386)","Transportation Equipment","3360 - 3369",2019,"NAICS_2007"
"n/a","n/a","(residual included in Transportation Equipment)","3360, 3365 - 3369",2019,"NAICS_2007"
"EL","TRET(445,448,450)","All Retail Trade","4410 - 4549",2019,"NAICS_2007"
"EM","TWHS(421,422)","All Wholesale Trade","4230 - 4259",2019,"NAICS_2007"
"B - D","311","Food","3110 - 3119",2020,"NAICS_2007"
"E - G","312","Beverage and Tobacco Products","3120 - 3129",2020,"NAICS_2007"
"H - J","313","Textile Mills and Textile Product Mills","3130 - 3149",2020,"NAICS_2007"
"K - M","315","Apparel and Leather Products","3150 - 3169",2020,"NAICS_2007"
"N - P","321","Wood Products","3210 - 3219",2020,"NAICS_2007"
"Q - S","322","Paper","3220 - 3229",2020,"NAICS_2007"
"T - V","323","Printing and Related Support Activities","3230 - 3239",2020,"NAICS_2007"
"W - Y","324","Petroleum and Coal Products","3240 - 3249",2020,"NAICS_2007"
"Z - AB","325","All Other Chemicals","3250, 3253, 3255 - 3259",2020,"NAICS_2007"
"AC - AE","326","Plastics and Rubber Products","3260 - 3269",2020,"NAICS_2007"
"AF - AH","327","Nonmetallic Mineral Products","3270 - 3279",2020,"NAICS_2007"
"AI - AK","331","Foundries","3310, 3315 - 3319",2020,"NAICS_2007"
"AL - AN","332","Fabricated Metal Products","3320 - 3329",2020,"NAICS_2007"
"AO - AQ","333","Machinery","3330 - 3339",2020,"NAICS_2007"
"AR - AT","334","All Other Electronic Products","3340, 3343 - 3349",2020,"NAICS_2007"
"AU - AW","335","Electrical Equipment, Appliances, and Components","3350 - 3359",2020,"NAICS_2007"
"AX - AZ","337","Furniture and Related Products","3370 - 3379",2020,"NAICS_2007"
"BA - BC","339","Miscellaneous Manufacturing","3390 - 3399",2020,"NAICS_2007"
"BD - BF","371","Iron, Steel, and Ferroalloys","3311, 3312",2020,"NAICS_2007"
"BG - BI","374","Computer and Peripheral Equipment","3341",2020,"NAICS_2007"
"BJ - BL","375","Basic Chemicals, Resins, and Synthetics","3251, 3252",2020,"NAICS_2007"
"BM - BO","376","Motor Vehicles and Parts","3361 - 3363",2020,"NAICS_2007"
"BP - BR","381","Nonferrous Metals","3313, 3314",2020,"NAICS_2007"
"BS - BU","384","Communications Equipment","3342",2020,"NAICS_2007"
"BV - BX","385","Pharmaceuticals and Medicines","3254",2020,"NAICS_2007"
"BY - CA","386","Aerospace Products and Parts","3364",2020,"NAICS_2007"
"CB","421","Wholesale Trade, Durable Goods","4230 - 4239",2020,"NAICS_2007"
"CC","422","Wholesale Trade, Nondurable Goods","4240 - 4259",2020,"NAICS_2007"
"CD","445","Food and Beverage Stores","4450 - 4459",2020,"NAICS_2007"
"CE","448","Clothing and General Merchandise Stores","4480 - 4489, 4520 - 4529",2020,"NAICS_2007"
"CF","450","All Other Retail Trade","4410 - 4449, 4460 - 4479,",2020,"NAICS_2007"
"CG","511","Publishing Industries, except Internet","5111 - 5112",2020,"NAICS_2007"
"CH","512","Motion Picture and Sound Recording","5121 - 5122",2020,"NAICS_2007"
"CI","515","Broadcasting, except Internet","5151 - 5152",2020,"NAICS_2007"
"CJ","517","Telecommunications","5171 - 5172, 5174, 5179",2020,"NAICS_2007"
"CK","519","All Other Information","5182, 5191",2020,"NAICS_2007"
"CL","545","Computer Systems Design and Related Services","5415",2020,"NAICS_2007"
"CM","546","Management and Technical Consulting Services","5416",2020,"NAICS_2007"
"CN","547","Scientific Research and Development Services","5417",2020,"NAICS_2007"
"CO","549","All Other Professional and Technical Services (except Legal Services)","5412 - 5414, 5418 - 5419",2020,"NAICS_2007"
"CP - CR","CHEM(325,375,385)","Chemicals","3250 - 3259",2020,"NAICS_2007"
"CS - CU","COMP(334,374,384)","Computer and Electronic Products","3340 - 3349",2020,"NAICS_2007"
"CV - CX","PRIM(331,371,381)","Primary Metals","3310 - 3319",2020,"NAICS_2007"
"CY - DI","TDUR(321,327,331-335,337,339,","All Durable Manufacturing","3210 - 3219, 3270 - 3399",2020,"NAICS_2007"
NA,"371,374,376,381,384,386)",NA,NA,2020,"NAICS_2007"
"DJ","TINF(511-512,515,517,519)","All Information","5111 - 5112, 5121 - 5122, 5151 - 5152,",2020,"NAICS_2007"
"DK - DU","TMFG(311-386)","All Manufacturing","3110 - 3399",2020,"NAICS_2007"
"DV","TMIN","All Mining","2110 - 2139",2020,"NAICS_2007"
"DW - EG","TNDU(311-313,315,","All Nondurable Manufacturing","3110 - 3169, 3220 - 3269",2020,"NAICS_2007"
NA,"322-326,375,385)",NA,NA,2020,"NAICS_2007"
"EH","TPTS(545-547,549)","All Professional and Technical Services (except Legal Services)","5412 - 5419",2020,"NAICS_2007"
"EI - EK","TRAN(376,386)","Transportation Equipment","3360 - 3369",2020,"NAICS_2007"
"n/a","n/a","(residual included in Transportation Equipment)","3360, 3365 - 3369",2020,"NAICS_2007"
"EL","TRET(445,448,450)","All Retail Trade","4410 - 4549",2020,"NAICS_2007"
"EM","TWHS(421,422)","All Wholesale Trade","4230 - 4259",2020,"NAICS_2007"
"B - D","311","Food","3110 - 3119",2021,"NAICS_2007"
"E - G","312","Beverage and Tobacco Products","3120 - 3129",2021,"NAICS_2007"
"H - J","313","Textile Mills and Textile Product Mills","3130 - 3149",2021,"NAICS_2007"
"K - M","315","Apparel and Leather Products","3150 - 3169",2021,"NAICS_2007"
"N - P","321","Wood Products","3210 - 3219",2021,"NAICS_2007"
"Q - S","322","Paper","3220 - 3229",2021,"NAICS_2007"
"T - V","323","Printing and Related Support Activities","3230 - 3239",2021,"NAICS_2007"
"W - Y","324","Petroleum and Coal Products","3240 - 3249",2021,"NAICS_2007"
"Z - AB","325","All Other Chemicals","3250, 3253, 3255 - 3259",2021,"NAICS_2007"
"AC - AE","326","Plastics and Rubber Products","3260 - 3269",2021,"NAICS_2007"
"AF - AH","327","Nonmetallic Mineral Products","3270 - 3279",2021,"NAICS_2007"
"AI - AK","331","Foundries","3310, 3315 - 3319",2021,"NAICS_2007"
"AL - AN","332","Fabricated Metal Products","3320 - 3329",2021,"NAICS_2007"
"AO - AQ","333","Machinery","3330 - 3339",2021,"NAICS_2007"
"AR - AT","334","All Other Electronic Products","3340, 3343 - 3349",2021,"NAICS_2007"
"AU - AW","335","Electrical Equipment, Appliances, and Components","3350 - 3359",2021,"NAICS_2007"
"AX - AZ","337","Furniture and Related Products","3370 - 3379",2021,"NAICS_2007"
"BA - BC","339","Miscellaneous Manufacturing","3390 - 3399",2021,"NAICS_2007"
"BD - BF","371","Iron, Steel, and Ferroalloys","3311, 3312",2021,"NAICS_2007"
"BG - BI","374","Computer and Peripheral Equipment","3341",2021,"NAICS_2007"
"BJ - BL","375","Basic Chemicals, Resins, and Synthetics","3251, 3252",2021,"NAICS_2007"
"BM - BO","376","Motor Vehicles and Parts","3361 - 3363",2021,"NAICS_2007"
"BP - BR","381","Nonferrous Metals","3313, 3314",2021,"NAICS_2007"
"BS - BU","384","Communications Equipment","3342",2021,"NAICS_2007"
"BV - BX","385","Pharmaceuticals and Medicines","3254",2021,"NAICS_2007"
"BY - CA","386","Aerospace Products and Parts","3364",2021,"NAICS_2007"
"CB","421","Wholesale Trade, Durable Goods","4230 - 4239",2021,"NAICS_2007"
"CC","422","Wholesale Trade, Nondurable Goods","4240 - 4259",2021,"NAICS_2007"
"CD","445","Food and Beverage Stores","4450 - 4459",2021,"NAICS_2007"
"CE","448","Clothing and General Merchandise Stores","4480 - 4489, 4520 - 4529",2021,"NAICS_2007"
"CF","450","All Other Retail Trade","4410 - 4449, 4460 - 4479,",2021,"NAICS_2007"
"CG","511","Publishing Industries, except Internet","5111 - 5112",2021,"NAICS_2007"
"CH","512","Motion Picture and Sound Recording","5121 - 5122",2021,"NAICS_2007"
"CI","515","Broadcasting, except Internet","5151 - 5152",2021,"NAICS_2007"
"CJ","517","Telecommunications","5171 - 5172, 5174, 5179",2021,"NAICS_2007"
"CK","519","All Other Information","5182, 5191",2021,"NAICS_2007"
"CL","545","Computer Systems Design and Related Services","5415",2021,"NAICS_2007"
"CM","546","Management and Technical Consulting Services","5416",2021,"NAICS_2007"
"CN","547","Scientific Research and Development Services","5417",2021,"NAICS_2007"
"CO","549","All Other Professional and Technical Services (except Legal Services)","5412 - 5414, 5418 - 5419",2021,"NAICS_2007"
"CP - CR","CHEM(325,375,385)","Chemicals","3250 - 3259",2021,"NAICS_2007"
"CS - CU","COMP(334,374,384)","Computer and Electronic Products","3340 - 3349",2021,"NAICS_2007"
"CV - CX","PRIM(331,371,381)","Primary Metals","3310 - 3319",2021,"NAICS_2007"
"CY - DI","TDUR(321,327,331-335,337,339,","All Durable Manufacturing","3210 - 3219, 3270 - 3399",2021,"NAICS_2007"
NA,"371,374,376,381,384,386)",NA,NA,2021,"NAICS_2007"
"DJ","TINF(511-512,515,517,519)","All Information","5111 - 5112, 5121 - 5122, 5151 - 5152,",2021,"NAICS_2007"
"DK - DU","TMFG(311-386)","All Manufacturing","3110 - 3399",2021,"NAICS_2007"
"DV","TMIN","All Mining","2110 - 2139",2021,"NAICS_2007"
"DW - EG","TNDU(311-313,315,","All Nondurable Manufacturing","3110 - 3169, 3220 - 3269",2021,"NAICS_2007"
NA,"322-326,375,385)",NA,NA,2021,"NAICS_2007"
"EH","TPTS(545-547,549)","All Professional and Technical Services (except Legal Services)","5412 - 5419",2021,"NAICS_2007"
"EI - EK","TRAN(376,386)","Transportation Equipment","3360 - 3369",2021,"NAICS_2007"
"n/a","n/a","(residual included in Transportation Equipment)","3360, 3365 - 3369",2021,"NAICS_2007"
"EL","TRET(445,448,450)","All Retail Trade","4410 - 4549",2021,"NAICS_2007"
"EM","TWHS(421,422)","All Wholesale Trade","4230 - 4259",2021,"NAICS_2007"
"B - D","311","Food","3110 - 3119",2022,"NAICS_2007"
"E - G","312","Beverage and Tobacco Products","3120 - 3129",2022,"NAICS_2007"
"H - J","313","Textile Mills and Textile Product Mills","3130 - 3149",2022,"NAICS_2007"
"K - M","315","Apparel and Leather Products","3150 - 3169",2022,"NAICS_2007"
"N - P","321","Wood Products","3210 - 3219",2022,"NAICS_2007"
"Q - S","322","Paper","3220 - 3229",2022,"NAICS_2007"
"T - V","323","Printing and Related Support Activities","3230 - 3239",2022,"NAICS_2007"
"W - Y","324","Petroleum and Coal Products","3240 - 3249",2022,"NAICS_2007"
"Z - AB","325","All Other Chemicals","3250, 3253, 3255 - 3259",2022,"NAICS_2007"
"AC - AE","326","Plastics and Rubber Products","3260 - 3269",2022,"NAICS_2007"
"AF - AH","327","Nonmetallic Mineral Products","3270 - 3279",2022,"NAICS_2007"
"AI - AK","331","Foundries","3310, 3315 - 3319",2022,"NAICS_2007"
"AL - AN","332","Fabricated Metal Products","3320 - 3329",2022,"NAICS_2007"
"AO - AQ","333","Machinery","3330 - 3339",2022,"NAICS_2007"
"AR - AT","334","All Other Electronic Products","3340, 3343 - 3349",2022,"NAICS_2007"
"AU - AW","335","Electrical Equipment, Appliances, and Components","3350 - 3359",2022,"NAICS_2007"
"AX - AZ","337","Furniture and Related Products","3370 - 3379",2022,"NAICS_2007"
"BA - BC","339","Miscellaneous Manufacturing","3390 - 3399",2022,"NAICS_2007"
"BD - BF","371","Iron, Steel, and Ferroalloys","3311, 3312",2022,"NAICS_2007"
"BG - BI","374","Computer and Peripheral Equipment","3341",2022,"NAICS_2007"
"BJ - BL","375","Basic Chemicals, Resins, and Synthetics","3251, 3252",2022,"NAICS_2007"
"BM - BO","376","Motor Vehicles and Parts","3361 - 3363",2022,"NAICS_2007"
"BP - BR","381","Nonferrous Metals","3313, 3314",2022,"NAICS_2007"
"BS - BU","384","Communications Equipment","3342",2022,"NAICS_2007"
"BV - BX","385","Pharmaceuticals and Medicines","3254",2022,"NAICS_2007"
"BY - CA","386","Aerospace Products and Parts","3364",2022,"NAICS_2007"
"CB","421","Wholesale Trade, Durable Goods","4230 - 4239",2022,"NAICS_2007"
"CC","422","Wholesale Trade, Nondurable Goods","4240 - 4259",2022,"NAICS_2007"
"CD","445","Food and Beverage Stores","4450 - 4459",2022,"NAICS_2007"
"CE","448","Clothing and General Merchandise Stores","4480 - 4489, 4520 - 4529",2022,"NAICS_2007"
"CF","450","All Other Retail Trade","4410 - 4449, 4460 - 4479,",2022,"NAICS_2007"
"CG","511","Publishing Industries, except Internet","5111 - 5112",2022,"NAICS_2007"
"CH","512","Motion Picture and Sound Recording","5121 - 5122",2022,"NAICS_2007"
"CI","515","Broadcasting, except Internet","5151 - 5152",2022,"NAICS_2007"
"CJ","517","Telecommunications","5171 - 5172, 5174, 5179",2022,"NAICS_2007"
"CK","519","All Other Information","5182, 5191",2022,"NAICS_2007"
"CL","545","Computer Systems Design and Related Services","5415",2022,"NAICS_2007"
"CM","546","Management and Technical Consulting Services","5416",2022,"NAICS_2007"
"CN","547","Scientific Research and Development Services","5417",2022,"NAICS_2007"
"CO","549","All Other Professional and Technical Services (except Legal Services)","5412 - 5414, 5418 - 5419",2022,"NAICS_2007"
"CP - CR","CHEM(325,375,385)","Chemicals","3250 - 3259",2022,"NAICS_2007"
"CS - CU","COMP(334,374,384)","Computer and Electronic Products","3340 - 3349",2022,"NAICS_2007"
"CV - CX","PRIM(331,371,381)","Primary Metals","3310 - 3319",2022,"NAICS_2007"
"CY - DI","TDUR(321,327,331-335,337,339,","All Durable Manufacturing","3210 - 3219, 3270 - 3399",2022,"NAICS_2007"
NA,"371,374,376,381,384,386)",NA,NA,2022,"NAICS_2007"
"DJ","TINF(511-512,515,517,519)","All Information","5111 - 5112, 5121 - 5122, 5151 - 5152,",2022,"NAICS_2007"
"DK - DU","TMFG(311-386)","All Manufacturing","3110 - 3399",2022,"NAICS_2007"
"DV","TMIN","All Mining","2110 - 2139",2022,"NAICS_2007"
"DW - EG","TNDU(311-313,315,","All Nondurable Manufacturing","3110 - 3169, 3220 - 3269",2022,"NAICS_2007"
NA,"322-326,375,385)",NA,NA,2022,"NAICS_2007"
"EH","TPTS(545-547,549)","All Professional and Technical Services (except Legal Services)","5412 - 5419",2022,"NAICS_2007"
"EI - EK","TRAN(376,386)","Transportation Equipment","3360 - 3369",2022,"NAICS_2007"
"n/a","n/a","(residual included in Transportation Equipment)","3360, 3365 - 3369",2022,"NAICS_2007"
"EL","TRET(445,448,450)","All Retail Trade","4410 - 4549",2022,"NAICS_2007"
"EM","TWHS(421,422)","All Wholesale Trade","4230 - 4259",2022,"NAICS_2007"
"B - D","311","Food","3110 - 3119",2023,"NAICS_2022"
"E - G","312","Beverage and Tobacco Products","3120 - 3129",2023,"NAICS_2022"
"H - J","313","Textile Mills and Textile Product Mills","3130 - 3149",2023,"NAICS_2022"
"K - M","315","Apparel and Leather Products","3150 - 3169",2023,"NAICS_2022"
"N - P","321","Wood Products","3210 - 3219",2023,"NAICS_2022"
"Q - S","322","Paper","3220 - 3229",2023,"NAICS_2022"
"T - V","323","Printing and Related Support Activities","3230 - 3239",2023,"NAICS_2022"
"W - Y","324","Petroleum and Coal Products","3240 - 3249",2023,"NAICS_2022"
"Z - AB","325","All Other Chemicals","3250, 3253, 3255 - 3259",2023,"NAICS_2022"
"AC - AE","326","Plastics and Rubber Products","3260 - 3269",2023,"NAICS_2022"
"AF - AH","327","Nonmetallic Mineral Products","3270 - 3279",2023,"NAICS_2022"
"AI - AK","331","Foundries","3310, 3315 - 3319",2023,"NAICS_2022"
"AL - AN","332","Fabricated Metal Products","3320 - 3329",2023,"NAICS_2022"
"AO - AQ","333","Machinery","3330 - 3339",2023,"NAICS_2022"
"AR - AT","334","All Other Electronic Products","3340, 3343 - 3349",2023,"NAICS_2022"
"AU - AW","335","Electrical Equipment, Appliances, and Components","3350 - 3359",2023,"NAICS_2022"
"AX - AZ","337","Furniture and Related Products","3370 - 3379",2023,"NAICS_2022"
"BA - BC","339","Miscellaneous Manufacturing","3390 - 3399",2023,"NAICS_2022"
"BD - BF","371","Iron, Steel, and Ferroalloys","3311, 3312",2023,"NAICS_2022"
"BG - BI","374","Computer and Peripheral Equipment","3341",2023,"NAICS_2022"
"BJ - BL","375","Basic Chemicals, Resins, and Synthetics","3251, 3252",2023,"NAICS_2022"
"BM - BO","376","Motor Vehicles and Parts","3361 - 3363",2023,"NAICS_2022"
"BP - BR","381","Nonferrous Metals","3313, 3314",2023,"NAICS_2022"
"BS - BU","384","Communications Equipment","3342",2023,"NAICS_2022"
"BV - BX","385","Pharmaceuticals and Medicines","3254",2023,"NAICS_2022"
"BY - CA","386","Aerospace Products and Parts","3364",2023,"NAICS_2022"
"CB","421","Wholesale Trade, Durable Goods","4230 - 4239",2023,"NAICS_2022"
"CC","422","Wholesale Trade, Nondurable Goods","4240 - 4259",2023,"NAICS_2022"
"CD","445","Food and Beverage Stores","4450 - 4459",2023,"NAICS_2022"
"CE","458","General Merchandise and Clothing Stores","4550 - 4559, 4580 - 4589",2023,"NAICS_2022"
"CF","450","All Other Retail Trade","4410 - 4419, 4440 - 4449,",2023,"NAICS_2022"
"CG","512","Motion Picture and Sound Recording","5121 - 5129",2023,"NAICS_2022"
"CH","513","Publishing Industries","5131 - 5139",2023,"NAICS_2022"
"CI","516","Broadcasting and Content Providers","5161 - 5169",2023,"NAICS_2022"
"CJ","517","Telecommunications","5171 - 5172, 5174, 5179",2023,"NAICS_2022"
"CK","519","All Other Information","5182, 5191",2023,"NAICS_2022"
"CL","545","Computer Systems Design and Related Services","5415",2023,"NAICS_2022"
"CM","546","Management and Technical Consulting Services","5416",2023,"NAICS_2022"
"CN","547","Scientific Research and Development Services","5417",2023,"NAICS_2022"
"CO","549","All Other Professional and Technical Services (except Legal Services)","5412 - 5414, 5418 - 5419",2023,"NAICS_2022"
"CP - CR","CHEM(325,375,385)","Chemicals","3250 - 3259",2023,"NAICS_2022"
"CS - CU","COMP(334,374,384)","Computer and Electronic Products","3340 - 3349",2023,"NAICS_2022"
"CV - CX","PRIM(331,371,381)","Primary Metals","3310 - 3319",2023,"NAICS_2022"
"CY - DI","TDUR(321,327,331-335,337,339,","All Durable Manufacturing","3210 - 3219, 3270 - 3399",2023,"NAICS_2022"
NA,"371,374,376,381,384,386)",NA,NA,2023,"NAICS_2022"
"DJ","TINF(511-512,515,517,519)","All Information","5111 - 5112, 5121 - 5122, 5151 - 5152,",2023,"NAICS_2022"
"DK - DU","TMFG(311-386)","All Manufacturing","3110 - 3399",2023,"NAICS_2022"
"DV","TMIN","All Mining","2110 - 2139",2023,"NAICS_2022"
"DW - EG","TNDU(311-313,315,","All Nondurable Manufacturing","3110 - 3169, 3220 - 3269",2023,"NAICS_2022"
NA,"322-326,375,385)",NA,NA,2023,"NAICS_2022"
"EH","TPTS(545-547,549)","All Professional and Technical Services (except Legal Services)","5412 - 5419",2023,"NAICS_2022"
"EI - EK","TRAN(376,386)","Transportation Equipment","3360 - 3369",2023,"NAICS_2022"
"n/a","n/a","(residual included in Transportation Equipment)","3360, 3365 - 3369",2023,"NAICS_2022"
"EL","TRET(445,448,450)","All Retail Trade","4410 - 4549",2023,"NAICS_2022"
"EM","TWHS(421,422)","All Wholesale Trade","4230 - 4259",2023,"NAICS_2022"
"B - D","311","Food","3110 - 3119",2024,"NAICS_2022"
"E - G","312","Beverage and Tobacco Products","3120 - 3129",2024,"NAICS_2022"
"H - J","313","Textile Mills and Textile Product Mills","3130 - 3149",2024,"NAICS_2022"
"K - M","315","Apparel and Leather Products","3150 - 3169",2024,"NAICS_2022"
"N - P","321","Wood Products","3210 - 3219",2024,"NAICS_2022"
"Q - S","322","Paper","3220 - 3229",2024,"NAICS_2022"
"T - V","323","Printing and Related Support Activities","3230 - 3239",2024,"NAICS_2022"
"W - Y","324","Petroleum and Coal Products","3240 - 3249",2024,"NAICS_2022"
"Z - AB","325","All Other Chemicals","3250, 3253, 3255 - 3259",2024,"NAICS_2022"
"AC - AE","326","Plastics and Rubber Products","3260 - 3269",2024,"NAICS_2022"
"AF - AH","327","Nonmetallic Mineral Products","3270 - 3279",2024,"NAICS_2022"
"AI - AK","331","Foundries","3310, 3315 - 3319",2024,"NAICS_2022"
"AL - AN","332","Fabricated Metal Products","3320 - 3329",2024,"NAICS_2022"
"AO - AQ","333","Machinery","3330 - 3339",2024,"NAICS_2022"
"AR - AT","334","All Other Electronic Products","3340, 3343 - 3349",2024,"NAICS_2022"
"AU - AW","335","Electrical Equipment, Appliances, and Components","3350 - 3359",2024,"NAICS_2022"
"AX - AZ","337","Furniture and Related Products","3370 - 3379",2024,"NAICS_2022"
"BA - BC","339","Miscellaneous Manufacturing","3390 - 3399",2024,"NAICS_2022"
"BD - BF","371","Iron, Steel, and Ferroalloys","3311, 3312",2024,"NAICS_2022"
"BG - BI","374","Computer and Peripheral Equipment","3341",2024,"NAICS_2022"
"BJ - BL","375","Basic Chemicals, Resins, and Synthetics","3251, 3252",2024,"NAICS_2022"
"BM - BO","376","Motor Vehicles and Parts","3361 - 3363",2024,"NAICS_2022"
"BP - BR","381","Nonferrous Metals","3313, 3314",2024,"NAICS_2022"
"BS - BU","384","Communications Equipment","3342",2024,"NAICS_2022"
"BV - BX","385","Pharmaceuticals and Medicines","3254",2024,"NAICS_2022"
"BY - CA","386","Aerospace Products and Parts","3364",2024,"NAICS_2022"
"CB","421","Wholesale Trade, Durable Goods","4230 - 4239",2024,"NAICS_2022"
"CC","422","Wholesale Trade, Nondurable Goods","4240 - 4259",2024,"NAICS_2022"
"CD","445","Food and Beverage Stores","4450 - 4459",2024,"NAICS_2022"
"CE","458","General Merchandise and Clothing Stores","4550 - 4559, 4580 - 4589",2024,"NAICS_2022"
"CF","450","All Other Retail Trade","4410 - 4419, 4440 - 4449,",2024,"NAICS_2022"
"CG","512","Motion Picture and Sound Recording","5121 - 5129",2024,"NAICS_2022"
"CH","513","Publishing Industries","5131 - 5139",2024,"NAICS_2022"
"CI","516","Broadcasting and Content Providers","5161 - 5169",2024,"NAICS_2022"
"CJ","517","Telecommunications","5171 - 5172, 5174, 5179",2024,"NAICS_2022"
"CK","519","All Other Information","5182, 5191",2024,"NAICS_2022"
"CL","545","Computer Systems Design and Related Services","5415",2024,"NAICS_2022"
"CM","546","Management and Technical Consulting Services","5416",2024,"NAICS_2022"
"CN","547","Scientific Research and Development Services","5417",2024,"NAICS_2022"
"CO","549","All Other Professional and Technical Services (except Legal Services)","5412 - 5414, 5418 - 5419",2024,"NAICS_2022"
"CP - CR","CHEM(325,375,385)","Chemicals","3250 - 3259",2024,"NAICS_2022"
"CS - CU","COMP(334,374,384)","Computer and Electronic Products","3340 - 3349",2024,"NAICS_2022"
"CV - CX","PRIM(331,371,381)","Primary Metals","3310 - 3319",2024,"NAICS_2022"
"CY - DI","TDUR(321,327,331-335,337,339,","All Durable Manufacturing","3210 - 3219, 3270 - 3399",2024,"NAICS_2022"
NA,"371,374,376,381,384,386)",NA,NA,2024,"NAICS_2022"
"DJ","TINF(511-512,515,517,519)","All Information","5111 - 5112, 5121 - 5122, 5151 - 5152,",2024,"NAICS_2022"
"DK - DU","TMFG(311-386)","All Manufacturing","3110 - 3399",2024,"NAICS_2022"
"DV","TMIN","All Mining","2110 - 2139",2024,"NAICS_2022"
"DW - EG","TNDU(311-313,315,","All Nondurable Manufacturing","3110 - 3169, 3220 - 3269",2024,"NAICS_2022"
NA,"322-326,375,385)",NA,NA,2024,"NAICS_2022"
"EH","TPTS(545-547,549)","All Professional and Technical Services (except Legal Services)","5412 - 5419",2024,"NAICS_2022"
"EI - EK","TRAN(376,386)","Transportation Equipment","3360 - 3369",2024,"NAICS_2022"
"n/a","n/a","(residual included in Transportation Equipment)","3360, 3365 - 3369",2024,"NAICS_2022"
"EL","TRET(445,448,450)","All Retail Trade","4410 - 4549",2024,"NAICS_2022"
"EM","TWHS(421,422)","All Wholesale Trade","4230 - 4259",2024,"NAICS_2022"
"B - D","311","Food","3110 - 3119",2025,"NAICS_2022"
"E - G","312","Beverage and Tobacco Products","3120 - 3129",2025,"NAICS_2022"
"H - J","313","Textile Mills and Textile Product Mills","3130 - 3149",2025,"NAICS_2022"
"K - M","315","Apparel and Leather Products","3150 - 3169",2025,"NAICS_2022"
"N - P","321","Wood Products","3210 - 3219",2025,"NAICS_2022"
"Q - S","322","Paper","3220 - 3229",2025,"NAICS_2022"
"T - V","323","Printing and Related Support Activities","3230 - 3239",2025,"NAICS_2022"
"W - Y","324","Petroleum and Coal Products","3240 - 3249",2025,"NAICS_2022"
"Z - AB","325","All Other Chemicals","3250, 3253, 3255 - 3259",2025,"NAICS_2022"
"AC - AE","326","Plastics and Rubber Products","3260 - 3269",2025,"NAICS_2022"
"AF - AH","327","Nonmetallic Mineral Products","3270 - 3279",2025,"NAICS_2022"
"AI - AK","331","Foundries","3310, 3315 - 3319",2025,"NAICS_2022"
"AL - AN","332","Fabricated Metal Products","3320 - 3329",2025,"NAICS_2022"
"AO - AQ","333","Machinery","3330 - 3339",2025,"NAICS_2022"
"AR - AT","334","All Other Electronic Products","3340, 3343 - 3349",2025,"NAICS_2022"
"AU - AW","335","Electrical Equipment, Appliances, and Components","3350 - 3359",2025,"NAICS_2022"
"AX - AZ","337","Furniture and Related Products","3370 - 3379",2025,"NAICS_2022"
"BA - BC","339","Miscellaneous Manufacturing","3390 - 3399",2025,"NAICS_2022"
"BD - BF","371","Iron, Steel, and Ferroalloys","3311, 3312",2025,"NAICS_2022"
"BG - BI","374","Computer and Peripheral Equipment","3341",2025,"NAICS_2022"
"BJ - BL","375","Basic Chemicals, Resins, and Synthetics","3251, 3252",2025,"NAICS_2022"
"BM - BO","376","Motor Vehicles and Parts","3361 - 3363",2025,"NAICS_2022"
"BP - BR","381","Nonferrous Metals","3313, 3314",2025,"NAICS_2022"
"BS - BU","384","Communications Equipment","3342",2025,"NAICS_2022"
"BV - BX","385","Pharmaceuticals and Medicines","3254",2025,"NAICS_2022"
"BY - CA","386","Aerospace Products and Parts","3364",2025,"NAICS_2022"
"CB","421","Wholesale Trade, Durable Goods","4230 - 4239",2025,"NAICS_2022"
"CC","422","Wholesale Trade, Nondurable Goods","4240 - 4259",2025,"NAICS_2022"
"CD","445","Food and Beverage Stores","4450 - 4459",2025,"NAICS_2022"
"CE","458","General Merchandise and Clothing Stores","4550 - 4559, 4580 - 4589",2025,"NAICS_2022"
"CF","450","All Other Retail Trade","4410 - 4419, 4440 - 4449,",2025,"NAICS_2022"
"CG","512","Motion Picture and Sound Recording","5121 - 5129",2025,"NAICS_2022"
"CH","513","Publishing Industries","5131 - 5139",2025,"NAICS_2022"
"CI","516","Broadcasting and Content Providers","5161 - 5169",2025,"NAICS_2022"
"CJ","517","Telecommunications","5171 - 5172, 5174, 5179",2025,"NAICS_2022"
"CK","519","All Other Information","5182, 5191",2025,"NAICS_2022"
"CL","545","Computer Systems Design and Related Services","5415",2025,"NAICS_2022"
"CM","546","Management and Technical Consulting Services","5416",2025,"NAICS_2022"
"CN","547","Scientific Research and Development Services","5417",2025,"NAICS_2022"
"CO","549","All Other Professional and Technical Services (except Legal Services)","5412 - 5414, 5418 - 5419",2025,"NAICS_2022"
"CP - CR","CHEM(325,375,385)","Chemicals","3250 - 3259",2025,"NAICS_2022"
"CS - CU","COMP(334,374,384)","Computer and Electronic Products","3340 - 3349",2025,"NAICS_2022"
"CV - CX","PRIM(331,371,381)","Primary Metals","3310 - 3319",2025,"NAICS_2022"
"CY - DI","TDUR(321,327,331-335,337,339,","All Durable Manufacturing","3210 - 3219, 3270 - 3399",2025,"NAICS_2022"
NA,"371,374,376,381,384,386)",NA,NA,2025,"NAICS_2022"
"DJ","TINF(512-513,516-517,519)","All Information","5111 - 5112, 5121 - 5122, 5151 - 5152,",2025,"NAICS_2022"
"DK - DU","TMFG(311-386)","All Manufacturing","3110 - 3399",2025,"NAICS_2022"
"DV","TMIN","All Mining","2110 - 2139",2025,"NAICS_2022"
"DW - EG","TNDU(311-313,315,","All Nondurable Manufacturing","3110 - 3169, 3220 - 3269",2025,"NAICS_2022"
NA,"322-326,375,385)",NA,NA,2025,"NAICS_2022"
"EH","TPTS(545-547,549)","All Professional and Technical Services (except Legal Services)","5412 - 5419",2025,"NAICS_2022"
"EI - EK","TRAN(376,386)","Transportation Equipment","3360 - 3369",2025,"NAICS_2022"
"n/a","n/a","(residual included in Transportation Equipment)","3360, 3365 - 3369",2025,"NAICS_2022"
"EL","TRET(445,450,458)","All Retail Trade","4410 - 4549",2025,"NAICS_2022"
"EM","TWHS(421,422)","All Wholesale Trade","4230 - 4259",2025,"NAICS_2022"
